// SPDX-License-Identifier: BSD-3-Clause
// Auto-generated by train_wov_tflm.py — do not edit.

#include "sof_tflm_quantized_model_data.h"

alignas(8) const unsigned char g_sof_tflm_quantized_model_data[] = {
    0x1c, 0x00, 0x00, 0x00, 0x54, 0x46, 0x4c, 0x33, 0x14, 0x00, 0x20, 0x00,
    0x1c, 0x00, 0x18, 0x00, 0x14, 0x00, 0x10, 0x00, 0x0c, 0x00, 0x00, 0x00,
    0x08, 0x00, 0x04, 0x00, 0x14, 0x00, 0x00, 0x00, 0x1c, 0x00, 0x00, 0x00,
    0x84, 0x00, 0x00, 0x00, 0xdc, 0x00, 0x00, 0x00, 0xbc, 0x33, 0x00, 0x00,
    0xcc, 0x33, 0x00, 0x00, 0x4c, 0x3e, 0x00, 0x00, 0x03, 0x00, 0x00, 0x00,
    0x01, 0x00, 0x00, 0x00, 0x04, 0x00, 0x00, 0x00, 0x76, 0xcb, 0xff, 0xff,
    0x0c, 0x00, 0x00, 0x00, 0x1c, 0x00, 0x00, 0x00, 0x3c, 0x00, 0x00, 0x00,
    0x0f, 0x00, 0x00, 0x00, 0x73, 0x65, 0x72, 0x76, 0x69, 0x6e, 0x67, 0x5f,
    0x64, 0x65, 0x66, 0x61, 0x75, 0x6c, 0x74, 0x00, 0x01, 0x00, 0x00, 0x00,
    0x04, 0x00, 0x00, 0x00, 0x98, 0xff, 0xff, 0xff, 0x0e, 0x00, 0x00, 0x00,
    0x04, 0x00, 0x00, 0x00, 0x08, 0x00, 0x00, 0x00, 0x6f, 0x75, 0x74, 0x70,
    0x75, 0x74, 0x5f, 0x30, 0x00, 0x00, 0x00, 0x00, 0x01, 0x00, 0x00, 0x00,
    0x04, 0x00, 0x00, 0x00, 0x7e, 0xcb, 0xff, 0xff, 0x04, 0x00, 0x00, 0x00,
    0x05, 0x00, 0x00, 0x00, 0x6d, 0x65, 0x6c, 0x34, 0x30, 0x00, 0x00, 0x00,
    0x02, 0x00, 0x00, 0x00, 0x34, 0x00, 0x00, 0x00, 0x04, 0x00, 0x00, 0x00,
    0xdc, 0xff, 0xff, 0xff, 0x11, 0x00, 0x00, 0x00, 0x04, 0x00, 0x00, 0x00,
    0x13, 0x00, 0x00, 0x00, 0x43, 0x4f, 0x4e, 0x56, 0x45, 0x52, 0x53, 0x49,
    0x4f, 0x4e, 0x5f, 0x4d, 0x45, 0x54, 0x41, 0x44, 0x41, 0x54, 0x41, 0x00,
    0x08, 0x00, 0x0c, 0x00, 0x08, 0x00, 0x04, 0x00, 0x08, 0x00, 0x00, 0x00,
    0x10, 0x00, 0x00, 0x00, 0x04, 0x00, 0x00, 0x00, 0x13, 0x00, 0x00, 0x00,
    0x6d, 0x69, 0x6e, 0x5f, 0x72, 0x75, 0x6e, 0x74, 0x69, 0x6d, 0x65, 0x5f,
    0x76, 0x65, 0x72, 0x73, 0x69, 0x6f, 0x6e, 0x00, 0x12, 0x00, 0x00, 0x00,
    0xdc, 0x32, 0x00, 0x00, 0xd4, 0x32, 0x00, 0x00, 0xc0, 0x32, 0x00, 0x00,
    0xac, 0x32, 0x00, 0x00, 0x98, 0x32, 0x00, 0x00, 0x7c, 0x32, 0x00, 0x00,
    0x8c, 0x03, 0x00, 0x00, 0x5c, 0x03, 0x00, 0x00, 0xcc, 0x00, 0x00, 0x00,
    0xc4, 0x00, 0x00, 0x00, 0xbc, 0x00, 0x00, 0x00, 0xb4, 0x00, 0x00, 0x00,
    0xac, 0x00, 0x00, 0x00, 0xa4, 0x00, 0x00, 0x00, 0x9c, 0x00, 0x00, 0x00,
    0x94, 0x00, 0x00, 0x00, 0x74, 0x00, 0x00, 0x00, 0x04, 0x00, 0x00, 0x00,
    0x3a, 0xcc, 0xff, 0xff, 0x04, 0x00, 0x00, 0x00, 0x60, 0x00, 0x00, 0x00,
    0x0c, 0x00, 0x00, 0x00, 0x08, 0x00, 0x0e, 0x00, 0x08, 0x00, 0x04, 0x00,
    0x08, 0x00, 0x00, 0x00, 0x10, 0x00, 0x00, 0x00, 0x28, 0x00, 0x00, 0x00,
    0x00, 0x00, 0x06, 0x00, 0x08, 0x00, 0x04, 0x00, 0x06, 0x00, 0x00, 0x00,
    0x04, 0x00, 0x00, 0x00, 0x01, 0x00, 0x00, 0x00, 0xeb, 0x03, 0x00, 0x00,
    0x0c, 0x00, 0x18, 0x00, 0x14, 0x00, 0x10, 0x00, 0x0c, 0x00, 0x04, 0x00,
    0x0c, 0x00, 0x00, 0x00, 0x29, 0x85, 0xdf, 0xf2, 0xae, 0xc5, 0x2b, 0x97,
    0x02, 0x00, 0x00, 0x00, 0x02, 0x00, 0x00, 0x00, 0x04, 0x00, 0x00, 0x00,
    0x06, 0x00, 0x00, 0x00, 0x32, 0x2e, 0x32, 0x31, 0x2e, 0x30, 0x00, 0x00,
    0xa6, 0xcc, 0xff, 0xff, 0x04, 0x00, 0x00, 0x00, 0x10, 0x00, 0x00, 0x00,
    0x31, 0x2e, 0x31, 0x34, 0x2e, 0x30, 0x00, 0x00, 0x00, 0x00, 0x00, 0x00,
    0x00, 0x00, 0x00, 0x00, 0x40, 0xc4, 0xff, 0xff, 0x44, 0xc4, 0xff, 0xff,
    0x48, 0xc4, 0xff, 0xff, 0x4c, 0xc4, 0xff, 0xff, 0x50, 0xc4, 0xff, 0xff,
    0x54, 0xc4, 0xff, 0xff, 0x58, 0xc4, 0xff, 0xff, 0xde, 0xcc, 0xff, 0xff,
    0x04, 0x00, 0x00, 0x00, 0x80, 0x02, 0x00, 0x00, 0x22, 0x53, 0x6e, 0x19,
    0xf7, 0xd8, 0x1f, 0xb4, 0x57, 0x05, 0x25, 0xc2, 0xf2, 0xd8, 0xf1, 0x95,
    0x16, 0x17, 0x74, 0xe4, 0x04, 0xf7, 0x29, 0x1e, 0x3e, 0xcd, 0x67, 0xc2,
    0xa9, 0xfb, 0xc0, 0x0d, 0x21, 0x81, 0x93, 0xe3, 0xec, 0x46, 0x32, 0x46,
    0x2a, 0xfd, 0xe2, 0x53, 0x08, 0x19, 0x1c, 0x49, 0x2b, 0x41, 0xeb, 0x6e,
    0x24, 0x0b, 0x12, 0x33, 0xe3, 0x44, 0x97, 0x25, 0x34, 0x38, 0xf6, 0x1a,
    0x39, 0xf5, 0x25, 0x29, 0x28, 0x40, 0x07, 0x06, 0x60, 0x37, 0x1a, 0xad,
    0xc3, 0xfc, 0xd7, 0xf1, 0x08, 0xe3, 0x39, 0xdb, 0x3e, 0x17, 0x18, 0xa9,
    0x2a, 0xb8, 0x52, 0xf9, 0xce, 0x4e, 0xed, 0xe2, 0x18, 0x8f, 0xc4, 0xec,
    0xe9, 0x61, 0xca, 0x18, 0xda, 0xd9, 0x0d, 0x11, 0x0a, 0x1e, 0xd2, 0x10,
    0x0b, 0x38, 0x0c, 0x7f, 0xe9, 0x3e, 0x11, 0x41, 0x04, 0x0b, 0xad, 0x34,
    0x4f, 0x4e, 0x29, 0xc9, 0x64, 0x2b, 0x08, 0x42, 0x15, 0xbb, 0xc5, 0x07,
    0x2c, 0x33, 0x03, 0xf7, 0xc4, 0xf4, 0xa8, 0xd2, 0x0a, 0xdc, 0x21, 0x07,
    0x0f, 0xdf, 0xc5, 0x13, 0x3a, 0xe9, 0x88, 0xba, 0xb1, 0x3b, 0xef, 0x12,
    0x50, 0xc3, 0x77, 0xb5, 0xdf, 0xe4, 0xf8, 0x24, 0x2b, 0xea, 0x58, 0x0c,
    0xef, 0x3c, 0x21, 0x33, 0xf7, 0x14, 0x28, 0x2c, 0x0a, 0x26, 0xfa, 0x03,
    0xbf, 0x1a, 0x32, 0x68, 0x48, 0x4c, 0x20, 0xc7, 0x46, 0x41, 0x7c, 0x63,
    0xef, 0x25, 0x16, 0x2b, 0x2f, 0x26, 0xe8, 0x2d, 0xcc, 0x81, 0x10, 0xe0,
    0x16, 0x12, 0x5f, 0xc6, 0x1c, 0xbf, 0xce, 0xdd, 0xf4, 0xe7, 0x29, 0x91,
    0xb0, 0xfb, 0x0e, 0xcb, 0x44, 0xc8, 0x5e, 0xa5, 0xf0, 0x3e, 0xc3, 0x4b,
    0x14, 0x16, 0xd1, 0xe7, 0xfe, 0xe5, 0xdd, 0x43, 0x20, 0xcc, 0x64, 0x45,
    0x16, 0xd5, 0x19, 0xba, 0xec, 0x1a, 0x6f, 0x43, 0x07, 0xf4, 0x0b, 0x9f,
    0x42, 0x4d, 0xfa, 0xfc, 0xe9, 0xc2, 0xfc, 0xcf, 0x64, 0x4e, 0x09, 0xda,
    0x9f, 0xa2, 0x8e, 0x9b, 0x56, 0x44, 0x45, 0x3e, 0xd8, 0x06, 0xe4, 0xf0,
    0x1d, 0xb4, 0x57, 0xad, 0x81, 0x3d, 0x81, 0xdd, 0xf8, 0x93, 0x2f, 0xbf,
    0xf9, 0x22, 0xa7, 0xf2, 0x0c, 0xac, 0xe3, 0xbb, 0xe2, 0xe8, 0x9d, 0x50,
    0xfd, 0xab, 0x6a, 0x53, 0xd3, 0xed, 0xeb, 0xf4, 0xdd, 0xef, 0xf2, 0x11,
    0x0c, 0x6d, 0xc5, 0xa2, 0x54, 0x19, 0x76, 0xcc, 0x1a, 0xd6, 0xc4, 0xf2,
    0x37, 0x22, 0xb9, 0xb6, 0x9d, 0xac, 0xb3, 0xd1, 0x08, 0x2f, 0x0a, 0x22,
    0xce, 0xe4, 0xc6, 0x22, 0xf9, 0x13, 0x5c, 0x82, 0xd0, 0x1b, 0xb1, 0xb4,
    0x31, 0xa6, 0xf7, 0xa6, 0xef, 0x41, 0x9e, 0x0d, 0xb7, 0xc0, 0x03, 0x30,
    0xd1, 0x16, 0xc4, 0x36, 0xde, 0xf5, 0x47, 0xf6, 0xd0, 0xef, 0x21, 0x12,
    0xe0, 0x16, 0x1e, 0xfd, 0x38, 0x64, 0xbe, 0x81, 0x35, 0x15, 0x2c, 0x0b,
    0x04, 0xd3, 0x1a, 0x1f, 0x1c, 0x2e, 0x0d, 0xc2, 0x93, 0xa3, 0xe7, 0x1c,
    0xfa, 0x0c, 0xe0, 0xd5, 0x3d, 0x8b, 0x4a, 0x4c, 0xd8, 0xb3, 0xfb, 0xeb,
    0xdc, 0x23, 0xfc, 0x28, 0x18, 0x97, 0x5e, 0xcc, 0xf0, 0x00, 0x2d, 0x73,
    0xe2, 0x1e, 0x86, 0xfd, 0x03, 0xef, 0x44, 0x07, 0xbf, 0xc6, 0x1e, 0x36,
    0x0c, 0xc5, 0x25, 0xeb, 0xf6, 0x01, 0x69, 0xdb, 0x23, 0x0f, 0xf0, 0x9d,
    0xd8, 0x20, 0xed, 0xfc, 0x11, 0xce, 0x54, 0x24, 0x34, 0x1a, 0x01, 0x47,
    0xad, 0xcd, 0xd9, 0xfc, 0xdb, 0x10, 0x00, 0xf6, 0x0d, 0xad, 0xee, 0x16,
    0xf2, 0xd3, 0xf6, 0xb6, 0xbd, 0xd6, 0xfa, 0x07, 0xd3, 0x8f, 0x77, 0x24,
    0x22, 0x51, 0x18, 0x1a, 0xa8, 0xf6, 0x15, 0xb8, 0x19, 0x48, 0xdd, 0x3b,
    0x8c, 0xf1, 0x4c, 0xf3, 0xea, 0xde, 0xd8, 0x43, 0xf8, 0xe3, 0x5e, 0xdc,
    0x4e, 0xdd, 0xfb, 0xa6, 0x0c, 0x3b, 0x49, 0x44, 0x23, 0x2d, 0x09, 0xe0,
    0xd6, 0x36, 0x51, 0xc8, 0xd2, 0xe5, 0x0f, 0x09, 0x02, 0x29, 0xbc, 0xd4,
    0x5a, 0x9c, 0x47, 0xd5, 0xf0, 0x1d, 0x35, 0x98, 0xe6, 0xf4, 0xfc, 0x19,
    0x9e, 0xc5, 0x2c, 0xf7, 0x1d, 0x38, 0x28, 0x4f, 0xa9, 0xd2, 0x20, 0x0b,
    0xec, 0x2c, 0xf9, 0x65, 0x9d, 0x1c, 0xbd, 0xce, 0xf9, 0xd4, 0x5f, 0x0a,
    0x8e, 0xfc, 0x1f, 0x64, 0x3d, 0x53, 0x26, 0xbd, 0xfd, 0x16, 0x40, 0x0c,
    0x4b, 0xac, 0x1d, 0x17, 0xe6, 0x35, 0x83, 0xd3, 0xc5, 0x95, 0x07, 0x38,
    0xe4, 0x3c, 0x25, 0x08, 0x47, 0xa2, 0x12, 0x24, 0xbd, 0xd1, 0xf8, 0xb7,
    0xfa, 0xdb, 0xd4, 0xc7, 0xac, 0x99, 0xd9, 0xc6, 0x07, 0xed, 0x4a, 0x5a,
    0xc5, 0xf6, 0x1c, 0x1d, 0x37, 0x43, 0x3d, 0x16, 0x81, 0x27, 0x1e, 0xe3,
    0x14, 0x30, 0xf7, 0x44, 0x8f, 0xf9, 0x7f, 0x5c, 0x1e, 0x32, 0x4a, 0xca,
    0x6a, 0xcf, 0xff, 0xff, 0x04, 0x00, 0x00, 0x00, 0x20, 0x00, 0x00, 0x00,
    0x90, 0xd0, 0xff, 0xff, 0xd3, 0x93, 0xff, 0xff, 0x8d, 0xf9, 0xff, 0xff,
    0xe0, 0x4d, 0xff, 0xff, 0x2a, 0x83, 0xff, 0xff, 0x30, 0x79, 0x00, 0x00,
    0xda, 0x46, 0xff, 0xff, 0x75, 0x79, 0x00, 0x00, 0x96, 0xcf, 0xff, 0xff,
    0x04, 0x00, 0x00, 0x00, 0xe0, 0x2e, 0x00, 0x00, 0x05, 0x04, 0x00, 0x16,
    0xef, 0x7f, 0x05, 0x17, 0x01, 0xf3, 0x01, 0xff, 0x19, 0x19, 0x02, 0x0d,
    0x03, 0xfd, 0xfa, 0x07, 0xfb, 0x07, 0xf4, 0xd0, 0x09, 0xf7, 0x04, 0x00,
    0xf2, 0x03, 0xf4, 0xf7, 0x07, 0xf0, 0x01, 0xf7, 0xeb, 0x01, 0xf3, 0x02,
    0x07, 0xf2, 0x03, 0xfb, 0xed, 0x01, 0xf1, 0x0d, 0x01, 0xfb, 0x01, 0xfb,
    0xf3, 0xff, 0xf2, 0xfd, 0x01, 0xf9, 0xfe, 0xfc, 0xeb, 0xfe, 0xed, 0x03,
    0x03, 0xf9, 0x05, 0xfd, 0xf1, 0x02, 0xee, 0x00, 0x05, 0x02, 0x06, 0xf9,
    0xe9, 0xfe, 0xea, 0xf8, 0x0c, 0x01, 0xfa, 0xf6, 0xe6, 0x04, 0xee, 0xf2,
    0x0d, 0xf4, 0x06, 0xf8, 0xe9, 0x04, 0xee, 0x04, 0x09, 0xfe, 0x06, 0xfa,
    0xea, 0x05, 0xf0, 0xe9, 0x07, 0xf3, 0xfd, 0xfe, 0xf4, 0x08, 0xfa, 0xdb,
    0x05, 0xe1, 0xfc, 0x01, 0xf2, 0x04, 0xf3, 0xf7, 0xff, 0xf2, 0x03, 0xfc,
    0xec, 0x08, 0xf2, 0x04, 0x03, 0xf1, 0x00, 0xf3, 0xec, 0xff, 0xf6, 0x03,
    0x00, 0xf7, 0xfb, 0xf6, 0xe8, 0xfa, 0xee, 0xea, 0xfa, 0xd9, 0x02, 0xfd,
    0xee, 0xfc, 0xec, 0x04, 0xf7, 0xed, 0x03, 0xf4, 0xe1, 0xf6, 0xeb, 0x22,
    0x07, 0x06, 0x05, 0x1a, 0xbd, 0x0a, 0xb1, 0x06, 0x0b, 0xf6, 0x00, 0x00,
    0x0c, 0x07, 0xfc, 0x0d, 0x12, 0xfc, 0xfb, 0x01, 0xfa, 0x0a, 0xf4, 0xce,
    0x11, 0x06, 0x03, 0x07, 0xfc, 0x07, 0xf8, 0xec, 0x0f, 0xef, 0xff, 0x05,
    0xf9, 0x07, 0xfb, 0xe4, 0x09, 0xf5, 0x06, 0xff, 0xf5, 0xff, 0xf4, 0xfb,
    0x09, 0xf2, 0x05, 0xf6, 0xf5, 0xfd, 0xf3, 0xf5, 0x12, 0xfc, 0xfa, 0xf8,
    0xf4, 0x02, 0xf1, 0xf5, 0x10, 0xfe, 0x02, 0xfc, 0xf3, 0xfe, 0xf5, 0x01,
    0x0f, 0x09, 0xfd, 0xfb, 0xf3, 0xf8, 0xf4, 0xfa, 0x13, 0x05, 0xfb, 0x01,
    0xf5, 0x00, 0xf6, 0xf2, 0x15, 0xfa, 0x02, 0x01, 0xf0, 0xff, 0xfa, 0xf0,
    0x0d, 0x07, 0x05, 0x05, 0xf5, 0x04, 0xf8, 0xde, 0x05, 0xfd, 0xfe, 0x09,
    0xfc, 0x06, 0xf8, 0xe7, 0x05, 0xe9, 0xfe, 0x05, 0xfa, 0x06, 0xfd, 0xeb,
    0x03, 0xef, 0x03, 0xfb, 0xf0, 0x02, 0xf1, 0xfc, 0x04, 0xef, 0xfc, 0xff,
    0xf1, 0xfc, 0xee, 0xfd, 0x05, 0xf7, 0xfe, 0xfc, 0xec, 0xfc, 0xe8, 0xe5,
    0xd5, 0xda, 0x03, 0xfb, 0xf8, 0xf7, 0xe7, 0xf7, 0xfb, 0xcb, 0x02, 0xf5,
    0xf5, 0x01, 0xe7, 0x22, 0x11, 0x0a, 0xfa, 0xfa, 0xbd, 0x03, 0x00, 0x0a,
    0x08, 0xfe, 0x03, 0x09, 0x0b, 0x08, 0x11, 0x2f, 0x12, 0xfc, 0xfd, 0x0e,
    0x0b, 0x19, 0x09, 0xe6, 0x0b, 0x05, 0x01, 0x10, 0x00, 0x19, 0xff, 0x01,
    0xdf, 0xf5, 0x04, 0x08, 0xfe, 0x1e, 0x00, 0xf7, 0xf1, 0xed, 0x06, 0x03,
    0xfe, 0x16, 0xf7, 0xf8, 0x15, 0xf8, 0xfe, 0xf6, 0xf7, 0x06, 0xf7, 0xfc,
    0x1c, 0xfc, 0xff, 0x02, 0xf7, 0x03, 0xf9, 0x02, 0x0f, 0xfa, 0x00, 0xfd,
    0xf8, 0x04, 0xfc, 0xfd, 0x0c, 0xff, 0xfc, 0x03, 0xf4, 0x01, 0xf5, 0xff,
    0x16, 0xfd, 0x00, 0xfd, 0x01, 0x03, 0xf6, 0x03, 0x1b, 0xfc, 0xfe, 0xfb,
    0x01, 0x07, 0x00, 0xfb, 0x03, 0x04, 0x04, 0x03, 0xfe, 0x06, 0xfe, 0xe8,
    0xf4, 0x04, 0xfa, 0x0b, 0x02, 0x16, 0xfb, 0xf4, 0xdb, 0xf9, 0xff, 0x00,
    0xfb, 0x10, 0x00, 0xfa, 0xe0, 0xf7, 0xfa, 0xff, 0xf5, 0x13, 0x01, 0xfe,
    0xf3, 0xee, 0x06, 0xf9, 0xf5, 0x0a, 0xf7, 0xfd, 0xff, 0xf6, 0x05, 0xfb,
    0xef, 0x05, 0xfa, 0xf4, 0xda, 0xf5, 0x05, 0xff, 0xfc, 0x03, 0xf3, 0x06,
    0x00, 0xc5, 0xfd, 0xfa, 0xff, 0x02, 0xf0, 0x0f, 0x17, 0x04, 0x03, 0xf3,
    0xa7, 0x01, 0xf4, 0x0a, 0x0e, 0x05, 0x00, 0x0f, 0x0c, 0xfa, 0x16, 0x2f,
    0x0b, 0x0d, 0x02, 0x03, 0x0f, 0x11, 0xfe, 0xea, 0xf2, 0x05, 0x06, 0x14,
    0x10, 0x16, 0x0a, 0xfb, 0xc8, 0xf4, 0x03, 0x01, 0x0c, 0x1d, 0x06, 0x06,
    0xd4, 0xf7, 0x03, 0xfa, 0x04, 0x13, 0x02, 0x03, 0xfa, 0xf2, 0x02, 0xfb,
    0xfa, 0x0d, 0x01, 0xff, 0x05, 0xfb, 0x04, 0xfc, 0xf6, 0x09, 0xf8, 0x03,
    0xfd, 0x03, 0x04, 0x04, 0xfc, 0xfe, 0xfa, 0xfb, 0xfa, 0xff, 0xfa, 0xff,
    0xf3, 0xfc, 0x01, 0x00, 0xfa, 0x08, 0xff, 0x00, 0xfa, 0x00, 0x01, 0xff,
    0xfd, 0xff, 0x02, 0x01, 0xfb, 0x03, 0x00, 0xfb, 0xe3, 0x05, 0x02, 0xfe,
    0x09, 0x02, 0xfc, 0xfc, 0xd3, 0x03, 0x01, 0x03, 0x08, 0x08, 0xfb, 0x02,
    0xbd, 0xfb, 0xfb, 0x07, 0x0b, 0x0f, 0x02, 0x0a, 0xcd, 0xf7, 0xff, 0xfb,
    0xfb, 0x06, 0xf7, 0x09, 0xd5, 0xfb, 0x03, 0xfb, 0xf5, 0x0b, 0xf9, 0x05,
    0xe6, 0x01, 0x06, 0xfa, 0xf8, 0x06, 0xfd, 0xfc, 0xda, 0xf7, 0xfb, 0xff,
    0x02, 0x03, 0x00, 0x06, 0xfb, 0xb7, 0xfd, 0xfe, 0xfa, 0xfe, 0xf5, 0x0d,
    0x11, 0x05, 0xfb, 0xf3, 0x9c, 0xfa, 0xf4, 0x0c, 0x0a, 0x08, 0xff, 0x04,
    0x0d, 0xea, 0x11, 0x1f, 0xf9, 0x10, 0xfa, 0x10, 0x0d, 0x14, 0x0b, 0xee,
    0xe6, 0x07, 0x02, 0x0d, 0x1b, 0x0c, 0x0b, 0xfe, 0xb3, 0xfe, 0x06, 0x0a,
    0x0f, 0x1d, 0x0f, 0x07, 0xca, 0xf9, 0x01, 0x02, 0x03, 0x10, 0x04, 0x16,
    0xec, 0xfd, 0xfc, 0xfd, 0x01, 0x05, 0xf7, 0x0b, 0xf8, 0x07, 0x06, 0x01,
    0x00, 0xf9, 0xff, 0x06, 0xfb, 0x00, 0x03, 0xfd, 0xfd, 0xfa, 0x04, 0xff,
    0xf0, 0xff, 0xfc, 0xf9, 0xff, 0xf7, 0xfd, 0x02, 0xee, 0x04, 0xfe, 0x03,
    0xfb, 0xfb, 0x02, 0x08, 0xf0, 0x07, 0xfe, 0xfe, 0xfb, 0xfb, 0xff, 0x04,
    0xe3, 0x0b, 0x00, 0x06, 0x03, 0xf3, 0x04, 0xf7, 0xd2, 0x00, 0x03, 0xff,
    0x0b, 0xfe, 0x06, 0x08, 0xbc, 0xff, 0xff, 0xfd, 0x00, 0x07, 0x06, 0x0e,
    0xbf, 0xf6, 0x04, 0xfb, 0x01, 0x01, 0xff, 0x0a, 0xc9, 0xfb, 0x00, 0xf9,
    0x01, 0x04, 0x04, 0x0c, 0xd6, 0xfa, 0xfb, 0xfa, 0xfb, 0xfe, 0xfd, 0xf8,
    0xcb, 0xfd, 0xff, 0xfe, 0xfb, 0xfe, 0xfe, 0x07, 0xfb, 0xc5, 0x03, 0xfc,
    0xff, 0x02, 0xf8, 0x10, 0x0f, 0x0a, 0x02, 0xf4, 0xac, 0x03, 0xf4, 0xf6,
    0x04, 0x0e, 0xfa, 0x06, 0x0a, 0xea, 0x13, 0x15, 0xf6, 0x0f, 0xfd, 0x07,
    0x0d, 0x08, 0x0f, 0xf5, 0xe2, 0x09, 0x03, 0x17, 0x16, 0x12, 0x05, 0xf5,
    0xb8, 0xf7, 0x01, 0x0a, 0x0d, 0x1a, 0x0b, 0x09, 0xcf, 0xf5, 0x04, 0x00,
    0x01, 0x15, 0x04, 0x07, 0xef, 0xfb, 0xfe, 0xfc, 0x00, 0x09, 0xff, 0x04,
    0xed, 0xff, 0xfa, 0xfd, 0xf8, 0xfe, 0x06, 0x06, 0x09, 0xfd, 0xfa, 0xff,
    0xf9, 0x01, 0xf8, 0x02, 0xfb, 0xfd, 0x04, 0xf8, 0xfc, 0xfd, 0xfb, 0xfb,
    0x04, 0xff, 0xfa, 0xf9, 0xf7, 0x05, 0xf9, 0xfb, 0x02, 0xfa, 0xfa, 0xf5,
    0xf8, 0x00, 0xfc, 0x01, 0xdc, 0x07, 0xfa, 0xfe, 0xff, 0xf4, 0x00, 0xfc,
    0xdb, 0xfa, 0xfa, 0xfd, 0x05, 0x07, 0x04, 0x02, 0xc4, 0xf8, 0xfc, 0xfc,
    0x05, 0x06, 0xfe, 0x11, 0xcd, 0xf8, 0xfa, 0xfc, 0x01, 0xff, 0xfc, 0x03,
    0xd6, 0xf7, 0x00, 0xf6, 0x00, 0x01, 0xfa, 0x0d, 0xd7, 0xf5, 0xfb, 0xfb,
    0xfc, 0xfd, 0x01, 0xfb, 0xb1, 0xf6, 0x00, 0xfc, 0xfe, 0x03, 0x00, 0x08,
    0xfb, 0xc8, 0xff, 0xfb, 0xfa, 0x06, 0xf9, 0x19, 0x12, 0x09, 0x03, 0xea,
    0xa7, 0xfd, 0xff, 0xee, 0x09, 0x0c, 0x00, 0x06, 0x0b, 0xea, 0x10, 0x15,
    0xf9, 0x10, 0xfa, 0x08, 0x08, 0x0d, 0x0f, 0xf3, 0xd9, 0x0e, 0x06, 0x11,
    0x18, 0x15, 0x0b, 0xf3, 0xb5, 0xfb, 0x02, 0x0b, 0x05, 0x17, 0x08, 0x0d,
    0xc0, 0xf2, 0x04, 0xfa, 0x05, 0x0e, 0x05, 0xfd, 0xdf, 0xfd, 0xfb, 0xf7,
    0xf6, 0x05, 0xf3, 0x05, 0xed, 0xfe, 0xfa, 0xfd, 0xfe, 0x05, 0xfd, 0x02,
    0xf6, 0x00, 0x03, 0xfe, 0xfb, 0x04, 0xfc, 0xfc, 0xf6, 0x05, 0xfd, 0x00,
    0x01, 0xfa, 0xf6, 0xfd, 0x01, 0x00, 0x00, 0x05, 0xf9, 0x05, 0xfb, 0x04,
    0xf8, 0xff, 0x04, 0xfe, 0xf6, 0x00, 0xf7, 0xfa, 0xf0, 0xff, 0xfc, 0xff,
    0x00, 0xfd, 0x00, 0xef, 0xe4, 0xfb, 0x02, 0x05, 0xfe, 0x02, 0xf7, 0x01,
    0xc7, 0xf9, 0x00, 0xff, 0x00, 0x00, 0xff, 0x08, 0xd1, 0xf3, 0xfc, 0xfb,
    0x01, 0xfe, 0xff, 0xfc, 0xcd, 0xf8, 0xfe, 0xfd, 0xfe, 0xfd, 0xfe, 0x09,
    0xd5, 0xf5, 0x06, 0xfe, 0xfb, 0xfd, 0xfc, 0xfe, 0xb5, 0xf6, 0x01, 0xff,
    0xfa, 0xfd, 0xf4, 0x01, 0x01, 0xbc, 0x05, 0xf8, 0xfb, 0xf7, 0xf8, 0x15,
    0x12, 0x07, 0x04, 0xf1, 0xa7, 0xfd, 0x02, 0xf1, 0x04, 0x07, 0x00, 0x07,
    0x11, 0xf6, 0x16, 0x1f, 0xe6, 0x08, 0x03, 0x02, 0x0c, 0x09, 0x0e, 0xf8,
    0xd1, 0x0d, 0x05, 0x0f, 0x19, 0x18, 0x0c, 0x04, 0xb0, 0xfd, 0xfd, 0x0c,
    0x0e, 0x15, 0x04, 0x01, 0xbd, 0xfe, 0x05, 0xfd, 0x03, 0x15, 0xff, 0x0d,
    0xe1, 0xf7, 0xfb, 0xf7, 0x01, 0x01, 0xfc, 0x03, 0xec, 0xfc, 0xff, 0xf7,
    0xf3, 0x03, 0xf8, 0x07, 0xf5, 0x04, 0x01, 0xfd, 0xfc, 0xfc, 0xf9, 0x02,
    0xf2, 0x09, 0xfc, 0xfc, 0xfc, 0xf7, 0xf8, 0xfb, 0xf6, 0x05, 0x00, 0xff,
    0x01, 0xfe, 0xfd, 0x00, 0xf0, 0xfc, 0x02, 0xfc, 0xfc, 0x03, 0x02, 0xfa,
    0xe5, 0x09, 0x00, 0x00, 0x01, 0xf7, 0xfb, 0xf2, 0xd8, 0xf9, 0x04, 0x01,
    0xff, 0x03, 0xfd, 0x01, 0xc4, 0xfa, 0xfa, 0xff, 0xff, 0x0f, 0xf8, 0xff,
    0xca, 0xfc, 0xfb, 0xff, 0x00, 0x05, 0xfe, 0x06, 0xcd, 0xf1, 0xfc, 0xfc,
    0xf7, 0x07, 0xfc, 0x01, 0xd1, 0xf6, 0xfb, 0xfd, 0xfa, 0xfd, 0xfb, 0xfd,
    0xc7, 0xf2, 0x06, 0xf8, 0xfe, 0xfe, 0xf9, 0x07, 0x05, 0xca, 0x05, 0xf9,
    0xfc, 0xfc, 0xf4, 0x16, 0x06, 0x08, 0x06, 0xed, 0xa2, 0x02, 0xf5, 0xe9,
    0x04, 0x07, 0x06, 0x0f, 0x13, 0xf0, 0x0f, 0x16, 0xe8, 0x08, 0xfa, 0x0c,
    0x11, 0x0d, 0x08, 0xf2, 0xdf, 0x08, 0x05, 0x0e, 0x17, 0x11, 0x0d, 0x04,
    0xbb, 0x04, 0xfb, 0x0b, 0x12, 0x11, 0x02, 0x10, 0xcb, 0xf1, 0xfd, 0x03,
    0x08, 0x17, 0xfc, 0x0a, 0xe4, 0x02, 0x03, 0xfa, 0xfb, 0x05, 0xfe, 0x0e,
    0xe2, 0xf8, 0x00, 0x02, 0xfa, 0x00, 0xfd, 0x0b, 0xf5, 0xfc, 0xfb, 0xfe,
    0xfc, 0xf7, 0xfd, 0x06, 0xf5, 0x09, 0x00, 0x01, 0xfa, 0xfb, 0xf8, 0xfd,
    0xf7, 0x00, 0xfb, 0x01, 0xfd, 0xfe, 0xfc, 0x07, 0xf0, 0xfe, 0x03, 0x02,
    0x01, 0x0a, 0x05, 0xfe, 0xe5, 0xfc, 0x05, 0xfe, 0x07, 0x05, 0xf7, 0xf0,
    0xe7, 0xfb, 0x00, 0x03, 0xfd, 0x06, 0xfe, 0xff, 0xd6, 0x00, 0x01, 0xfb,
    0xfd, 0x05, 0xff, 0x04, 0xda, 0xf9, 0x01, 0xfd, 0xf9, 0x04, 0xf9, 0xfd,
    0xd5, 0xf0, 0x00, 0x00, 0xf9, 0xff, 0xf9, 0x08, 0xd8, 0xf5, 0xfd, 0xf8,
    0xfa, 0xff, 0xf4, 0xfd, 0xc3, 0xf9, 0x06, 0xfa, 0xfd, 0xf9, 0xf9, 0xf7,
    0xfb, 0xc0, 0xfd, 0xf7, 0xfa, 0xfa, 0xf1, 0x10, 0x0b, 0x09, 0x03, 0xf3,
    0xae, 0xf9, 0xf9, 0xdf, 0x02, 0x06, 0x05, 0x05, 0x11, 0xef, 0x10, 0x0f,
    0xf1, 0x08, 0xfb, 0x01, 0x10, 0x0e, 0x04, 0xee, 0xd9, 0x0c, 0xfb, 0x0c,
    0x1e, 0x15, 0x01, 0xfb, 0xb8, 0xfb, 0x01, 0x0c, 0x0c, 0x0e, 0x05, 0x02,
    0xc6, 0xf7, 0x02, 0xf8, 0xfe, 0x0b, 0xfe, 0x00, 0xe0, 0xfe, 0x00, 0xf9,
    0xfd, 0x04, 0x00, 0x02, 0xe4, 0x00, 0x01, 0xfa, 0xf6, 0x02, 0xf9, 0x00,
    0xf8, 0xfa, 0x01, 0xfb, 0xf7, 0x01, 0xf8, 0x02, 0xf4, 0x06, 0x04, 0x01,
    0xfc, 0xfd, 0xf9, 0xfa, 0xf7, 0xff, 0xfa, 0x00, 0xf8, 0x0a, 0xfc, 0x04,
    0xee, 0x00, 0xfe, 0xfb, 0x09, 0x07, 0x03, 0xff, 0xe7, 0x00, 0x00, 0xfc,
    0xfb, 0x03, 0xf9, 0xf8, 0xe0, 0xfc, 0x04, 0x00, 0xf9, 0x05, 0x00, 0xf8,
    0xd5, 0xf9, 0x06, 0x00, 0xf5, 0x0a, 0xfb, 0x06, 0xce, 0xfa, 0x00, 0xff,
    0xf7, 0x02, 0xfb, 0xfb, 0xcb, 0xf7, 0x00, 0xfd, 0xfc, 0x03, 0xfa, 0xfa,
    0xda, 0xf8, 0xfd, 0xf6, 0xf9, 0x06, 0xf7, 0xfe, 0xd1, 0xfa, 0x02, 0xfb,
    0xfa, 0xfe, 0xf8, 0x06, 0xfc, 0xba, 0x03, 0xfc, 0xf6, 0xfd, 0xea, 0x09,
    0x0b, 0x0e, 0x06, 0xef, 0xb2, 0xe0, 0x00, 0xe2, 0x01, 0x0c, 0xfa, 0x07,
    0x18, 0xf2, 0x1b, 0x1b, 0xec, 0x07, 0x04, 0x0a, 0x0c, 0x0a, 0x0b, 0x04,
    0xf2, 0x0a, 0xfc, 0x0d, 0x0f, 0x0a, 0x02, 0xff, 0xc3, 0x03, 0xfb, 0x06,
    0x0e, 0x0e, 0x03, 0x09, 0xd5, 0xfa, 0x01, 0x00, 0xfb, 0x0f, 0xfe, 0x08,
    0xe7, 0x02, 0xfe, 0x02, 0xfd, 0x03, 0xfc, 0x07, 0xed, 0x03, 0x03, 0x03,
    0xfb, 0x02, 0xfb, 0x0f, 0xf7, 0xfc, 0x03, 0x00, 0xfa, 0x02, 0xf6, 0x00,
    0xf8, 0x04, 0xfe, 0x01, 0xf7, 0x01, 0xff, 0xfb, 0xf4, 0x05, 0x03, 0x05,
    0x02, 0x07, 0xfe, 0x02, 0xf7, 0xfa, 0xfb, 0xfa, 0xfb, 0x00, 0xfb, 0x02,
    0xe5, 0x01, 0xfb, 0xff, 0x04, 0x04, 0xfa, 0xfc, 0xe2, 0xfc, 0x04, 0x04,
    0x06, 0x00, 0xfb, 0xfe, 0xce, 0xf5, 0x01, 0xfa, 0xfb, 0x05, 0xf7, 0x02,
    0xd7, 0x01, 0xfe, 0xfb, 0xfe, 0x0a, 0xf7, 0xfd, 0xd8, 0xf7, 0xfc, 0x03,
    0xf7, 0x06, 0xfd, 0xfe, 0xe3, 0xf9, 0xfc, 0xfb, 0xfa, 0x03, 0xf8, 0xf3,
    0xd0, 0xf6, 0x00, 0xfd, 0xf8, 0x00, 0xf6, 0xf6, 0xfe, 0xbb, 0xfb, 0xfc,
    0xf3, 0x00, 0xf1, 0x09, 0x0a, 0x0c, 0x00, 0xf2, 0xb7, 0xda, 0xf8, 0xdf,
    0xfc, 0x06, 0x00, 0x08, 0x1a, 0xfc, 0x16, 0x21, 0xec, 0x03, 0x03, 0xff,
    0x0e, 0x0a, 0x03, 0xfd, 0xd9, 0x0a, 0xfd, 0x07, 0x10, 0x0b, 0x0c, 0x02,
    0xc0, 0x02, 0x01, 0x06, 0x0f, 0x11, 0x01, 0x0b, 0xc9, 0xf7, 0x03, 0x01,
    0x05, 0x11, 0x02, 0x0b, 0xe6, 0xfd, 0xfe, 0xfb, 0xfa, 0x0b, 0x05, 0x01,
    0xe8, 0xff, 0x03, 0xfd, 0xf9, 0xfe, 0x07, 0x10, 0xf2, 0x02, 0xfa, 0xff,
    0x00, 0x07, 0xfc, 0xfb, 0xed, 0x04, 0xfc, 0x02, 0x00, 0xf9, 0xf8, 0xf7,
    0xef, 0x02, 0x04, 0x06, 0x08, 0x01, 0xfd, 0x00, 0xe9, 0xfd, 0xfe, 0xfc,
    0xfd, 0xfe, 0x02, 0x05, 0xe1, 0x02, 0xfb, 0xff, 0x05, 0x06, 0x00, 0x02,
    0xe9, 0x06, 0x01, 0xff, 0xff, 0x04, 0xf9, 0xfc, 0xcd, 0xfd, 0xfe, 0xff,
    0xfe, 0x0d, 0xff, 0xf8, 0xd1, 0xfb, 0x05, 0x00, 0xf9, 0x05, 0xf7, 0xf8,
    0xd5, 0xf9, 0xfe, 0xfe, 0xfd, 0x0d, 0xf2, 0x04, 0xdd, 0xff, 0x03, 0xfc,
    0xf7, 0x08, 0xf8, 0xf0, 0xcb, 0xfb, 0x02, 0xfd, 0x03, 0x02, 0xf4, 0xeb,
    0xfe, 0xc8, 0xfd, 0xf6, 0xfa, 0x06, 0xf0, 0x08, 0x07, 0x05, 0x00, 0xf6,
    0xbc, 0xdf, 0x0a, 0xf0, 0xf9, 0x01, 0x06, 0x0a, 0x19, 0xef, 0x12, 0x1d,
    0xdd, 0x08, 0x03, 0x01, 0x04, 0x08, 0x05, 0x05, 0xe3, 0x0c, 0x04, 0x0b,
    0x0f, 0x07, 0x06, 0x03, 0xae, 0xff, 0xff, 0x0a, 0x0e, 0x10, 0x06, 0x0b,
    0xbb, 0xf3, 0x05, 0x01, 0x01, 0x09, 0x02, 0x0f, 0xda, 0xfc, 0xfb, 0x05,
    0xfb, 0x05, 0x06, 0x11, 0xdd, 0x01, 0xfb, 0x03, 0xfb, 0x00, 0x03, 0x0d,
    0xf0, 0xfd, 0x03, 0x02, 0x01, 0x04, 0x04, 0x03, 0xe3, 0x05, 0x06, 0x00,
    0xfb, 0xf9, 0x03, 0xf9, 0xe7, 0xfe, 0xfe, 0x05, 0x00, 0x0b, 0xff, 0x04,
    0xe5, 0xf8, 0xfd, 0xfe, 0xfe, 0x03, 0x03, 0x04, 0xe8, 0x01, 0xfd, 0x01,
    0x06, 0xfe, 0x03, 0xf8, 0xeb, 0x05, 0x05, 0x05, 0x03, 0x03, 0xfe, 0xfd,
    0xcc, 0x02, 0x05, 0x02, 0xfc, 0x08, 0x08, 0xf7, 0xd1, 0xf3, 0x05, 0xfd,
    0xf7, 0x01, 0x00, 0x00, 0xdb, 0xfc, 0xfe, 0xfe, 0xff, 0x02, 0x04, 0x07,
    0xe8, 0x01, 0xff, 0xfa, 0xf9, 0x08, 0xfb, 0x02, 0xba, 0xf4, 0xfb, 0x03,
    0xf7, 0xfe, 0xfb, 0xec, 0x02, 0xb7, 0x00, 0x01, 0xfe, 0xff, 0xee, 0x0e,
    0x05, 0x09, 0xfe, 0xfa, 0xb7, 0xe6, 0xff, 0xe9, 0xfe, 0xf6, 0xff, 0xfe,
    0x16, 0xf8, 0x17, 0x25, 0xf4, 0x06, 0xfb, 0xfd, 0x07, 0xff, 0xff, 0x03,
    0xe8, 0x11, 0x00, 0x08, 0x0f, 0x0d, 0x00, 0x00, 0xbb, 0xfe, 0xfc, 0x07,
    0x0d, 0x11, 0xfe, 0x08, 0xb8, 0xf5, 0xfb, 0x08, 0xfd, 0x0e, 0xfd, 0x01,
    0xd8, 0xf7, 0x06, 0xf9, 0x03, 0x0e, 0xfb, 0x04, 0xe1, 0xfc, 0xfe, 0x01,
    0x02, 0x0a, 0xfb, 0x09, 0xf2, 0x0a, 0xfb, 0xfe, 0xfc, 0x06, 0xf9, 0x00,
    0xea, 0x05, 0xfd, 0xfd, 0xfe, 0xfd, 0x00, 0xf2, 0xeb, 0x02, 0xfb, 0x08,
    0xff, 0x05, 0x02, 0x03, 0xed, 0x01, 0x05, 0x04, 0xf9, 0x0e, 0x05, 0x06,
    0xe8, 0xfc, 0xfe, 0x02, 0xff, 0x04, 0x04, 0xf8, 0xf0, 0x00, 0x05, 0xfe,
    0x00, 0x0a, 0x01, 0x01, 0xce, 0x03, 0xfe, 0xfb, 0xfd, 0x05, 0xff, 0xf9,
    0xd1, 0xf9, 0x06, 0x03, 0xfe, 0x0d, 0xfd, 0x04, 0xd8, 0x00, 0x05, 0xfc,
    0xff, 0x0c, 0xff, 0x05, 0xd4, 0xfd, 0x01, 0xfa, 0xfc, 0x06, 0xf8, 0xff,
    0xc4, 0xfe, 0x06, 0x05, 0xfc, 0x01, 0xfb, 0xef, 0xfb, 0xba, 0xfc, 0xfd,
    0xf7, 0x06, 0xf7, 0x0c, 0xff, 0x08, 0xfb, 0xf1, 0xc6, 0xe2, 0xfe, 0xf2,
    0x01, 0x04, 0xfc, 0x04, 0x14, 0xf5, 0x0b, 0x33, 0xfa, 0x0c, 0xfe, 0xfd,
    0x06, 0x05, 0x0f, 0xf3, 0xf4, 0x0f, 0x00, 0x06, 0x0a, 0x07, 0x07, 0xf9,
    0xc3, 0x02, 0x04, 0x08, 0x04, 0x07, 0x09, 0x03, 0xc0, 0x02, 0x02, 0xff,
    0x03, 0x0f, 0x01, 0x0e, 0xeb, 0xf9, 0xfd, 0xf9, 0xfb, 0x01, 0xfb, 0x06,
    0xeb, 0x03, 0x03, 0xf9, 0xfa, 0xfa, 0x03, 0x0e, 0xf5, 0x03, 0x02, 0xfd,
    0xfe, 0x08, 0xfe, 0x02, 0xec, 0x0d, 0x04, 0xfd, 0x07, 0x00, 0xfe, 0x00,
    0xf8, 0x07, 0xfe, 0x07, 0x08, 0x08, 0x04, 0x09, 0xf4, 0xfa, 0x04, 0x05,
    0x06, 0x0a, 0xff, 0x0d, 0xeb, 0x02, 0xfa, 0x05, 0x03, 0x02, 0xff, 0xf8,
    0xe5, 0x03, 0xfe, 0xfc, 0x01, 0x04, 0xff, 0x01, 0xcd, 0xfa, 0x04, 0xff,
    0x00, 0x02, 0x09, 0xfa, 0xd6, 0xf9, 0x03, 0x01, 0x04, 0x05, 0xff, 0x05,
    0xd8, 0xfc, 0x06, 0x01, 0xff, 0xfe, 0xfe, 0x09, 0xe2, 0x06, 0xfe, 0x01,
    0xf9, 0xfe, 0xfc, 0xf6, 0xc3, 0xf7, 0x05, 0xff, 0xfe, 0xfe, 0x06, 0xf1,
    0x06, 0xc3, 0xfc, 0x01, 0xfa, 0x08, 0xfb, 0x11, 0x05, 0x0c, 0x06, 0xf5,
    0xbf, 0xe5, 0x04, 0xfc, 0x01, 0xfd, 0xfb, 0x00, 0x13, 0xf1, 0x14, 0x2c,
    0xfa, 0x0c, 0xfc, 0xfd, 0x04, 0x00, 0x03, 0xf6, 0xf3, 0x0f, 0xfe, 0x0e,
    0x13, 0x00, 0x0d, 0xfd, 0xc5, 0x01, 0x00, 0x0f, 0x13, 0x11, 0x0c, 0x05,
    0xce, 0xfa, 0xfe, 0x01, 0x06, 0x08, 0x06, 0x08, 0xea, 0xff, 0x00, 0xf5,
    0xfd, 0x0d, 0xfd, 0x13, 0xec, 0x09, 0xfe, 0xfa, 0xfa, 0xfc, 0xfe, 0x08,
    0xf6, 0x03, 0xfc, 0xfd, 0x09, 0x08, 0xfd, 0x01, 0xf0, 0x03, 0x04, 0x05,
    0x08, 0xff, 0x04, 0xfe, 0xe3, 0x04, 0xfb, 0xfe, 0x02, 0x09, 0xfe, 0x03,
    0xee, 0xfe, 0xfa, 0xf9, 0xfe, 0x06, 0x08, 0x0b, 0xdf, 0x02, 0xfe, 0x06,
    0xfd, 0x0b, 0x00, 0xf8, 0xe8, 0x09, 0xfb, 0xff, 0x00, 0x04, 0xfe, 0xfc,
    0xcc, 0xfa, 0xfa, 0x00, 0x00, 0x09, 0x05, 0xff, 0xd2, 0xf9, 0x02, 0xfd,
    0xff, 0x0b, 0x05, 0x09, 0xe4, 0xfd, 0xfe, 0x00, 0xff, 0x03, 0x05, 0x06,
    0xe2, 0xff, 0x04, 0x01, 0xfc, 0x00, 0xfa, 0xf0, 0xca, 0xfd, 0xfa, 0x05,
    0x01, 0x03, 0xfb, 0xfa, 0x00, 0xbd, 0x00, 0x04, 0xfe, 0x04, 0xfd, 0x15,
    0xff, 0x07, 0xfb, 0xfa, 0xb3, 0xea, 0x00, 0x04, 0xfd, 0x03, 0xfd, 0x02,
    0x19, 0xea, 0x11, 0x34, 0xf7, 0x0a, 0x03, 0x05, 0x08, 0x02, 0x07, 0xf2,
    0xe2, 0x13, 0xfc, 0x0a, 0x07, 0x06, 0x07, 0x08, 0xba, 0x01, 0x03, 0x06,
    0x0f, 0x0d, 0x06, 0x01, 0xc4, 0xfb, 0xff, 0x05, 0x00, 0x0a, 0x0b, 0x0d,
    0xea, 0xff, 0xfd, 0xfe, 0x02, 0x0c, 0xfd, 0xff, 0xee, 0x01, 0x06, 0xfb,
    0x00, 0xff, 0x02, 0x0c, 0xe8, 0xfc, 0xfa, 0xf8, 0xff, 0x05, 0x03, 0xfb,
    0xe8, 0x07, 0xfa, 0xfe, 0x01, 0xfa, 0x08, 0xfb, 0xe8, 0x01, 0x04, 0x05,
    0x04, 0x03, 0x03, 0xfe, 0xf0, 0xff, 0x04, 0x03, 0xf9, 0x01, 0xfd, 0x00,
    0xe6, 0x00, 0xfc, 0x03, 0x02, 0x05, 0x01, 0xf2, 0xdf, 0xff, 0x02, 0x04,
    0x03, 0x0a, 0x03, 0x02, 0xc6, 0xfb, 0x05, 0x02, 0x01, 0x05, 0x03, 0x03,
    0xc9, 0xfe, 0xfe, 0xfb, 0x03, 0x09, 0xfe, 0x0c, 0xd7, 0xf7, 0xfb, 0x01,
    0x02, 0x0c, 0x00, 0x0b, 0xd0, 0x00, 0x02, 0xfd, 0x03, 0x03, 0xfd, 0xfa,
    0xc0, 0x03, 0xfc, 0x06, 0x01, 0x02, 0x06, 0x02, 0x00, 0xc2, 0x00, 0x02,
    0x06, 0x03, 0xfe, 0x22, 0x08, 0x09, 0xff, 0xfa, 0xbc, 0xe8, 0xf9, 0x00,
    0x03, 0xff, 0xfa, 0x05, 0x0f, 0xec, 0x11, 0x26, 0xf9, 0x08, 0x02, 0x04,
    0x07, 0xfa, 0xfd, 0xfa, 0xe8, 0x0c, 0xfc, 0x07, 0x0b, 0x04, 0x0b, 0x05,
    0xb7, 0x01, 0x04, 0x08, 0x0d, 0x13, 0x08, 0x02, 0xc0, 0xfb, 0x01, 0x05,
    0x04, 0x0e, 0x04, 0x10, 0xee, 0x02, 0xff, 0xfb, 0xf6, 0xfd, 0x01, 0x01,
    0xf6, 0x0a, 0x04, 0x03, 0xf6, 0xfb, 0x03, 0x01, 0xeb, 0xff, 0x01, 0xfb,
    0x02, 0x07, 0x04, 0xfd, 0xec, 0x0a, 0x03, 0x02, 0x02, 0xf5, 0xfb, 0x04,
    0xf4, 0x05, 0x06, 0x01, 0xfe, 0x00, 0x00, 0xfc, 0xff, 0x00, 0x03, 0xf9,
    0x01, 0x06, 0x03, 0x00, 0xfa, 0x05, 0x01, 0xfa, 0x01, 0x03, 0xf6, 0xff,
    0xe6, 0xfd, 0x04, 0x01, 0x02, 0x0c, 0xfd, 0x01, 0xd4, 0x03, 0xfb, 0xfd,
    0xfe, 0x08, 0xfd, 0x08, 0xd7, 0xf7, 0x00, 0xff, 0xfa, 0x02, 0xfb, 0x06,
    0xde, 0x01, 0xfc, 0xf9, 0xf8, 0xff, 0xfc, 0x02, 0xe5, 0x02, 0x03, 0x01,
    0x01, 0x02, 0xfe, 0xf9, 0xce, 0xf9, 0xfe, 0x02, 0xfd, 0x00, 0x01, 0x02,
    0xfa, 0xc3, 0xfd, 0x05, 0x04, 0x02, 0x03, 0x16, 0x07, 0x04, 0xfa, 0xf4,
    0xad, 0xe3, 0x02, 0x06, 0x03, 0xfa, 0xfd, 0x02, 0x15, 0xec, 0x15, 0x25,
    0xea, 0x04, 0xfe, 0xfd, 0x03, 0xff, 0x05, 0xec, 0xe1, 0x09, 0x02, 0x0d,
    0x0c, 0x03, 0x0c, 0x09, 0xaf, 0x03, 0x01, 0x0c, 0x09, 0x12, 0x0a, 0x0f,
    0xc0, 0xf8, 0x02, 0x05, 0x00, 0x04, 0xfd, 0x12, 0xe2, 0xfd, 0x00, 0xfb,
    0x01, 0x01, 0xfc, 0x05, 0xef, 0x02, 0x03, 0x02, 0xf8, 0xf7, 0xfa, 0x06,
    0xe8, 0x08, 0xfb, 0xfd, 0xff, 0x01, 0xff, 0x08, 0xf3, 0x06, 0xfb, 0x04,
    0x01, 0xfe, 0xfb, 0x04, 0xf2, 0x02, 0x00, 0x01, 0xfe, 0x06, 0x01, 0x06,
    0xf4, 0x04, 0xff, 0x02, 0xfd, 0x05, 0x07, 0xfc, 0xed, 0xff, 0x02, 0xfe,
    0x00, 0x00, 0xfd, 0x01, 0xe3, 0x00, 0xfa, 0x07, 0x04, 0x03, 0x01, 0x07,
    0xca, 0x06, 0xff, 0xfd, 0x02, 0x0c, 0x02, 0x00, 0xd1, 0xfb, 0xff, 0xfa,
    0x02, 0x01, 0x03, 0x03, 0xdc, 0xfd, 0xfe, 0xfc, 0x01, 0x04, 0xfe, 0x01,
    0xdf, 0x06, 0x01, 0x04, 0x01, 0xfe, 0x00, 0xf0, 0xd2, 0xff, 0xfd, 0x04,
    0x02, 0x01, 0x02, 0xf3, 0xfd, 0xc1, 0xfc, 0xfc, 0x02, 0x07, 0xf8, 0x17,
    0x07, 0x07, 0xfd, 0xf1, 0xae, 0xdc, 0x03, 0x0b, 0xff, 0x01, 0xfa, 0xfd,
    0x0e, 0xf0, 0x15, 0x20, 0x01, 0x07, 0xfb, 0x02, 0x09, 0x06, 0x00, 0xf4,
    0xee, 0x0a, 0xfa, 0x11, 0x0e, 0xff, 0x09, 0x01, 0xc2, 0xff, 0xfb, 0x0a,
    0x0b, 0x11, 0x06, 0x03, 0xc8, 0xff, 0xfc, 0xff, 0x04, 0x0d, 0xfb, 0x0c,
    0xec, 0xfc, 0xfa, 0x00, 0xfb, 0xfb, 0xfc, 0x03, 0xe1, 0x08, 0x04, 0x05,
    0xfe, 0xfa, 0x05, 0x09, 0xee, 0xfa, 0x01, 0xfc, 0xfd, 0x00, 0x05, 0x05,
    0xe1, 0x05, 0x02, 0xfc, 0xff, 0x01, 0x08, 0x01, 0xf3, 0x08, 0xff, 0x04,
    0x03, 0x09, 0x05, 0x00, 0xf6, 0x02, 0xfa, 0x01, 0x04, 0x00, 0x03, 0xfc,
    0xec, 0x05, 0xfc, 0x09, 0x06, 0x07, 0x05, 0x01, 0xe1, 0x09, 0xfa, 0x04,
    0x07, 0x0a, 0x00, 0xff, 0xdc, 0xfe, 0x05, 0xfe, 0x09, 0x05, 0x07, 0x01,
    0xd5, 0x01, 0x05, 0x04, 0xfe, 0x02, 0xff, 0x05, 0xda, 0xfd, 0xfd, 0x00,
    0x08, 0x00, 0xff, 0x02, 0xdd, 0x00, 0xfb, 0xfc, 0x02, 0x06, 0xff, 0xf6,
    0xbb, 0x01, 0x00, 0x08, 0x05, 0x02, 0x06, 0xfb, 0xff, 0xc3, 0x00, 0x00,
    0x02, 0x08, 0xfe, 0x15, 0x04, 0x06, 0xfd, 0xf4, 0xb2, 0xe5, 0x06, 0x0a,
    0x01, 0x08, 0xfa, 0x08, 0x12, 0xec, 0x0b, 0x1e, 0x0c, 0x0d, 0x06, 0xfe,
    0x02, 0xfd, 0x01, 0xea, 0xf7, 0x07, 0x04, 0x0b, 0x08, 0x08, 0x10, 0xfc,
    0xc2, 0xff, 0xff, 0x0b, 0x10, 0x12, 0x0b, 0x03, 0xcd, 0xfc, 0xfb, 0x07,
    0x01, 0x04, 0xfc, 0x0e, 0xf2, 0xff, 0xfe, 0x03, 0x01, 0x03, 0xfe, 0x04,
    0xe8, 0x09, 0x00, 0xfe, 0x00, 0xfe, 0xfc, 0x04, 0xeb, 0xfc, 0xff, 0xfd,
    0x05, 0x00, 0x02, 0xff, 0xf0, 0x04, 0xfc, 0x07, 0x07, 0xfa, 0x07, 0x07,
    0xf8, 0x02, 0xfa, 0x00, 0x04, 0x02, 0x0b, 0xff, 0xf0, 0xfc, 0x06, 0x01,
    0x01, 0x00, 0x05, 0x08, 0xdf, 0xff, 0xff, 0xfe, 0x02, 0x02, 0x0a, 0x08,
    0xd7, 0x03, 0xfc, 0x09, 0x07, 0x05, 0x05, 0x09, 0xcb, 0xfc, 0xfa, 0x03,
    0x04, 0x0c, 0x04, 0x06, 0xce, 0xfe, 0xfb, 0xfb, 0x06, 0x0a, 0x01, 0x07,
    0xe0, 0xfc, 0xfe, 0x01, 0xfd, 0x04, 0xfd, 0x0b, 0xe6, 0x04, 0xfa, 0xf9,
    0x03, 0x06, 0x05, 0xf3, 0xc8, 0x01, 0xfb, 0x05, 0x04, 0x01, 0x05, 0x02,
    0xfe, 0xba, 0xfb, 0xfe, 0xff, 0x0b, 0x02, 0x19, 0x03, 0x03, 0x05, 0xf1,
    0xb5, 0xe0, 0x00, 0xf2, 0x03, 0xfc, 0xff, 0x0c, 0x1a, 0xf0, 0x0a, 0x0e,
    0x16, 0x09, 0xfa, 0x03, 0x08, 0xfd, 0x03, 0xec, 0xf5, 0x0c, 0x04, 0x09,
    0x0d, 0x11, 0x04, 0xf9, 0xcd, 0x01, 0x05, 0x06, 0x08, 0x10, 0x09, 0x05,
    0xd0, 0x01, 0xfb, 0x03, 0x07, 0x0d, 0x05, 0x05, 0xed, 0xfc, 0x03, 0xfb,
    0xfa, 0x06, 0xfb, 0x07, 0xe5, 0xff, 0xfb, 0x07, 0xfd, 0xf8, 0x04, 0x0a,
    0xf0, 0x00, 0x04, 0x01, 0x01, 0xfe, 0x00, 0xfd, 0xea, 0x0c, 0xfb, 0x07,
    0xff, 0xf4, 0x08, 0xfa, 0xf0, 0x03, 0x06, 0xfd, 0x04, 0x05, 0x08, 0x0b,
    0xee, 0x03, 0x01, 0x02, 0x01, 0x00, 0x03, 0x08, 0xe5, 0x08, 0x05, 0x02,
    0x02, 0x05, 0x05, 0xff, 0xd3, 0xff, 0x05, 0x00, 0x05, 0x03, 0x08, 0x06,
    0xc1, 0xff, 0x03, 0x05, 0x05, 0x04, 0x0c, 0x03, 0xcd, 0x00, 0xfd, 0xfb,
    0x02, 0xfe, 0x00, 0x14, 0xdf, 0xff, 0x01, 0x02, 0xfe, 0x00, 0x04, 0x09,
    0xe2, 0x04, 0x04, 0xfb, 0x01, 0xf9, 0xfd, 0x01, 0xca, 0x01, 0xfd, 0xff,
    0x06, 0x01, 0x07, 0x1c, 0x05, 0xcb, 0xfe, 0xfe, 0x00, 0x04, 0xff, 0x20,
    0x09, 0x07, 0xfd, 0xf4, 0x0f, 0xf1, 0x1a, 0x06, 0xab, 0x02, 0x03, 0x03,
    0x13, 0xe0, 0x14, 0x1c, 0xb8, 0x10, 0xfe, 0x00, 0x07, 0x02, 0x01, 0xfe,
    0xc9, 0x0e, 0x01, 0x0a, 0x10, 0x08, 0x0d, 0x07, 0xd7, 0xfd, 0x00, 0x0f,
    0x09, 0x19, 0x03, 0x0b, 0xd5, 0xfc, 0xff, 0x07, 0x06, 0x03, 0x06, 0x07,
    0xce, 0x02, 0x01, 0x06, 0x00, 0x0d, 0x00, 0x00, 0xce, 0x03, 0x06, 0x04,
    0x02, 0xf6, 0xfe, 0x05, 0xcb, 0xfc, 0x05, 0x00, 0x00, 0x0b, 0x04, 0x03,
    0xd9, 0x05, 0x06, 0xfd, 0x00, 0xec, 0x02, 0x04, 0xe4, 0x01, 0xff, 0xfd,
    0x01, 0xf6, 0x04, 0x05, 0xe3, 0x01, 0x04, 0x02, 0x05, 0xf6, 0xff, 0x0c,
    0xd9, 0xfd, 0x03, 0x05, 0x00, 0x06, 0x05, 0x00, 0xdb, 0x06, 0x00, 0xfd,
    0xfd, 0x05, 0xff, 0x01, 0xde, 0xfa, 0xfb, 0x07, 0x05, 0x0c, 0x09, 0x03,
    0xf5, 0xfb, 0xfd, 0xfb, 0x00, 0x0a, 0x04, 0x08, 0xec, 0xf9, 0x05, 0xff,
    0xfc, 0xff, 0x00, 0x0d, 0xec, 0x01, 0x03, 0xf7, 0x01, 0xfa, 0xf5, 0xff,
    0xfd, 0x00, 0xfd, 0x04, 0xfe, 0xff, 0x08, 0x21, 0xfe, 0xc3, 0x06, 0x00,
    0x04, 0x00, 0xfe, 0x11, 0xfb, 0x0e, 0xfa, 0x01, 0x1a, 0xe9, 0x19, 0x11,
    0x06, 0x08, 0x03, 0xfb, 0x11, 0xa8, 0x0a, 0x12, 0x03, 0x10, 0x01, 0x04,
    0x0f, 0x0a, 0x0a, 0x0c, 0xfc, 0x0e, 0x00, 0x05, 0x07, 0x02, 0x0e, 0x08,
    0x02, 0x01, 0x03, 0x08, 0x0a, 0x1a, 0x0d, 0x0b, 0x02, 0x01, 0xfb, 0x03,
    0x06, 0xeb, 0x02, 0x0b, 0x01, 0x03, 0xfd, 0x01, 0x02, 0x01, 0x02, 0x05,
    0xfa, 0x04, 0xfd, 0xf8, 0xfd, 0xf5, 0x08, 0x00, 0xff, 0xfa, 0x01, 0xfd,
    0xfd, 0xf7, 0x02, 0x03, 0xfa, 0x04, 0x06, 0xfa, 0x00, 0xd9, 0x06, 0x03,
    0x05, 0x00, 0xff, 0x03, 0x02, 0xe3, 0x02, 0x00, 0xff, 0x01, 0x04, 0xfe,
    0xff, 0xe1, 0x01, 0x09, 0x00, 0x03, 0xff, 0x02, 0x06, 0xf0, 0x02, 0xfd,
    0x01, 0x01, 0xfe, 0xfa, 0x06, 0xf2, 0x00, 0xff, 0x00, 0xfa, 0xff, 0xfc,
    0x01, 0xfe, 0x01, 0x03, 0xff, 0xf8, 0x05, 0xfd, 0xff, 0xfa, 0xfe, 0x06,
    0x06, 0xf9, 0xfb, 0xfa, 0xfb, 0xf4, 0xfe, 0x07, 0x06, 0xf7, 0x05, 0xf3,
    0xfe, 0xee, 0xfb, 0xfa, 0x00, 0xff, 0x00, 0x08, 0x00, 0xfb, 0xf7, 0x1a,
    0x01, 0xd2, 0x04, 0xff, 0xfe, 0x0d, 0xf9, 0x0c, 0xff, 0x0b, 0x03, 0xfc,
    0x1f, 0xfb, 0x15, 0x1b, 0x01, 0xff, 0xfe, 0xfa, 0x14, 0xa9, 0x12, 0x18,
    0x01, 0x0a, 0xff, 0x03, 0x08, 0xf0, 0x0e, 0x0c, 0x01, 0x0f, 0x05, 0x02,
    0x06, 0xdd, 0x0a, 0x0c, 0xfa, 0x00, 0xfb, 0x01, 0x10, 0xda, 0x09, 0x05,
    0x01, 0xfe, 0x01, 0xfe, 0x09, 0xea, 0x06, 0x09, 0x05, 0xf9, 0x04, 0x05,
    0xfc, 0xf5, 0x04, 0x01, 0x02, 0xfe, 0xfd, 0xfd, 0x00, 0x14, 0x09, 0x06,
    0x01, 0xfe, 0xff, 0x03, 0x02, 0x13, 0x07, 0x01, 0xff, 0x00, 0xfc, 0xfe,
    0xfd, 0x03, 0xfe, 0x02, 0x02, 0x09, 0x03, 0x00, 0x01, 0x06, 0xff, 0x05,
    0xfb, 0xfc, 0x02, 0x00, 0xff, 0xf3, 0x01, 0x02, 0x05, 0x06, 0x01, 0xfd,
    0xfd, 0x02, 0xfa, 0x04, 0x02, 0x07, 0x01, 0x02, 0x03, 0x0b, 0x00, 0xfd,
    0x04, 0xf7, 0xfe, 0xf9, 0x01, 0x07, 0xfe, 0xfe, 0xff, 0xf3, 0x06, 0x02,
    0x02, 0x0a, 0xfc, 0x04, 0xfd, 0xf7, 0x00, 0x02, 0xff, 0x0b, 0xf8, 0x04,
    0xfc, 0xfb, 0x04, 0xfd, 0xfd, 0x03, 0xfe, 0xfd, 0x01, 0x02, 0x04, 0x02,
    0xf7, 0xfb, 0xff, 0x11, 0x01, 0xd3, 0x00, 0xee, 0x02, 0x2f, 0xfa, 0x0c,
    0xfb, 0xf8, 0x03, 0xfe, 0x54, 0xa2, 0x2e, 0xfe, 0xff, 0xf5, 0x06, 0xf7,
    0x08, 0x07, 0xf9, 0xdc, 0x02, 0xf4, 0x04, 0xfb, 0xec, 0x00, 0xfa, 0x2a,
    0x0f, 0x13, 0x07, 0x06, 0xeb, 0xff, 0xed, 0xe8, 0x09, 0x20, 0x02, 0xff,
    0xf9, 0xfc, 0xfa, 0xd9, 0x09, 0x09, 0x07, 0xfe, 0xfc, 0x08, 0xfe, 0xd7,
    0x00, 0x02, 0x04, 0x0b, 0xf7, 0x06, 0xfa, 0xd2, 0xff, 0xfb, 0xf9, 0xfc,
    0x07, 0x05, 0xfb, 0xef, 0x05, 0x01, 0xf9, 0xfa, 0xf7, 0xfc, 0xf7, 0xf6,
    0x07, 0x06, 0x05, 0x02, 0xf9, 0xfc, 0xf3, 0xd6, 0x06, 0x07, 0xf9, 0x03,
    0xfc, 0x06, 0xf6, 0xce, 0x0f, 0x03, 0x05, 0xfc, 0xfd, 0x04, 0xee, 0xc3,
    0x04, 0x04, 0xfb, 0x03, 0xf3, 0x06, 0xee, 0xca, 0x0c, 0xfa, 0xfb, 0x03,
    0xee, 0x06, 0xea, 0xc6, 0x05, 0x07, 0xff, 0xfd, 0xf7, 0x04, 0xec, 0xc5,
    0x04, 0x02, 0xfb, 0xfb, 0xf5, 0x06, 0xee, 0xc6, 0xfc, 0xf8, 0x00, 0x06,
    0x00, 0x04, 0xf0, 0xc7, 0x00, 0xf9, 0xfa, 0x01, 0xf8, 0x00, 0xfc, 0xf9,
    0x09, 0xff, 0x07, 0xfe, 0x01, 0x00, 0xf4, 0xfd, 0x1c, 0x12, 0xf9, 0xfe,
    0xfb, 0xfe, 0xf8, 0xd7, 0x02, 0x00, 0x05, 0x03, 0x7b, 0xf4, 0x7d, 0xfe,
    0x02, 0x00, 0xfe, 0x01, 0x02, 0x02, 0x04, 0xea, 0x17, 0xf7, 0x05, 0xfc,
    0xf0, 0x05, 0xfe, 0x17, 0x1b, 0x05, 0xfb, 0xfd, 0xf1, 0xfc, 0xfc, 0xf0,
    0x23, 0x36, 0x03, 0x0e, 0xfd, 0xfb, 0xfd, 0xfa, 0x10, 0x0a, 0xff, 0x0f,
    0x0c, 0xfe, 0x0d, 0xf3, 0x05, 0xfc, 0x01, 0x05, 0x03, 0xff, 0x0d, 0xf7,
    0x0f, 0xf3, 0x06, 0x04, 0x05, 0x01, 0x02, 0x07, 0x0f, 0x06, 0xf9, 0x06,
    0x05, 0xf6, 0x0b, 0x0b, 0x0e, 0x10, 0xfc, 0x01, 0x05, 0xf9, 0x0b, 0xfd,
    0x22, 0x08, 0x02, 0x03, 0x0a, 0x05, 0x0c, 0xfd, 0x13, 0x15, 0xfc, 0x0c,
    0x05, 0x03, 0x0c, 0xf8, 0x11, 0x0c, 0xf9, 0x03, 0x0b, 0x06, 0xfd, 0xf5,
    0x16, 0xff, 0xfc, 0x02, 0x06, 0x04, 0x00, 0xf5, 0x0d, 0x02, 0x07, 0x06,
    0xfe, 0x01, 0xff, 0xf6, 0x12, 0x0b, 0xfa, 0x09, 0x06, 0xff, 0x08, 0xfa,
    0x01, 0x05, 0xfd, 0x09, 0x02, 0x01, 0x06, 0xee, 0x02, 0xee, 0x00, 0x02,
    0x00, 0xff, 0xfd, 0x08, 0x63, 0x04, 0xfa, 0xfa, 0xff, 0xf9, 0xfa, 0x08,
    0x04, 0x4c, 0x06, 0x08, 0x07, 0xff, 0xfe, 0xe8, 0x09, 0xff, 0xfe, 0x1d,
    0x78, 0x02, 0x1c, 0x1b, 0x12, 0x03, 0x02, 0x04, 0x03, 0x09, 0xf3, 0xf2,
    0x14, 0xf6, 0xfe, 0x05, 0xef, 0x09, 0xf9, 0x0f, 0x11, 0xff, 0x00, 0xee,
    0xef, 0x08, 0xfd, 0xe9, 0x38, 0x15, 0x06, 0x0e, 0xfb, 0xf8, 0x03, 0xf5,
    0x04, 0xfe, 0xff, 0x0c, 0x04, 0x10, 0x0e, 0x02, 0xec, 0xf9, 0x02, 0x0c,
    0x10, 0x12, 0x0e, 0x01, 0x00, 0xf5, 0x06, 0x08, 0x07, 0x12, 0x0b, 0x13,
    0xfc, 0xfd, 0x04, 0xfc, 0x06, 0x0c, 0xfc, 0x09, 0x0c, 0x03, 0x04, 0x09,
    0xfe, 0x03, 0x04, 0x12, 0xfb, 0x00, 0xfe, 0x08, 0x0b, 0x0a, 0x05, 0x0b,
    0xe5, 0x0a, 0x04, 0x16, 0x0e, 0x0a, 0x12, 0x09, 0xdb, 0x03, 0x02, 0x0a,
    0x0a, 0x0c, 0x10, 0x0c, 0xee, 0xfb, 0x04, 0x05, 0x06, 0x15, 0x06, 0x10,
    0x22, 0x00, 0xff, 0x0e, 0x06, 0x11, 0x08, 0x0a, 0x20, 0x00, 0xfe, 0x03,
    0x07, 0x0f, 0x03, 0x02, 0xfc, 0xfb, 0xfa, 0x0d, 0x08, 0x1c, 0x04, 0xeb,
    0x0b, 0xfd, 0xf9, 0x0b, 0x02, 0x18, 0x01, 0x0d, 0x2f, 0xfb, 0x06, 0xf7,
    0xfc, 0xff, 0xfa, 0x10, 0x07, 0x3b, 0x06, 0x00, 0xff, 0xfc, 0xfc, 0xe2,
    0x0e, 0xfd, 0x03, 0x11, 0x6f, 0x08, 0x1d, 0x16, 0x13, 0x0e, 0x06, 0x05,
    0xf1, 0x02, 0xec, 0xea, 0x16, 0x04, 0x00, 0x03, 0xf3, 0x0a, 0x01, 0x09,
    0x1f, 0xfd, 0xfd, 0xf4, 0xef, 0x0f, 0xed, 0xe3, 0x1c, 0x11, 0x04, 0x06,
    0xff, 0x00, 0x05, 0xf2, 0xff, 0x00, 0x05, 0x0f, 0x18, 0x1e, 0x11, 0xfc,
    0xf1, 0xfa, 0xfc, 0x0e, 0x15, 0x0a, 0x13, 0xff, 0x18, 0xf4, 0xfa, 0x0e,
    0x05, 0x00, 0x04, 0x15, 0x28, 0x01, 0xfb, 0xf9, 0xfe, 0x05, 0x08, 0x07,
    0x1d, 0x05, 0x07, 0x02, 0x03, 0xf7, 0x07, 0xfc, 0x07, 0x07, 0xfc, 0xfc,
    0xfe, 0xf6, 0x00, 0x13, 0xe3, 0x04, 0x05, 0x06, 0x0c, 0xf5, 0x09, 0xff,
    0xd9, 0x02, 0xfb, 0xff, 0x12, 0xfe, 0x0b, 0x07, 0xea, 0xf6, 0x04, 0x01,
    0x12, 0x06, 0x0a, 0x10, 0x0f, 0x03, 0x07, 0x07, 0x08, 0x05, 0x10, 0x0e,
    0x17, 0x0a, 0xfe, 0xff, 0x01, 0xfb, 0x0a, 0x00, 0x08, 0x00, 0xfe, 0x04,
    0x0b, 0x09, 0x04, 0xf9, 0x08, 0xfd, 0xfd, 0x02, 0x01, 0x0f, 0x08, 0x17,
    0x3a, 0xf2, 0x00, 0xf2, 0xff, 0x05, 0xff, 0x0a, 0xfb, 0x41, 0xfd, 0x02,
    0xfa, 0xf9, 0xfb, 0xe7, 0x08, 0xfd, 0x00, 0x08, 0x43, 0x03, 0x26, 0xf4,
    0x19, 0x12, 0x07, 0x0a, 0xef, 0xfe, 0xf7, 0xf1, 0x1e, 0x06, 0xff, 0xf8,
    0x01, 0x0e, 0x05, 0x0b, 0x0b, 0xfe, 0xff, 0xf8, 0xff, 0x15, 0x0b, 0xe9,
    0x15, 0x0e, 0xff, 0xff, 0x00, 0xfa, 0x09, 0xe7, 0x03, 0xfe, 0xfd, 0x0a,
    0x15, 0x12, 0x09, 0xfe, 0xfc, 0x02, 0xff, 0x0c, 0x16, 0x05, 0x08, 0x02,
    0x23, 0xff, 0x04, 0x0c, 0x04, 0x00, 0x04, 0x0e, 0x32, 0xfb, 0x05, 0xfb,
    0x04, 0x04, 0xf9, 0xff, 0x34, 0xfc, 0x07, 0xf8, 0xf7, 0xf4, 0xfe, 0x06,
    0x18, 0x05, 0x06, 0xf7, 0xfe, 0xf8, 0xfe, 0x10, 0xf7, 0x11, 0xfe, 0xff,
    0x03, 0xfa, 0x05, 0xff, 0xf5, 0x08, 0xfc, 0xfa, 0x0b, 0xfc, 0x09, 0x00,
    0xf1, 0xfb, 0x05, 0x02, 0x0a, 0x06, 0x0d, 0x19, 0x1c, 0x05, 0x00, 0xf8,
    0x01, 0xf8, 0x05, 0x04, 0x1a, 0x0b, 0xff, 0x06, 0xf6, 0xfa, 0x07, 0xfc,
    0x14, 0xf9, 0xf9, 0x0a, 0x04, 0x0f, 0x00, 0xed, 0x0d, 0xf9, 0xff, 0x07,
    0xfe, 0x11, 0x06, 0x19, 0x4f, 0xf8, 0xfb, 0xfc, 0xfc, 0x0a, 0xf9, 0x03,
    0xfd, 0x43, 0x03, 0x00, 0x00, 0xfd, 0x03, 0xdb, 0x0c, 0xf4, 0x00, 0x03,
    0x24, 0xfb, 0x1b, 0xf9, 0x1a, 0x14, 0x01, 0xff, 0xec, 0xf0, 0xff, 0xe0,
    0x1b, 0x07, 0xff, 0x00, 0x02, 0x08, 0x05, 0x02, 0x08, 0x01, 0x02, 0xfb,
    0x0a, 0x10, 0x11, 0xf1, 0x07, 0x0c, 0x00, 0xfb, 0x0c, 0xff, 0x0e, 0xf1,
    0x02, 0xf7, 0xfe, 0x09, 0x09, 0x0a, 0x14, 0x12, 0x01, 0xf9, 0x04, 0x02,
    0x07, 0x0f, 0x0a, 0x01, 0x32, 0x02, 0x01, 0x09, 0x0b, 0x05, 0x00, 0x04,
    0x39, 0x03, 0xfe, 0x06, 0x00, 0xfc, 0xfd, 0xfc, 0x3e, 0xfd, 0x00, 0xf8,
    0xfb, 0x04, 0xfc, 0xfd, 0x17, 0x03, 0xff, 0xf9, 0x0a, 0x00, 0x05, 0x01,
    0x11, 0x05, 0x03, 0xff, 0x07, 0x03, 0x00, 0xf8, 0x09, 0x06, 0x05, 0x09,
    0x00, 0xff, 0x07, 0xfc, 0x0d, 0xfb, 0x08, 0xfb, 0x03, 0x01, 0x03, 0x0e,
    0x24, 0x06, 0x07, 0x01, 0x09, 0xfa, 0x00, 0x09, 0x1d, 0x0b, 0x07, 0x07,
    0xfd, 0xf8, 0x04, 0xf1, 0x08, 0x07, 0x02, 0x08, 0x0a, 0x08, 0x02, 0xe8,
    0x16, 0xfe, 0x07, 0x10, 0x04, 0x06, 0x08, 0x1f, 0x4c, 0xfd, 0x01, 0xfd,
    0xfe, 0x01, 0xf7, 0x0a, 0xf9, 0x5c, 0xfa, 0x01, 0x04, 0xfb, 0x06, 0xdd,
    0x08, 0xfd, 0xfd, 0xf0, 0x10, 0xfb, 0x0b, 0xfa, 0x0a, 0x1d, 0x06, 0xfc,
    0xf7, 0xe9, 0x00, 0xd6, 0x0a, 0xfe, 0x02, 0xff, 0x06, 0x07, 0x0e, 0x06,
    0xfd, 0x04, 0xfe, 0xfc, 0x05, 0x03, 0x0a, 0xfc, 0x09, 0x0f, 0x06, 0x04,
    0x06, 0xf8, 0x0c, 0xec, 0x08, 0xfe, 0xfc, 0x0d, 0x13, 0x16, 0x0b, 0x0b,
    0x0d, 0xfe, 0xfd, 0x09, 0x10, 0x0b, 0x12, 0x08, 0x3a, 0x06, 0xff, 0xfa,
    0x03, 0x02, 0xf9, 0x04, 0x3f, 0xfb, 0xff, 0x09, 0xfe, 0xf6, 0x03, 0x02,
    0x3b, 0x00, 0x03, 0x04, 0x02, 0x09, 0x02, 0xf2, 0x10, 0xf5, 0x01, 0x00,
    0x02, 0x09, 0x00, 0xf7, 0x0d, 0xfd, 0xf9, 0xff, 0x02, 0x00, 0x00, 0xff,
    0x0e, 0xfc, 0xfd, 0x01, 0x03, 0x00, 0x06, 0xfa, 0x1a, 0x05, 0xfb, 0xfa,
    0xff, 0xfa, 0x07, 0x0c, 0x20, 0xfd, 0x02, 0xfd, 0x01, 0x00, 0x08, 0x00,
    0x2b, 0x0d, 0x06, 0x02, 0x07, 0x00, 0xfd, 0xf0, 0x0a, 0x04, 0xfa, 0x09,
    0x0e, 0x0e, 0x01, 0xea, 0x03, 0xff, 0x00, 0x12, 0x00, 0x06, 0x08, 0x22,
    0x57, 0xfd, 0xfc, 0xfa, 0x07, 0x03, 0x04, 0x14, 0x06, 0x56, 0xfd, 0x01,
    0x00, 0xf9, 0x04, 0xe6, 0x10, 0xf4, 0x02, 0xff, 0x16, 0x05, 0x06, 0xf5,
    0x06, 0x12, 0x04, 0x02, 0xf1, 0xe5, 0xf9, 0xcb, 0xfa, 0x09, 0x06, 0x0b,
    0x03, 0x0e, 0x06, 0x0b, 0xff, 0x03, 0x00, 0x00, 0x07, 0xfc, 0xfd, 0xf5,
    0x1c, 0x08, 0x01, 0x10, 0x08, 0xf9, 0x06, 0xf9, 0x10, 0xf4, 0xf8, 0x09,
    0x12, 0x06, 0x08, 0x0a, 0x0c, 0x00, 0xf9, 0x0c, 0x05, 0x05, 0x01, 0xfa,
    0x2f, 0xfa, 0x00, 0x00, 0xfe, 0x07, 0xfc, 0xff, 0x32, 0x00, 0x03, 0x09,
    0xfa, 0x04, 0x05, 0xf2, 0x2d, 0x02, 0xfa, 0x05, 0x02, 0x01, 0xff, 0xf4,
    0x0a, 0xf1, 0x06, 0x05, 0x00, 0x06, 0xf9, 0xf0, 0x0c, 0xfb, 0xfa, 0x05,
    0x09, 0x07, 0x06, 0xf5, 0x05, 0xff, 0x01, 0xfd, 0xfb, 0xfb, 0x00, 0xff,
    0x11, 0x01, 0x04, 0x05, 0xf6, 0xfb, 0x03, 0x07, 0x17, 0x00, 0xff, 0xfc,
    0x00, 0xf9, 0xfc, 0x03, 0x20, 0x0d, 0xf9, 0x01, 0xfc, 0xf8, 0x0b, 0xe9,
    0x01, 0x09, 0x03, 0x11, 0x10, 0x06, 0x05, 0xf2, 0xfe, 0xfe, 0xfd, 0x0a,
    0x07, 0x04, 0x0b, 0x31, 0x49, 0xff, 0x05, 0xfb, 0x01, 0x04, 0x0a, 0x0b,
    0xf9, 0x59, 0xfe, 0x02, 0xfd, 0x00, 0x07, 0xe8, 0x03, 0xfc, 0x07, 0x00,
    0x1a, 0x01, 0x14, 0x0a, 0xf8, 0x0c, 0xfb, 0xf8, 0xf4, 0xf5, 0xfc, 0xc1,
    0xf6, 0xf8, 0x00, 0x05, 0x0a, 0x0e, 0xff, 0x09, 0xfc, 0xf9, 0xff, 0xf9,
    0x03, 0xfc, 0x05, 0xff, 0x11, 0x0a, 0x02, 0x02, 0x01, 0xec, 0x0b, 0xf1,
    0x14, 0xff, 0x05, 0x08, 0x09, 0x05, 0x05, 0x09, 0x11, 0xfa, 0xfa, 0x07,
    0x08, 0x05, 0xff, 0xfc, 0x30, 0x06, 0x04, 0x04, 0x04, 0xfb, 0x06, 0x02,
    0x26, 0x0a, 0x07, 0x05, 0xfe, 0xfe, 0x02, 0xf0, 0x23, 0x00, 0xfa, 0x0b,
    0xfd, 0x05, 0x00, 0xe9, 0x04, 0xf4, 0xfd, 0x0b, 0x05, 0x0b, 0x08, 0xf0,
    0xf4, 0xff, 0x01, 0x03, 0x08, 0x08, 0x05, 0x06, 0x02, 0xfb, 0x05, 0x01,
    0x02, 0xfd, 0x04, 0x02, 0x18, 0xfe, 0x00, 0x01, 0xf8, 0xf4, 0x02, 0x04,
    0x14, 0x02, 0xfc, 0xf5, 0x05, 0xfd, 0x09, 0x03, 0x0f, 0x06, 0xfb, 0x00,
    0xfe, 0xf9, 0x00, 0xf4, 0xf8, 0x02, 0x05, 0x05, 0x0a, 0xfc, 0xfc, 0xfa,
    0xf1, 0xf9, 0x08, 0xfc, 0xfc, 0xff, 0x04, 0x2f, 0x46, 0x00, 0x07, 0x00,
    0x08, 0x02, 0x08, 0x13, 0x00, 0x66, 0xfd, 0x05, 0x03, 0xfd, 0x02, 0xe9,
    0x00, 0xff, 0xf8, 0x10, 0x21, 0x09, 0x22, 0x12, 0xf1, 0x0e, 0x01, 0xf9,
    0xfc, 0xf8, 0xfd, 0xce, 0xf7, 0x06, 0xfd, 0x05, 0x03, 0xff, 0x05, 0x14,
    0xfa, 0xf6, 0x00, 0xed, 0xf8, 0x03, 0x03, 0x09, 0x22, 0x0b, 0xfb, 0xf3,
    0x03, 0xe9, 0x04, 0xf8, 0x14, 0xfe, 0x01, 0x04, 0x04, 0xfe, 0x09, 0x06,
    0x03, 0x05, 0xfe, 0x00, 0x01, 0x00, 0x05, 0x03, 0x2c, 0x01, 0xfe, 0xf9,
    0xfd, 0x02, 0x06, 0x0e, 0x23, 0x04, 0x08, 0x06, 0xfd, 0x05, 0x09, 0x00,
    0x26, 0x02, 0xf9, 0x0b, 0x0b, 0x03, 0x08, 0xeb, 0xfa, 0x00, 0x00, 0x04,
    0x07, 0x09, 0x01, 0xfa, 0xfe, 0xf1, 0xf9, 0x01, 0x02, 0x08, 0xfe, 0xfe,
    0x08, 0xf8, 0x02, 0x00, 0xff, 0x01, 0xfa, 0xf7, 0x10, 0x02, 0x03, 0x01,
    0xfa, 0xf3, 0xfc, 0x0c, 0x19, 0xfb, 0x03, 0xf9, 0x03, 0xf4, 0xfa, 0xf7,
    0x0b, 0x0b, 0xf9, 0xfd, 0xfe, 0xfc, 0xf9, 0xe0, 0xfa, 0x02, 0x08, 0x04,
    0x04, 0x0a, 0x05, 0xf9, 0xfc, 0xf9, 0x01, 0x05, 0x00, 0x00, 0x00, 0x1c,
    0x39, 0xfd, 0x07, 0xf9, 0x02, 0x05, 0xfa, 0x09, 0x07, 0x57, 0x01, 0x08,
    0xfd, 0xfe, 0x06, 0xe9, 0xfc, 0x01, 0x05, 0x11, 0x3a, 0x22, 0x12, 0x0f,
    0xf6, 0x08, 0x03, 0xfd, 0x03, 0x02, 0x01, 0xc9, 0x00, 0x01, 0xfc, 0xf6,
    0xfd, 0xf8, 0xf6, 0x12, 0xf8, 0xf6, 0x02, 0xeb, 0xfa, 0xfb, 0x06, 0x0b,
    0x16, 0x18, 0x00, 0xed, 0xf3, 0xed, 0xfe, 0xfa, 0x17, 0x02, 0xfd, 0x0a,
    0x00, 0xf7, 0x00, 0xfd, 0x07, 0x07, 0xfe, 0x05, 0x03, 0xff, 0x09, 0xfa,
    0x1d, 0xfc, 0x07, 0x04, 0xfa, 0x03, 0x02, 0x05, 0x1a, 0x01, 0x05, 0xfb,
    0x06, 0xff, 0x04, 0xf9, 0x0f, 0x07, 0xfc, 0x0f, 0xfd, 0xfd, 0x07, 0xe8,
    0x04, 0x02, 0xfc, 0x10, 0x0a, 0x00, 0xfe, 0xfc, 0x03, 0xf2, 0xfc, 0x0b,
    0x07, 0x05, 0x01, 0x07, 0x04, 0xfc, 0xfc, 0xfd, 0xf9, 0x09, 0xf3, 0xfb,
    0x0a, 0xfb, 0x05, 0x04, 0xff, 0xfe, 0xf9, 0xfb, 0x13, 0x09, 0x06, 0x01,
    0x01, 0xfd, 0xf8, 0xfa, 0x15, 0xfe, 0xfd, 0x06, 0x02, 0xfb, 0xf8, 0xdf,
    0x01, 0x01, 0xfc, 0x0c, 0x03, 0xfd, 0x03, 0xed, 0x01, 0xfb, 0x02, 0xfc,
    0xfb, 0x0b, 0xfd, 0x1b, 0x3b, 0xfc, 0xfb, 0xf8, 0xfe, 0xfa, 0xef, 0x00,
    0x04, 0x63, 0xfb, 0xfd, 0xfe, 0xfa, 0xfc, 0xe2, 0x02, 0xfa, 0x04, 0x13,
    0x39, 0x1f, 0x26, 0x22, 0xf9, 0x01, 0x01, 0x0b, 0xfb, 0x09, 0xfb, 0xcf,
    0x07, 0xff, 0x01, 0x05, 0xf6, 0xfe, 0xfd, 0x15, 0x07, 0xf6, 0xfb, 0xed,
    0xf7, 0xfe, 0xf3, 0x04, 0x1f, 0x07, 0xff, 0xf3, 0xee, 0xe5, 0xfb, 0xef,
    0x1b, 0x07, 0x05, 0xff, 0xfd, 0xf5, 0xfe, 0xf6, 0x0e, 0xff, 0x06, 0x03,
    0xff, 0xf7, 0xfa, 0x0a, 0x1c, 0xfe, 0x00, 0xfc, 0xfa, 0x00, 0x01, 0x04,
    0x16, 0x09, 0x06, 0xfb, 0x03, 0xf6, 0x03, 0xfb, 0x1a, 0xfe, 0x00, 0x08,
    0x03, 0x05, 0x0c, 0xec, 0xf7, 0xfd, 0x01, 0x11, 0x11, 0x06, 0x02, 0xff,
    0x00, 0xfa, 0xfb, 0x02, 0x0a, 0x0e, 0x0b, 0x03, 0x03, 0xf8, 0x08, 0xfa,
    0xfa, 0x05, 0xfe, 0xf5, 0x0c, 0xfc, 0x05, 0x02, 0x01, 0x02, 0xfa, 0x04,
    0x15, 0x05, 0xfb, 0x03, 0x03, 0x02, 0x00, 0xfd, 0x12, 0x08, 0xfd, 0x0b,
    0x06, 0xfd, 0xfc, 0xec, 0xff, 0x01, 0xff, 0x09, 0x04, 0x0b, 0x04, 0xf3,
    0x0c, 0xf9, 0x03, 0x00, 0x01, 0x08, 0x02, 0x12, 0x43, 0x00, 0xf9, 0xf5,
    0x02, 0x03, 0xf9, 0xe8, 0xfe, 0x54, 0xf9, 0xfe, 0x03, 0xfd, 0x02, 0xde,
    0xff, 0xf8, 0x02, 0x23, 0x3e, 0x27, 0x17, 0x21, 0xfe, 0xff, 0x00, 0x01,
    0x00, 0x15, 0x01, 0xcf, 0x0c, 0xf2, 0xfa, 0xf9, 0xfa, 0x00, 0xfd, 0x13,
    0x09, 0xef, 0x04, 0xf3, 0xf4, 0xfb, 0xf0, 0x07, 0x21, 0x11, 0xfa, 0xf4,
    0xf2, 0xfb, 0xf6, 0xf6, 0x29, 0x05, 0x05, 0xff, 0xfb, 0xfe, 0x06, 0xfc,
    0x12, 0xff, 0xfd, 0xfb, 0xfe, 0x00, 0x01, 0xf7, 0x27, 0x02, 0xfa, 0xfc,
    0xfe, 0xfa, 0xfe, 0xfe, 0x20, 0x05, 0xf8, 0xf9, 0x04, 0xfd, 0x01, 0xf4,
    0x1a, 0x0b, 0xff, 0x05, 0x0b, 0xff, 0x08, 0xf8, 0xf3, 0x04, 0xff, 0x08,
    0x0d, 0x06, 0x03, 0x01, 0x01, 0x01, 0x00, 0x03, 0x05, 0x03, 0x0c, 0x0b,
    0x06, 0xfd, 0x07, 0x00, 0x02, 0xff, 0x03, 0x08, 0x0a, 0x02, 0x01, 0xf7,
    0x03, 0x00, 0x08, 0xfb, 0x0c, 0x0a, 0x07, 0x00, 0x03, 0xfb, 0xfd, 0xfb,
    0x10, 0x07, 0xff, 0x0e, 0xff, 0xfd, 0x01, 0xf0, 0x0b, 0x02, 0x04, 0x0b,
    0x01, 0x05, 0x03, 0xf5, 0x03, 0xfa, 0xfe, 0x05, 0xfd, 0x07, 0xfe, 0x07,
    0x15, 0xff, 0x07, 0xff, 0xfd, 0x00, 0xf3, 0xe9, 0x00, 0x55, 0xf9, 0x05,
    0x02, 0xf8, 0xfe, 0xdb, 0xff, 0xfd, 0x07, 0x1c, 0x58, 0x1c, 0x3a, 0x2b,
    0xf6, 0x02, 0x02, 0xfd, 0x06, 0x0a, 0x06, 0xcf, 0x0b, 0xfe, 0x00, 0x00,
    0xfa, 0xf4, 0xfb, 0x1e, 0x0e, 0xea, 0xff, 0xf9, 0xf3, 0x01, 0xfb, 0x0c,
    0x1c, 0x07, 0xfa, 0xf4, 0xef, 0xed, 0xf7, 0xf7, 0x20, 0x01, 0xfd, 0x04,
    0xfc, 0xfb, 0x01, 0x02, 0x0e, 0x02, 0x02, 0x05, 0x07, 0xfd, 0x03, 0x07,
    0x1e, 0xff, 0xfa, 0xff, 0xfe, 0x01, 0x01, 0x03, 0x19, 0x04, 0xfb, 0xfd,
    0x05, 0xf9, 0x04, 0x00, 0x09, 0x06, 0x02, 0xfe, 0x0a, 0x01, 0x08, 0xf9,
    0xf7, 0xfc, 0x01, 0x0a, 0x0e, 0xfd, 0x08, 0x09, 0xf3, 0xfb, 0x05, 0x04,
    0x0d, 0x00, 0x06, 0x06, 0x00, 0xfe, 0xfb, 0x02, 0x01, 0x01, 0xfd, 0x08,
    0x09, 0xf7, 0x06, 0xfb, 0xf7, 0x04, 0xfc, 0x06, 0x1b, 0x07, 0xf9, 0xfd,
    0xff, 0xfe, 0xfe, 0xfd, 0x0e, 0x09, 0xfd, 0x03, 0x04, 0xfe, 0xfd, 0xf4,
    0x03, 0x0b, 0xff, 0x0e, 0xfe, 0x06, 0x00, 0xfc, 0x09, 0x01, 0xfe, 0x0a,
    0xfb, 0x0d, 0xfe, 0x0b, 0xec, 0xfa, 0x03, 0x03, 0xfd, 0x03, 0xfd, 0xe5,
    0x00, 0x55, 0x07, 0x05, 0xfb, 0x03, 0x08, 0xdf, 0xfd, 0xf9, 0xff, 0x30,
    0x57, 0x24, 0x1e, 0x33, 0xfc, 0xfc, 0x01, 0xf8, 0x02, 0x17, 0xfe, 0xd2,
    0x0d, 0xf7, 0xff, 0xfe, 0xf6, 0xfd, 0xf6, 0x20, 0x0c, 0xef, 0x04, 0xeb,
    0xf5, 0x04, 0xfb, 0x06, 0x1e, 0x06, 0xfc, 0xf5, 0xf0, 0xf2, 0xfe, 0xf6,
    0x20, 0x04, 0x05, 0x02, 0xfb, 0xf9, 0x00, 0xfe, 0x07, 0x06, 0x01, 0x04,
    0x02, 0xfa, 0xfd, 0x06, 0x1b, 0xfe, 0x07, 0xfb, 0x01, 0x04, 0xf9, 0xfd,
    0x05, 0x01, 0x02, 0xf8, 0x04, 0xf0, 0x04, 0xfa, 0x00, 0x03, 0xfa, 0x09,
    0x06, 0x04, 0x04, 0xf5, 0xf3, 0x03, 0xfb, 0x08, 0x0b, 0x03, 0x08, 0xfb,
    0xf7, 0xf9, 0x01, 0x00, 0x08, 0xff, 0x08, 0x08, 0xf6, 0x01, 0x03, 0xfc,
    0xfd, 0xf5, 0x04, 0x00, 0x05, 0x04, 0x06, 0xff, 0xff, 0x01, 0x09, 0x09,
    0x12, 0xfe, 0xfe, 0xfa, 0xfe, 0xf7, 0x04, 0x01, 0x15, 0x0a, 0xfc, 0x04,
    0x03, 0xfd, 0x06, 0xf2, 0x05, 0x03, 0xfb, 0x0c, 0x09, 0x02, 0x02, 0xf2,
    0xfe, 0xfc, 0x08, 0x09, 0xfc, 0x06, 0x02, 0x16, 0xe9, 0x01, 0xfb, 0x05,
    0x01, 0x06, 0xf8, 0x00, 0xfd, 0x50, 0x04, 0x06, 0x04, 0x07, 0x07, 0xdd,
    0xfc, 0xfd, 0xfe, 0x27, 0x57, 0x15, 0x22, 0x29, 0xf8, 0x00, 0xf9, 0x01,
    0xff, 0x18, 0xf8, 0xd5, 0x05, 0xfb, 0xfb, 0xfe, 0xf3, 0xf6, 0xf3, 0x13,
    0x08, 0xf5, 0x07, 0xeb, 0xee, 0x04, 0xf5, 0xfc, 0x20, 0x01, 0x02, 0xf5,
    0xec, 0xf2, 0xf2, 0x03, 0x0f, 0xfa, 0x06, 0x00, 0xfd, 0xfb, 0xfe, 0xf9,
    0x06, 0x07, 0xff, 0x02, 0x02, 0xf2, 0x01, 0x09, 0x0f, 0xfb, 0xfe, 0xf3,
    0xfb, 0xfd, 0x05, 0xfa, 0x0d, 0x04, 0xff, 0x05, 0xfd, 0xfb, 0x07, 0xfa,
    0x04, 0xff, 0xfa, 0xfb, 0x01, 0xfa, 0xff, 0xfa, 0xfe, 0xfc, 0x07, 0x0b,
    0x07, 0x01, 0xfe, 0x0c, 0xf7, 0xfd, 0x02, 0xfd, 0x0a, 0x01, 0x0a, 0xff,
    0x08, 0x02, 0x04, 0x04, 0x07, 0xf9, 0xfe, 0xfc, 0x0f, 0xfc, 0xf9, 0xfb,
    0xff, 0xfa, 0x01, 0x0a, 0x21, 0x09, 0x00, 0x00, 0x06, 0xfe, 0x02, 0xfe,
    0x0b, 0x0d, 0x05, 0xfe, 0xff, 0xf7, 0x05, 0xf6, 0xf9, 0x07, 0x03, 0x0b,
    0x05, 0xff, 0x03, 0xfe, 0x05, 0x06, 0x05, 0x0d, 0x09, 0x02, 0x03, 0x13,
    0xe0, 0x0b, 0xfe, 0xfe, 0x05, 0x08, 0x02, 0xf0, 0xff, 0x4d, 0x04, 0x0e,
    0x04, 0xf9, 0x0c, 0xe1, 0xfb, 0xff, 0x00, 0x2b, 0x6d, 0x25, 0x27, 0x24,
    0xf6, 0xfd, 0xfa, 0x00, 0x04, 0x1d, 0xfd, 0xe1, 0x0c, 0xf9, 0xfe, 0xfc,
    0xf7, 0x00, 0xff, 0x1b, 0x1b, 0xf5, 0x04, 0xf7, 0xf2, 0xfd, 0xf2, 0xf2,
    0x2b, 0x01, 0x02, 0xf4, 0xf5, 0xf7, 0xf3, 0xf8, 0x1a, 0x03, 0xfb, 0xf4,
    0xfd, 0x01, 0x00, 0xf9, 0x00, 0x04, 0x04, 0x03, 0xfd, 0xf5, 0xfc, 0x06,
    0x14, 0xfb, 0x02, 0xf2, 0xff, 0xfb, 0x00, 0x08, 0x12, 0x07, 0x04, 0xff,
    0x01, 0xf8, 0x08, 0xf6, 0x03, 0xfb, 0xfe, 0xff, 0x00, 0x07, 0x05, 0xf3,
    0xff, 0x03, 0xfe, 0x03, 0x0a, 0x07, 0xfc, 0x0b, 0xf8, 0xfb, 0xf9, 0x08,
    0x09, 0xfb, 0x01, 0x06, 0x03, 0xfe, 0x03, 0xff, 0x06, 0x00, 0xff, 0x09,
    0x0c, 0xfe, 0x01, 0xf9, 0x05, 0xf7, 0x01, 0x10, 0x1b, 0x00, 0x02, 0xfc,
    0xf6, 0xf9, 0x09, 0xf8, 0x13, 0x12, 0x00, 0x05, 0xfa, 0xfc, 0x02, 0xfc,
    0x0e, 0x0d, 0xfe, 0x09, 0x0a, 0x01, 0xfc, 0xf0, 0x08, 0x07, 0xf9, 0x04,
    0xfe, 0x01, 0x09, 0x12, 0xf5, 0x07, 0x02, 0x08, 0xfd, 0x0b, 0xfd, 0xe4,
    0xf9, 0x58, 0x00, 0x0b, 0x04, 0x00, 0x10, 0xd8, 0xfd, 0xfc, 0xfc, 0x2f,
    0x6a, 0x21, 0x29, 0x35, 0xf5, 0xf5, 0xff, 0x05, 0x00, 0x23, 0x07, 0xeb,
    0x0d, 0xfc, 0x07, 0xfb, 0xf9, 0x02, 0x07, 0x11, 0x11, 0xf6, 0x01, 0xf4,
    0xf8, 0xfe, 0xfa, 0xf0, 0x2b, 0xfb, 0xfa, 0xfa, 0xf6, 0xf4, 0x01, 0xf6,
    0x12, 0x04, 0x04, 0xf9, 0xfd, 0xfe, 0xfb, 0xf2, 0x0b, 0x03, 0x06, 0x01,
    0x02, 0xf6, 0x01, 0x00, 0x15, 0xfd, 0x06, 0xf7, 0x00, 0x00, 0xff, 0x15,
    0x12, 0x07, 0x04, 0x01, 0xf8, 0xf7, 0x04, 0xfc, 0xfd, 0x04, 0x03, 0x07,
    0x04, 0xfe, 0x06, 0xf3, 0xf1, 0xf8, 0x03, 0x04, 0x06, 0xfc, 0x01, 0x0b,
    0xfb, 0xfc, 0xfb, 0x04, 0x04, 0x00, 0x02, 0x0d, 0xfc, 0x03, 0xfa, 0xff,
    0x01, 0xfe, 0x02, 0x08, 0x08, 0xff, 0xfe, 0xf7, 0x00, 0xf9, 0x06, 0x0c,
    0x0f, 0x08, 0xff, 0xf3, 0xfd, 0xfa, 0x03, 0x04, 0x13, 0x05, 0x07, 0x00,
    0x01, 0xf5, 0x07, 0xfc, 0x11, 0x09, 0xfd, 0x03, 0xfe, 0x02, 0x0b, 0xfe,
    0x06, 0x02, 0x00, 0x0a, 0xff, 0xf6, 0x06, 0x17, 0xfc, 0x0f, 0xfe, 0x01,
    0x05, 0x04, 0x08, 0xfb, 0xfe, 0x4e, 0x01, 0x05, 0x0a, 0xfe, 0x17, 0xec,
    0xf8, 0xfe, 0xfe, 0x33, 0x72, 0x31, 0x30, 0x24, 0xf3, 0xf6, 0x01, 0xfa,
    0x0b, 0x1d, 0x04, 0xeb, 0x12, 0xf5, 0xf9, 0xf6, 0xf7, 0x04, 0xf5, 0x1d,
    0x1b, 0xf0, 0xf9, 0xf2, 0xf7, 0xfe, 0xf7, 0xef, 0x25, 0xff, 0xfd, 0xf5,
    0xf4, 0xef, 0xfc, 0xf0, 0x15, 0xfc, 0xf9, 0xf6, 0x02, 0x07, 0xfc, 0xf8,
    0x09, 0xfe, 0x03, 0xfe, 0x05, 0xfb, 0x01, 0x02, 0x13, 0xfc, 0xfe, 0xfa,
    0xfb, 0x00, 0x01, 0x03, 0x1b, 0x06, 0x06, 0xf8, 0xfa, 0xf7, 0xfe, 0xf9,
    0xfc, 0x01, 0xfd, 0xfb, 0x06, 0xff, 0x04, 0xf9, 0xf0, 0xfb, 0xfc, 0x00,
    0x09, 0x04, 0xff, 0x0a, 0xf7, 0x02, 0xf9, 0xfa, 0x04, 0x03, 0x01, 0x07,
    0x04, 0x04, 0xff, 0xf3, 0xfe, 0xf3, 0x02, 0x04, 0x0f, 0xfd, 0xfb, 0xf4,
    0x01, 0xf6, 0xff, 0x0d, 0x1f, 0x06, 0xf8, 0xf8, 0xfe, 0xf8, 0x03, 0x00,
    0x29, 0x09, 0x04, 0x00, 0x00, 0xf7, 0x09, 0x00, 0x11, 0x0a, 0x02, 0x08,
    0x06, 0x00, 0x06, 0x02, 0x1a, 0x05, 0xfd, 0x02, 0x0c, 0xfb, 0x0b, 0x10,
    0x06, 0x07, 0xfe, 0x00, 0x06, 0x06, 0x0a, 0x06, 0xf9, 0x55, 0xfc, 0x0a,
    0x06, 0x03, 0x0d, 0xe7, 0xff, 0xfc, 0x03, 0x2e, 0x7f, 0x2e, 0x2b, 0x1b,
    0xf0, 0xf3, 0xfd, 0x03, 0x08, 0x18, 0xfc, 0xf0, 0x05, 0xf4, 0x03, 0xf9,
    0xfc, 0xfb, 0xfb, 0x1a, 0x09, 0xf5, 0x07, 0xf4, 0xf6, 0xf7, 0xf2, 0xef,
    0x26, 0x01, 0x06, 0xf8, 0xfc, 0xf6, 0xfd, 0xfd, 0x11, 0xf6, 0x00, 0xf7,
    0xfc, 0xfe, 0xfc, 0xfe, 0xff, 0xfd, 0xfd, 0x08, 0x02, 0xf6, 0x03, 0x04,
    0x20, 0x00, 0xfe, 0xf3, 0xf5, 0xf9, 0x01, 0xff, 0x18, 0x02, 0x04, 0x03,
    0xf9, 0xf1, 0xfc, 0xfd, 0x0c, 0xff, 0x05, 0x05, 0xff, 0x01, 0xfc, 0xf8,
    0xea, 0xf4, 0x03, 0xfe, 0x02, 0x06, 0x06, 0x17, 0xee, 0xf6, 0x07, 0xf5,
    0x00, 0xf9, 0x00, 0x0d, 0x04, 0xf8, 0x06, 0xfc, 0xf7, 0xfb, 0xfc, 0x0b,
    0x16, 0x02, 0xfb, 0xfb, 0xf7, 0xf0, 0xfb, 0x09, 0x1b, 0x0a, 0x07, 0xf8,
    0xff, 0xf0, 0x01, 0x06, 0x24, 0x0e, 0xff, 0xfe, 0x00, 0xfb, 0x06, 0xfe,
    0x10, 0x0c, 0xfe, 0x04, 0x00, 0xf7, 0x03, 0x04, 0x0a, 0x0b, 0x02, 0x0b,
    0x08, 0x08, 0x09, 0x0e, 0xfe, 0x05, 0xfc, 0x01, 0x05, 0x02, 0xff, 0x04,
    0x00, 0x5d, 0x03, 0x06, 0x05, 0x00, 0x0c, 0xed, 0xff, 0x01, 0xfa, 0x28,
    0x70, 0x2d, 0x2b, 0x1b, 0xef, 0xf8, 0x02, 0x03, 0x08, 0x1f, 0xf9, 0xe7,
    0xf7, 0xf4, 0x03, 0xfc, 0xf4, 0xf4, 0xfa, 0x20, 0xfd, 0xfd, 0x07, 0xe9,
    0xfc, 0xfc, 0xfa, 0xf3, 0x15, 0xf9, 0x07, 0xf6, 0xfb, 0xf4, 0xf8, 0xf9,
    0x00, 0xfc, 0x04, 0x01, 0x06, 0xff, 0xfd, 0x07, 0x05, 0xf7, 0xfc, 0xfa,
    0x02, 0xf6, 0xfe, 0x09, 0x18, 0xf3, 0x05, 0xf5, 0xfe, 0xf7, 0x00, 0x03,
    0x1b, 0xff, 0x00, 0x02, 0xf8, 0xf4, 0xfc, 0xf5, 0xff, 0xfa, 0x04, 0x02,
    0x04, 0xfd, 0xff, 0xf3, 0xf1, 0xf2, 0xff, 0xfb, 0xfd, 0xff, 0x03, 0x0c,
    0xf9, 0xfb, 0x05, 0xfc, 0xfe, 0xfa, 0xff, 0x03, 0x12, 0x03, 0xff, 0xfd,
    0xfe, 0xf5, 0xf8, 0x0c, 0x13, 0xfc, 0x08, 0xf6, 0xfe, 0xf2, 0xfa, 0xfe,
    0x24, 0x0e, 0x04, 0xf6, 0xfe, 0xf5, 0x06, 0x01, 0x2c, 0x09, 0x05, 0x02,
    0x04, 0xf4, 0xff, 0xfd, 0x10, 0x05, 0xfc, 0x08, 0xff, 0xf4, 0x00, 0xf3,
    0x16, 0x02, 0x03, 0x07, 0x05, 0xf8, 0x11, 0x09, 0x05, 0x09, 0x00, 0x05,
    0x06, 0x0a, 0xff, 0x0a, 0x06, 0x55, 0xfb, 0x02, 0x05, 0xfe, 0x0c, 0xef,
    0xf6, 0x01, 0x07, 0x1d, 0x69, 0x32, 0x2f, 0x42, 0xee, 0xf9, 0x01, 0x00,
    0x0a, 0x1b, 0xff, 0xf2, 0xfc, 0xf3, 0x02, 0x02, 0xf9, 0xfd, 0xfc, 0x26,
    0xf8, 0xf6, 0xf9, 0xf1, 0xfd, 0xfb, 0xf9, 0xf1, 0x10, 0xff, 0xf8, 0xf3,
    0xfa, 0xf6, 0xf9, 0x05, 0x09, 0xf6, 0xf9, 0x00, 0x05, 0xff, 0xf4, 0x04,
    0xfe, 0x02, 0xff, 0x00, 0xf8, 0xf5, 0xfe, 0x09, 0x1b, 0xf9, 0x02, 0xf7,
    0xf7, 0x01, 0xfc, 0xff, 0x0d, 0x03, 0x07, 0xf8, 0x02, 0xef, 0xfc, 0xfb,
    0x03, 0xfd, 0xfc, 0x01, 0x01, 0x02, 0xfb, 0xfc, 0xf7, 0xf8, 0x05, 0xfc,
    0x02, 0x09, 0x00, 0x0a, 0xf1, 0xfb, 0x07, 0x03, 0x00, 0xff, 0xf4, 0x02,
    0x16, 0xff, 0x02, 0xfd, 0xf4, 0xfb, 0xf1, 0x01, 0x1f, 0xfd, 0x02, 0xfe,
    0xfb, 0xf9, 0xfb, 0xff, 0x30, 0x05, 0x05, 0xf2, 0xf2, 0xf0, 0x03, 0xf9,
    0x30, 0x10, 0xfa, 0xfd, 0x06, 0xf7, 0xf9, 0xf1, 0x1c, 0x0a, 0x08, 0x04,
    0x07, 0x04, 0x07, 0xf3, 0x08, 0x0b, 0xf8, 0x08, 0x00, 0x05, 0x0a, 0x0e,
    0x05, 0x01, 0xfe, 0x0b, 0x05, 0x08, 0x09, 0xe8, 0x02, 0x56, 0x00, 0x07,
    0x03, 0xfd, 0x0a, 0xe9, 0xf4, 0xfd, 0xfb, 0x33, 0x25, 0x0d, 0xfc, 0x14,
    0xde, 0xfb, 0xff, 0x0a, 0xfe, 0x2a, 0x04, 0xfa, 0x63, 0xf4, 0x01, 0xf4,
    0xfa, 0xf8, 0xf4, 0x05, 0x49, 0xfa, 0x04, 0xed, 0xfe, 0x07, 0xf9, 0xf2,
    0x3a, 0xf9, 0x07, 0xf5, 0xf9, 0xe3, 0xfc, 0xf2, 0x3f, 0xf7, 0x00, 0x00,
    0xf5, 0xff, 0xff, 0x00, 0x35, 0xfa, 0xfb, 0xf6, 0xf6, 0xf8, 0x05, 0x02,
    0x40, 0xfa, 0xff, 0xf4, 0xfb, 0xf8, 0xfb, 0x06, 0x3c, 0x09, 0x04, 0xfe,
    0xfd, 0xec, 0xf9, 0xf4, 0x39, 0xfe, 0x04, 0x08, 0xff, 0x09, 0x01, 0xf4,
    0x1f, 0xfb, 0xfb, 0xff, 0x01, 0x12, 0xfe, 0xfe, 0x19, 0xff, 0xf9, 0xf5,
    0x01, 0xfe, 0x02, 0x02, 0x23, 0x00, 0xfc, 0xf7, 0xf9, 0xf9, 0x02, 0xf9,
    0x26, 0x03, 0x08, 0xfb, 0x00, 0xfb, 0x02, 0xf9, 0x2c, 0x0c, 0x00, 0xf7,
    0xfb, 0xdf, 0x03, 0x04, 0x0a, 0x0d, 0x07, 0x06, 0xfd, 0xe9, 0xfc, 0xff,
    0x17, 0x10, 0xff, 0x0d, 0x04, 0xf4, 0x01, 0xfb, 0x06, 0x0b, 0xfc, 0x08,
    0x07, 0xfc, 0x06, 0x09, 0x07, 0x02, 0x00, 0x06, 0x02, 0x02, 0x09, 0xdb,
    0xfc, 0x52, 0xfd, 0x07, 0x08, 0xf7, 0x11, 0xfb, 0xfa, 0x03, 0x04, 0x0c,
    0x15, 0x10, 0xfe, 0xf9, 0x01, 0xfb, 0x03, 0x2c, 0xfd, 0x39, 0x02, 0xf8,
    0x05, 0xf5, 0x07, 0x00, 0xfd, 0xf4, 0xfa, 0xfb, 0xf9, 0xf3, 0x06, 0x00,
    0xfc, 0xfa, 0xfb, 0xf4, 0x05, 0xff, 0x01, 0xf4, 0xf5, 0xde, 0x00, 0xf9,
    0x03, 0xfc, 0x04, 0xff, 0xfa, 0x13, 0xfb, 0xf7, 0x05, 0x00, 0xfe, 0xf2,
    0xf7, 0xf2, 0xfc, 0xfb, 0xfb, 0xfc, 0xff, 0xf8, 0xfb, 0xfb, 0xfb, 0xfa,
    0x06, 0x09, 0x03, 0xfb, 0xfa, 0xf1, 0xfc, 0x03, 0x01, 0xfb, 0x00, 0x02,
    0x00, 0x11, 0x00, 0xf5, 0xff, 0xfb, 0x01, 0xf7, 0xfe, 0x0f, 0x02, 0x01,
    0x00, 0xfb, 0xfa, 0xf7, 0x01, 0x1a, 0xfa, 0xfd, 0x07, 0xf5, 0xff, 0xfc,
    0xff, 0x03, 0xfb, 0x03, 0x02, 0x03, 0x06, 0xfc, 0x02, 0xf2, 0xf9, 0x04,
    0x08, 0x09, 0x00, 0xff, 0x05, 0xdc, 0x02, 0xfc, 0xff, 0x13, 0xff, 0x08,
    0x09, 0xde, 0x03, 0xf4, 0xfb, 0x09, 0x08, 0x06, 0x03, 0xf0, 0x06, 0xfd,
    0xfe, 0x0f, 0xfc, 0x1a, 0xfd, 0xf6, 0x05, 0x00, 0x07, 0x11, 0xfd, 0xfc,
    0x03, 0xfe, 0x07, 0xe2, 0xfd, 0x39, 0xfe, 0x09, 0x06, 0xf0, 0x0d, 0xf7,
    0x07, 0xf9, 0x06, 0x0a, 0x24, 0x1e, 0x08, 0x01, 0xfc, 0xf8, 0xf9, 0xfe,
    0xfa, 0x47, 0xf8, 0x00, 0xfa, 0xfb, 0xf9, 0xfe, 0xfb, 0x1f, 0xf2, 0xf8,
    0x04, 0xee, 0x01, 0xff, 0xf3, 0x2c, 0xf6, 0xf5, 0x02, 0xfe, 0x00, 0xfc,
    0xfc, 0x27, 0xfd, 0xfd, 0xfa, 0xf1, 0x05, 0xfb, 0xfd, 0x24, 0xf9, 0xf4,
    0xfd, 0xfd, 0x01, 0xff, 0xf4, 0x09, 0xf8, 0xf4, 0xfc, 0xfa, 0x06, 0xfa,
    0xfa, 0xf6, 0xfb, 0x01, 0x01, 0x0c, 0xfa, 0x06, 0xfb, 0x05, 0xfe, 0xf6,
    0x06, 0x0b, 0xfb, 0x03, 0xff, 0x04, 0xff, 0x00, 0xfa, 0xf0, 0x03, 0xfa,
    0x07, 0x04, 0x04, 0xfc, 0xfb, 0xfa, 0x02, 0x06, 0xfa, 0x05, 0xfb, 0xf9,
    0x03, 0xf8, 0xfa, 0x05, 0xfe, 0xfa, 0xfd, 0xf9, 0x05, 0xfe, 0x01, 0x04,
    0xfc, 0xf9, 0xff, 0xfe, 0x02, 0x08, 0x00, 0x00, 0xf8, 0x05, 0x03, 0xf5,
    0xfe, 0x14, 0xfb, 0x02, 0x01, 0xfb, 0x0e, 0xfa, 0x01, 0x12, 0xfa, 0x06,
    0x07, 0xf9, 0x05, 0xfd, 0x02, 0x0b, 0x03, 0x00, 0x08, 0xf7, 0x0d, 0x04,
    0x07, 0x08, 0xfb, 0xfe, 0x00, 0xf4, 0x07, 0xfa, 0x03, 0x3f, 0xff, 0x18,
    0x0a, 0xc8, 0x0c, 0xfd, 0xf9, 0xfe, 0xfd, 0xe0, 0xa5, 0xee, 0xc8, 0xe1,
    0x0f, 0x21, 0xf7, 0x04, 0xcb, 0xe1, 0xf8, 0x1a, 0xfb, 0x21, 0x04, 0x05,
    0x18, 0xfc, 0x19, 0xf4, 0xf4, 0x09, 0x09, 0x10, 0x1c, 0xfd, 0x18, 0x17,
    0xf0, 0xe9, 0xfe, 0xff, 0x24, 0x07, 0x11, 0x2f, 0xfd, 0x0c, 0x04, 0x01,
    0x16, 0xfe, 0x10, 0x2a, 0x06, 0x10, 0x04, 0xfc, 0x0b, 0xfe, 0x16, 0x32,
    0x00, 0x0d, 0x08, 0x05, 0x1b, 0xfc, 0x19, 0x12, 0xf4, 0x0f, 0x01, 0x0b,
    0x1e, 0xfc, 0x1e, 0x05, 0xe9, 0xfd, 0x03, 0x03, 0x20, 0xfe, 0x1b, 0x3a,
    0xe4, 0x00, 0xf8, 0x0c, 0x25, 0x09, 0x1d, 0x3b, 0xdf, 0x00, 0xfb, 0x09,
    0x26, 0xfd, 0x29, 0x4f, 0xe9, 0x07, 0x07, 0xfc, 0x1a, 0xf7, 0x22, 0x53,
    0xf2, 0x16, 0xfd, 0x00, 0x1c, 0xf1, 0x1e, 0x55, 0x08, 0x13, 0xfb, 0xfb,
    0x1d, 0xfb, 0x23, 0x5b, 0xfa, 0x17, 0xfb, 0x0c, 0x1f, 0xfb, 0x28, 0x46,
    0x04, 0x23, 0xf9, 0x16, 0x24, 0x04, 0x2b, 0x5b, 0x09, 0x13, 0xf8, 0x09,
    0x2f, 0x00, 0x19, 0x27, 0xff, 0x33, 0xfd, 0x0c, 0x18, 0x0a, 0x2b, 0xfd,
    0xe1, 0xee, 0xff, 0x0e, 0x21, 0x06, 0x32, 0x01, 0xfe, 0xfe, 0x04, 0xd5,
    0x81, 0x0a, 0x97, 0xf9, 0xfd, 0x0f, 0x05, 0x0a, 0xea, 0xec, 0xea, 0x00,
    0xd1, 0x07, 0xfe, 0x08, 0x18, 0xfa, 0x15, 0x0f, 0xae, 0xfd, 0xfa, 0xff,
    0x20, 0x00, 0x12, 0x13, 0xaa, 0xd1, 0xf7, 0xf1, 0x13, 0x01, 0x08, 0x24,
    0xbc, 0x0d, 0xfd, 0xf9, 0x08, 0xf1, 0x0c, 0x17, 0xeb, 0x0c, 0x06, 0xf9,
    0x00, 0xfd, 0xfd, 0x08, 0xde, 0x11, 0x03, 0x05, 0x05, 0x00, 0x03, 0xe6,
    0xdb, 0xf6, 0xff, 0x05, 0x11, 0x0f, 0x0d, 0xef, 0xbf, 0xd3, 0xf7, 0xfc,
    0x0b, 0x0c, 0x08, 0x0d, 0xb1, 0xdf, 0xfa, 0xfa, 0x05, 0x0f, 0x00, 0x03,
    0xbd, 0xdd, 0x08, 0xfe, 0x06, 0xf8, 0x03, 0x16, 0xc8, 0xe6, 0x08, 0xf1,
    0x0f, 0x01, 0xfd, 0x2a, 0xd5, 0xff, 0x04, 0xf7, 0xf9, 0xf0, 0x06, 0x1a,
    0xf5, 0x15, 0x01, 0xf4, 0xfc, 0xf4, 0x07, 0x22, 0xee, 0x0e, 0x05, 0x09,
    0x03, 0x06, 0x0e, 0x17, 0xfb, 0x1b, 0x06, 0x04, 0x08, 0xff, 0x13, 0x1d,
    0x02, 0x1b, 0xff, 0xff, 0x18, 0x03, 0x14, 0x14, 0x9f, 0x33, 0xff, 0x13,
    0x0e, 0x02, 0x1e, 0xfe, 0x03, 0xba, 0x09, 0x0c, 0x12, 0x05, 0x1a, 0x04,
    0xf2, 0xf8, 0xfc, 0xea, 0x8c, 0xff, 0xf1, 0xc6, 0xc7, 0xf5, 0xf9, 0xf0,
    0xee, 0xed, 0xfe, 0xcf, 0xcf, 0x08, 0x06, 0xf1, 0x1a, 0xd2, 0x0b, 0xfe,
    0xd6, 0x07, 0x08, 0xf9, 0x12, 0xbf, 0x12, 0x28, 0xf5, 0xfb, 0x08, 0xf1,
    0x04, 0xcf, 0x03, 0x1d, 0x12, 0x0e, 0xfb, 0xea, 0xf8, 0xca, 0x00, 0xfb,
    0xf0, 0x17, 0xf9, 0xf1, 0xf3, 0xc6, 0xf2, 0x0a, 0xd7, 0x13, 0xfb, 0xf7,
    0x00, 0xd7, 0x07, 0xea, 0xdf, 0x12, 0xf9, 0xfb, 0x06, 0xd9, 0x08, 0xeb,
    0xdd, 0xfe, 0x02, 0xf7, 0x03, 0xfd, 0xf7, 0xf5, 0xe5, 0xf4, 0xf9, 0xfc,
    0x05, 0xfe, 0xf7, 0xe9, 0xfa, 0xf5, 0xfc, 0xfd, 0xf6, 0xf0, 0xf8, 0xf9,
    0x44, 0xff, 0xf8, 0xec, 0xeb, 0xd6, 0xf2, 0x12, 0x34, 0x17, 0x00, 0xfb,
    0xf2, 0xd6, 0xeb, 0xf3, 0x19, 0x13, 0xfc, 0xef, 0xf2, 0xc5, 0xf8, 0xfd,
    0xfe, 0x11, 0xf8, 0xfc, 0x03, 0xd4, 0x05, 0xf9, 0x0e, 0x0f, 0xf7, 0xf7,
    0x0a, 0xc9, 0x0b, 0x1a, 0xf3, 0x18, 0xfc, 0xff, 0x0d, 0xd2, 0x03, 0x01,
    0xee, 0x16, 0xfe, 0x0a, 0x09, 0xfa, 0x10, 0xe2, 0x09, 0x09, 0x05, 0x02,
    0x12, 0x08, 0x1e, 0x23, 0xd3, 0xfe, 0x05, 0x03, 0xa6, 0xfe, 0xf1, 0xc6,
    0xac, 0xe5, 0xfe, 0xea, 0xfa, 0x0f, 0xf8, 0xdf, 0xc4, 0xf8, 0x03, 0xef,
    0xf8, 0xd0, 0xfd, 0x08, 0xe7, 0x02, 0xfd, 0xf0, 0x05, 0xc7, 0x03, 0x22,
    0x32, 0xf5, 0x03, 0xf0, 0xfe, 0xc1, 0xfa, 0x23, 0x3b, 0x10, 0xfc, 0xfa,
    0xea, 0xbf, 0xf0, 0xee, 0x20, 0x08, 0xfc, 0xf6, 0xf3, 0xdd, 0xfd, 0xff,
    0xc4, 0x0a, 0x04, 0x00, 0x09, 0xf7, 0xfb, 0xdc, 0xd6, 0x12, 0xf9, 0xfe,
    0x08, 0x09, 0x04, 0xec, 0xd2, 0xf9, 0xf8, 0x0f, 0x11, 0x10, 0x02, 0xfc,
    0xfd, 0xe5, 0xfa, 0x02, 0x03, 0x18, 0xf1, 0xdb, 0x2d, 0xe7, 0xfa, 0xfb,
    0xf3, 0x23, 0xee, 0xfa, 0x65, 0xed, 0xf7, 0xf4, 0xef, 0x15, 0xe2, 0x04,
    0x5c, 0x0d, 0xf9, 0x01, 0xee, 0xec, 0xf1, 0xd9, 0x3c, 0x0a, 0xfc, 0xfc,
    0xf0, 0xec, 0xfd, 0xdf, 0x21, 0x09, 0x02, 0xff, 0xfb, 0xfd, 0xfc, 0xf9,
    0x22, 0x12, 0xfb, 0xf5, 0xfd, 0xea, 0x0a, 0x0c, 0x17, 0x0e, 0x08, 0x03,
    0x0f, 0xef, 0x07, 0xdf, 0xc5, 0x16, 0x01, 0x0e, 0x0a, 0x06, 0x14, 0xee,
    0xfb, 0xfe, 0x00, 0x0b, 0x04, 0x08, 0x14, 0x24, 0xb3, 0xfe, 0x04, 0x0e,
    0xff, 0xf7, 0xdc, 0xfa, 0xa5, 0xd4, 0xfd, 0xea, 0xf4, 0x24, 0xe5, 0x01,
    0xcc, 0xf3, 0xfb, 0xec, 0xdb, 0xee, 0xe7, 0x0e, 0x1f, 0x00, 0xf9, 0xed,
    0xdc, 0xc8, 0xe0, 0x25, 0x3e, 0xfe, 0x02, 0xf3, 0xd2, 0xcb, 0xe4, 0x22,
    0x38, 0x19, 0xff, 0xeb, 0xd5, 0xba, 0xeb, 0xe8, 0x14, 0x0e, 0xf9, 0xf5,
    0xef, 0xe3, 0xf4, 0xe3, 0xc6, 0x05, 0x08, 0xf7, 0x05, 0x10, 0xfa, 0xda,
    0xaf, 0x09, 0xfe, 0x05, 0x11, 0x0c, 0x03, 0x0f, 0xb7, 0x03, 0x04, 0x08,
    0x0f, 0x18, 0x06, 0x04, 0xf4, 0xfd, 0xfe, 0x03, 0x0b, 0x22, 0xf7, 0xf4,
    0x10, 0xe8, 0xf7, 0x08, 0x00, 0x1a, 0xfa, 0x09, 0x2a, 0xf7, 0xfc, 0x05,
    0xf7, 0x1c, 0xef, 0x01, 0x3c, 0x03, 0xf9, 0x08, 0xec, 0xee, 0xf3, 0xc2,
    0x0f, 0x01, 0x02, 0xff, 0xfa, 0xfb, 0xf4, 0xd2, 0x01, 0x02, 0x05, 0x05,
    0x02, 0x12, 0x02, 0x09, 0x0f, 0x03, 0xfa, 0xfa, 0x01, 0xe5, 0xfc, 0x17,
    0x15, 0x0c, 0xf9, 0xfd, 0xfa, 0xfb, 0x03, 0xcb, 0xbc, 0x18, 0x02, 0x0e,
    0x0c, 0x03, 0x17, 0xe5, 0xf8, 0xee, 0xfc, 0x0a, 0x0f, 0x0a, 0x12, 0x13,
    0xc0, 0x02, 0xf8, 0x19, 0x28, 0xf6, 0xf0, 0x06, 0xb1, 0xd5, 0xf8, 0xeb,
    0x07, 0x29, 0xf1, 0x11, 0xe6, 0xea, 0x03, 0xf1, 0xd1, 0xdf, 0xe3, 0x00,
    0x11, 0xf2, 0x09, 0xf2, 0xcc, 0xc9, 0xe5, 0x24, 0x29, 0xf7, 0x08, 0xea,
    0xcf, 0xbe, 0xec, 0x11, 0x34, 0x2a, 0xf9, 0xf4, 0xd2, 0xa8, 0xe5, 0xcc,
    0x10, 0x07, 0x01, 0xfd, 0xf4, 0xe2, 0xf5, 0xe2, 0xb8, 0x06, 0xfd, 0xfe,
    0x08, 0x00, 0x05, 0xda, 0xaa, 0x03, 0xfb, 0x0b, 0x04, 0xff, 0x08, 0x13,
    0xa9, 0x02, 0x00, 0xfe, 0x0b, 0x09, 0x11, 0x1a, 0xdd, 0x06, 0x01, 0x0c,
    0x10, 0x07, 0x03, 0x00, 0xf4, 0xf3, 0xfe, 0x02, 0x03, 0x18, 0x04, 0x1c,
    0x14, 0xf5, 0x08, 0xfa, 0xfb, 0x0a, 0xfd, 0x1b, 0x0a, 0x08, 0xfe, 0xf8,
    0xfa, 0xf5, 0x01, 0xd8, 0xff, 0x06, 0xf7, 0xff, 0x06, 0x06, 0x07, 0xdb,
    0xf5, 0xf8, 0x08, 0xfc, 0x0b, 0x0b, 0x04, 0x14, 0x0e, 0x09, 0xfe, 0xfb,
    0xff, 0xe4, 0x07, 0x0d, 0x11, 0x10, 0x06, 0x02, 0xfc, 0xf6, 0x07, 0xc5,
    0xc7, 0x21, 0x03, 0x0f, 0xfb, 0xfd, 0x02, 0xd4, 0x09, 0xde, 0x03, 0x04,
    0x0f, 0x0d, 0x0b, 0x17, 0xc5, 0x07, 0x02, 0x27, 0x48, 0xf9, 0xf2, 0x0e,
    0xd3, 0xca, 0xf7, 0xf2, 0xf6, 0x3d, 0xdd, 0x2e, 0x00, 0xe7, 0x07, 0xec,
    0xc9, 0xee, 0xe2, 0x00, 0x21, 0xed, 0x02, 0xf8, 0xca, 0xcd, 0xdf, 0x18,
    0x37, 0xef, 0x07, 0xe8, 0xc8, 0xd1, 0xe2, 0x02, 0x26, 0x26, 0xfb, 0xed,
    0xde, 0xb9, 0xeb, 0xc2, 0x01, 0x0a, 0x06, 0xfe, 0xf7, 0xdd, 0x04, 0xef,
    0xb7, 0x08, 0xfb, 0x06, 0x15, 0x04, 0x07, 0xe8, 0xb2, 0xfc, 0x02, 0x09,
    0x0f, 0x09, 0x0c, 0x10, 0xa6, 0x01, 0x00, 0x00, 0x0e, 0x0c, 0x07, 0x16,
    0xdc, 0x01, 0xfa, 0x00, 0x0e, 0xfc, 0x09, 0x11, 0xec, 0x04, 0x01, 0x00,
    0x05, 0xff, 0x09, 0x1c, 0xf8, 0xf1, 0xf7, 0x06, 0x03, 0x07, 0x0b, 0x0d,
    0xf9, 0x12, 0x07, 0x05, 0x06, 0x04, 0xff, 0xe0, 0xff, 0x02, 0x01, 0x05,
    0x0d, 0x03, 0x09, 0xde, 0xf5, 0xf9, 0xfc, 0x00, 0x06, 0x03, 0xff, 0x0d,
    0x03, 0x0a, 0xfa, 0xfe, 0xf6, 0xf9, 0xfa, 0x0c, 0x17, 0x0b, 0xf7, 0x04,
    0xf7, 0xf5, 0xfe, 0xb4, 0xb9, 0x22, 0xff, 0x0c, 0x07, 0x01, 0x07, 0xd5,
    0xf7, 0xe6, 0xfc, 0x0d, 0x09, 0x0e, 0x06, 0x0c, 0xdd, 0xf9, 0x04, 0x1d,
    0x4c, 0x02, 0xf9, 0x0b, 0xfd, 0xde, 0xfa, 0xf9, 0xf0, 0x2e, 0xea, 0x2c,
    0x2c, 0xf6, 0x04, 0xfd, 0xc7, 0xed, 0xed, 0xf7, 0x2e, 0xf4, 0x03, 0xf4,
    0xc5, 0xdd, 0xe5, 0x01, 0x37, 0xe8, 0x09, 0xe7, 0xce, 0xee, 0xf2, 0xef,
    0x26, 0x1c, 0x05, 0xfd, 0xd9, 0xcd, 0xf3, 0xd2, 0xfa, 0x1c, 0xfa, 0xff,
    0x01, 0xea, 0xfc, 0x0d, 0xd1, 0x0c, 0x05, 0xfe, 0x11, 0xfc, 0x04, 0xe6,
    0xcd, 0x01, 0x08, 0x03, 0x12, 0x06, 0x0e, 0x0f, 0xd1, 0xf1, 0x00, 0xf6,
    0x05, 0x06, 0x02, 0x2e, 0xfd, 0x0a, 0x06, 0x04, 0x09, 0xea, 0xfc, 0x18,
    0x07, 0x09, 0xf7, 0x08, 0x06, 0xed, 0x04, 0x09, 0x06, 0xfc, 0xff, 0xf7,
    0xff, 0xfc, 0xfc, 0x11, 0x07, 0x0d, 0x02, 0x0a, 0xf9, 0x01, 0x02, 0xe1,
    0x06, 0x06, 0xf8, 0x06, 0x08, 0x06, 0xfb, 0xe0, 0x0b, 0xf9, 0x01, 0x08,
    0x01, 0x08, 0x04, 0x1a, 0x1f, 0x09, 0xfa, 0xfa, 0xf2, 0xf9, 0xfe, 0x0b,
    0x2c, 0x14, 0x09, 0x03, 0xfa, 0xf7, 0x03, 0xb4, 0xb3, 0x14, 0x09, 0x0c,
    0x04, 0x00, 0x0f, 0xe5, 0x00, 0xd3, 0x02, 0xfc, 0x07, 0x0d, 0x0b, 0x09,
    0xd9, 0xef, 0x06, 0x0d, 0x54, 0xfd, 0xf3, 0x12, 0x13, 0xe6, 0x02, 0xf2,
    0xd1, 0x21, 0xed, 0x32, 0x23, 0xf6, 0xff, 0xfb, 0xdc, 0xeb, 0xef, 0xea,
    0x21, 0xf8, 0xfa, 0x00, 0xd3, 0xf5, 0xf3, 0xf2, 0x2f, 0xed, 0xff, 0xf0,
    0xd8, 0x04, 0xf3, 0xf5, 0x0e, 0x25, 0xfb, 0xfe, 0xdd, 0xdc, 0xeb, 0xcb,
    0xfc, 0x0b, 0xfb, 0xfb, 0x06, 0xf6, 0xfc, 0xf3, 0xdb, 0x00, 0xf9, 0x00,
    0x14, 0x03, 0x0e, 0xdb, 0xcc, 0x04, 0xfb, 0x0a, 0x0d, 0x0a, 0x04, 0x0a,
    0xd7, 0xee, 0xf7, 0xec, 0x01, 0xfb, 0x03, 0x2b, 0x0e, 0x03, 0x09, 0xf5,
    0xfd, 0xe2, 0x08, 0x10, 0x0d, 0x19, 0xf9, 0xfb, 0x08, 0xf7, 0x0a, 0xfd,
    0x0f, 0x06, 0x05, 0xfc, 0x09, 0xff, 0x0e, 0x1a, 0x01, 0x09, 0x08, 0x02,
    0x13, 0xff, 0x11, 0xf8, 0x01, 0x0e, 0xfd, 0x0f, 0x0a, 0x02, 0x08, 0xf2,
    0x07, 0x0c, 0xff, 0x04, 0x05, 0x03, 0x10, 0x32, 0x19, 0x08, 0xff, 0x03,
    0xff, 0xf5, 0xfe, 0x14, 0x2f, 0x0b, 0x04, 0x05, 0x08, 0xf3, 0x03, 0xb4,
    0xcb, 0x1b, 0x08, 0x18, 0x0f, 0x09, 0x05, 0xd1, 0xfb, 0xca, 0x06, 0x04,
    0x0e, 0x0b, 0x05, 0x08, 0xf6, 0x06, 0x08, 0x0b, 0x32, 0xe5, 0xf9, 0x12,
    0x12, 0xea, 0x09, 0xf1, 0xe7, 0x17, 0xef, 0x3b, 0x1d, 0xf7, 0x00, 0xfe,
    0xf2, 0xef, 0xfb, 0xf6, 0x13, 0x06, 0xf9, 0x07, 0xe6, 0xea, 0xfe, 0xf4,
    0x12, 0xe7, 0x03, 0x05, 0xf9, 0x07, 0x01, 0xff, 0x0a, 0x12, 0xfe, 0x05,
    0xf1, 0xe7, 0x06, 0xf4, 0x0f, 0x0d, 0x01, 0xfd, 0x00, 0xf6, 0x03, 0xfb,
    0xd8, 0xff, 0x04, 0x01, 0x1a, 0x03, 0x0e, 0xe0, 0xcc, 0xf7, 0xf9, 0xff,
    0x11, 0x08, 0x0a, 0x24, 0xd2, 0xea, 0xff, 0x00, 0x03, 0xfe, 0x13, 0x46,
    0x06, 0x07, 0x03, 0x01, 0x05, 0xe9, 0x01, 0x24, 0x09, 0x16, 0xf9, 0x01,
    0x0f, 0xe8, 0x0c, 0x02, 0x02, 0x05, 0x02, 0xfa, 0x0b, 0xf3, 0x0f, 0x2e,
    0xf4, 0x07, 0x08, 0x05, 0x09, 0xfc, 0x0d, 0x0c, 0x06, 0x0a, 0xfe, 0xfe,
    0x14, 0x01, 0x0e, 0x0b, 0x07, 0x06, 0xfd, 0x07, 0x08, 0xfe, 0x17, 0x2f,
    0x31, 0x0a, 0xf7, 0x04, 0x09, 0xed, 0x0f, 0x1d, 0x2c, 0x0e, 0x02, 0x04,
    0x0e, 0xfd, 0x0f, 0xd8, 0xda, 0x16, 0xff, 0x14, 0x0c, 0x0c, 0x0c, 0xfe,
    0x00, 0xd3, 0x02, 0x0a, 0x03, 0x06, 0x1c, 0x0f, 0xf6, 0xfa, 0xf7, 0x03,
    0x20, 0xe9, 0xe9, 0x00, 0x07, 0xf9, 0x08, 0xed, 0xc5, 0x0b, 0xec, 0x40,
    0x1c, 0xfd, 0x07, 0xf3, 0xff, 0xf5, 0xf5, 0xe4, 0x1e, 0x0e, 0xf8, 0x0e,
    0xfe, 0xeb, 0x04, 0xf2, 0x10, 0xf5, 0x02, 0xfb, 0xfc, 0x04, 0x03, 0x07,
    0x0c, 0x05, 0xfa, 0x02, 0x06, 0xf7, 0x08, 0xf9, 0x04, 0xff, 0x05, 0xff,
    0x04, 0xfb, 0x05, 0xfa, 0xf0, 0xff, 0xfd, 0x03, 0x13, 0xff, 0x0c, 0xe7,
    0xcd, 0xf0, 0x04, 0x00, 0x0a, 0x09, 0x00, 0x1e, 0xe5, 0xf0, 0xfe, 0xf1,
    0xf9, 0x01, 0x00, 0x3d, 0x0f, 0xfd, 0x00, 0xed, 0xf1, 0xe4, 0x04, 0x16,
    0x09, 0x0c, 0x07, 0xfc, 0xff, 0xeb, 0x04, 0xf1, 0x09, 0x03, 0x01, 0xfe,
    0x0f, 0xfb, 0x0e, 0x1c, 0xff, 0x00, 0x01, 0xf9, 0x0a, 0x0b, 0x04, 0x08,
    0x07, 0x04, 0xfd, 0xfd, 0x0c, 0xf8, 0x09, 0x17, 0x06, 0xfc, 0xfb, 0x00,
    0x0a, 0xf9, 0x09, 0x31, 0x20, 0x0b, 0x02, 0xf7, 0x00, 0xeb, 0x12, 0x1d,
    0x28, 0x10, 0x03, 0x03, 0x0e, 0xf3, 0x16, 0xeb, 0xc8, 0x20, 0xfd, 0x0b,
    0x0e, 0xfe, 0x20, 0x1e, 0xfe, 0xe6, 0x01, 0xfd, 0x09, 0x0a, 0x15, 0x13,
    0x00, 0xfd, 0xf7, 0xfc, 0xf6, 0xec, 0xe3, 0xee, 0xfd, 0xfe, 0xfa, 0xf6,
    0xd2, 0xfc, 0xe6, 0x2f, 0x0a, 0xf8, 0x09, 0xf3, 0xf0, 0xff, 0xf9, 0xe9,
    0x17, 0x06, 0x06, 0xff, 0xff, 0xf4, 0xfd, 0xf3, 0x0f, 0xf4, 0x06, 0xfb,
    0x01, 0x00, 0x04, 0x11, 0x03, 0x08, 0x02, 0x03, 0xfa, 0xe9, 0x0c, 0xec,
    0x09, 0x0a, 0xfc, 0xfb, 0x01, 0xfa, 0x0b, 0xee, 0xf0, 0x01, 0x01, 0x00,
    0x04, 0x0a, 0x03, 0xe2, 0xdd, 0xf0, 0x06, 0x04, 0x04, 0x08, 0xf7, 0x07,
    0xf9, 0xee, 0x05, 0xf3, 0xf8, 0x00, 0x04, 0x27, 0x0f, 0xfa, 0x07, 0xee,
    0xe9, 0xe5, 0xfa, 0x00, 0x22, 0x10, 0xf9, 0xf3, 0xfc, 0xe6, 0x00, 0xe1,
    0x0d, 0x05, 0x01, 0xfa, 0xfb, 0xfb, 0x01, 0x11, 0xf5, 0x04, 0xfb, 0xfd,
    0x06, 0xfd, 0x03, 0x02, 0x09, 0x08, 0xf7, 0xfe, 0xff, 0xf5, 0x01, 0x1a,
    0x0d, 0xfb, 0xff, 0x02, 0x0a, 0xf2, 0xfd, 0x29, 0x25, 0x03, 0x00, 0xfa,
    0xfd, 0xe2, 0x00, 0x22, 0x14, 0x10, 0x05, 0xf5, 0x0d, 0xe2, 0x0e, 0xfc,
    0xc4, 0x18, 0x01, 0x0b, 0x04, 0x00, 0x1b, 0x1c, 0x03, 0xdc, 0x07, 0x07,
    0x07, 0x05, 0x15, 0x27, 0xfe, 0xf8, 0xf9, 0xf0, 0xe9, 0xeb, 0xdd, 0xd9,
    0x1a, 0x0a, 0x00, 0xf5, 0xd5, 0xf6, 0xdc, 0x2a, 0x0b, 0xf5, 0x07, 0xf4,
    0xf9, 0x00, 0xf5, 0xdb, 0x10, 0x09, 0x00, 0x0f, 0xfa, 0xf9, 0xfc, 0xe8,
    0x16, 0xf5, 0x01, 0x06, 0x08, 0x06, 0x05, 0x15, 0x0d, 0xfa, 0x04, 0xf8,
    0xfa, 0xea, 0xfc, 0xfd, 0x08, 0xff, 0x06, 0x02, 0x0c, 0x00, 0x12, 0xf8,
    0xee, 0xf7, 0x04, 0xff, 0x1c, 0x09, 0x0e, 0xe3, 0xe4, 0xf2, 0xf9, 0x05,
    0xfe, 0x10, 0xfd, 0x10, 0xfa, 0xe6, 0x05, 0xf1, 0xf3, 0x05, 0xfa, 0x25,
    0x1a, 0xff, 0xff, 0xf5, 0xe5, 0xf4, 0xf3, 0xfd, 0x19, 0x11, 0x09, 0x04,
    0xf3, 0xeb, 0xfc, 0xd3, 0x12, 0xfd, 0x09, 0x08, 0x0a, 0x02, 0x07, 0x0e,
    0x07, 0x02, 0x00, 0x05, 0x0a, 0xfa, 0x02, 0xfd, 0x13, 0x00, 0x07, 0xfd,
    0x00, 0x01, 0x02, 0xfe, 0x11, 0xfb, 0x06, 0xfc, 0xf9, 0xf5, 0x08, 0x18,
    0x23, 0xff, 0xfb, 0xfd, 0xf0, 0xe7, 0x0d, 0x0b, 0x1d, 0x01, 0xfe, 0x01,
    0x0c, 0xe8, 0xff, 0xfa, 0x08, 0x07, 0xfc, 0xfd, 0x01, 0xfb, 0x0e, 0x26,
    0xf9, 0xe3, 0xf7, 0x01, 0x06, 0xff, 0x05, 0x30, 0xf9, 0xf4, 0x05, 0xe3,
    0xc3, 0xec, 0xc7, 0xc8, 0x17, 0x01, 0xfa, 0xf1, 0xd9, 0xef, 0xec, 0x07,
    0x01, 0xf2, 0x01, 0xf8, 0x03, 0x0c, 0xfd, 0xdb, 0x03, 0x05, 0xf9, 0xff,
    0xf6, 0xf8, 0xf7, 0xfd, 0x0b, 0x02, 0xfc, 0xfb, 0xfc, 0xfb, 0xf9, 0x03,
    0x0e, 0x03, 0xfa, 0x00, 0xfb, 0xf7, 0xf6, 0xf4, 0x0e, 0xfd, 0x08, 0x05,
    0x09, 0xfc, 0xfc, 0xdc, 0xea, 0xfd, 0xfb, 0x04, 0x0d, 0x07, 0xfe, 0xe6,
    0xe8, 0x00, 0xfb, 0xff, 0x01, 0x0b, 0x08, 0x10, 0xfe, 0xf0, 0xfc, 0xff,
    0xf3, 0x06, 0x00, 0x22, 0x21, 0x02, 0x04, 0xf1, 0xef, 0xec, 0xfd, 0xf7,
    0x1b, 0x06, 0x02, 0x06, 0x00, 0xf4, 0x08, 0xd4, 0x12, 0xf8, 0x07, 0x00,
    0xfe, 0xff, 0x05, 0x07, 0xf9, 0xfc, 0x04, 0x02, 0x01, 0x05, 0x04, 0xee,
    0x21, 0xfc, 0xf9, 0x09, 0x02, 0x08, 0x07, 0x04, 0x1d, 0xf4, 0x06, 0x04,
    0xf9, 0x01, 0x07, 0x0b, 0x26, 0x06, 0xf9, 0xfb, 0xf7, 0xe7, 0x05, 0x0c,
    0x1e, 0x0d, 0x09, 0x03, 0x03, 0xef, 0x05, 0xf3, 0x50, 0x11, 0x02, 0x00,
    0x07, 0xf7, 0x11, 0x33, 0x01, 0xe4, 0x00, 0xf6, 0x02, 0xfd, 0x0f, 0x25,
    0x04, 0xf7, 0x01, 0xe4, 0xac, 0xef, 0xdf, 0xb3, 0x04, 0x0f, 0xfc, 0x00,
    0xd5, 0xe7, 0xf0, 0x01, 0xfb, 0x01, 0xf8, 0xfb, 0x07, 0x0e, 0x01, 0xe6,
    0xf8, 0x0c, 0x01, 0x06, 0x00, 0xfc, 0xfb, 0xf9, 0x13, 0xfc, 0xf7, 0xfc,
    0xfc, 0x01, 0xfe, 0xff, 0x17, 0x08, 0xf9, 0xfa, 0x05, 0xf5, 0x06, 0xee,
    0x13, 0x00, 0xfb, 0x04, 0x04, 0x05, 0x03, 0xf3, 0xf2, 0xf5, 0xfa, 0x0e,
    0x0b, 0x08, 0x06, 0xe4, 0xfe, 0xef, 0xfb, 0x0a, 0xfa, 0x0d, 0xf6, 0x0e,
    0x14, 0xf0, 0x07, 0x05, 0xfd, 0x03, 0xff, 0x1e, 0x1e, 0xf4, 0x02, 0xfc,
    0xeb, 0xeb, 0xf9, 0xfa, 0x1e, 0xff, 0x04, 0xfd, 0xf0, 0xf2, 0x00, 0xe0,
    0x0a, 0x00, 0xf8, 0xfb, 0x05, 0x00, 0xf9, 0x0c, 0x08, 0xf8, 0x05, 0x04,
    0x02, 0x01, 0x05, 0xec, 0x26, 0xfd, 0x00, 0xfa, 0xff, 0x03, 0xfc, 0xfe,
    0x11, 0xf0, 0x09, 0xfa, 0xfe, 0x09, 0x02, 0x13, 0x29, 0xfb, 0x00, 0xf5,
    0xfd, 0xed, 0xff, 0x0a, 0x20, 0xff, 0x06, 0xf5, 0x07, 0xf9, 0x07, 0xf0,
    0x3d, 0x07, 0xf8, 0x04, 0x01, 0xf8, 0xfd, 0x26, 0x06, 0xeb, 0xfe, 0xff,
    0x00, 0xfe, 0xfe, 0x28, 0xfd, 0x01, 0x09, 0xeb, 0xb0, 0xe0, 0xdf, 0xb3,
    0x07, 0x0c, 0x06, 0xfc, 0xde, 0xda, 0xf1, 0xe5, 0xe6, 0xfd, 0x04, 0x0a,
    0x11, 0x0a, 0xfe, 0xe8, 0xf7, 0xfa, 0xff, 0x06, 0xf7, 0xfc, 0x02, 0x09,
    0x0d, 0xfd, 0xf8, 0x00, 0xf4, 0x03, 0xf7, 0xf3, 0x19, 0x00, 0x05, 0x04,
    0xfd, 0xff, 0xff, 0xeb, 0x12, 0xfe, 0xff, 0xfe, 0x05, 0x07, 0x01, 0xee,
    0xed, 0xff, 0xfc, 0x03, 0x05, 0x09, 0xf6, 0xe5, 0xf2, 0xee, 0xff, 0xf8,
    0x03, 0x02, 0x02, 0x02, 0x0b, 0xf7, 0xfc, 0xf9, 0xf2, 0xf9, 0x01, 0x10,
    0x20, 0x00, 0x01, 0xf9, 0xea, 0xf2, 0xef, 0xe9, 0x0f, 0x07, 0xf8, 0xfc,
    0x00, 0xf0, 0x00, 0xe7, 0x20, 0x01, 0xfc, 0x08, 0x04, 0x09, 0x09, 0x09,
    0x07, 0xfd, 0xfa, 0x01, 0x07, 0x00, 0x01, 0xf3, 0x0e, 0xfd, 0x03, 0xfd,
    0x09, 0xf9, 0xf2, 0xea, 0x0c, 0xf6, 0xfa, 0xfe, 0xff, 0x01, 0x00, 0xfb,
    0x21, 0xee, 0xf8, 0xfc, 0xf4, 0xfb, 0xfb, 0xfc, 0x18, 0xfd, 0xf8, 0xf4,
    0x05, 0xf3, 0xfa, 0xf8, 0x4b, 0x04, 0xfc, 0xf7, 0x01, 0xf8, 0xf3, 0x20,
    0x08, 0xe6, 0xf8, 0xfb, 0x04, 0x01, 0xfa, 0x16, 0xfe, 0xfa, 0xfc, 0xf3,
    0x9c, 0xea, 0xe1, 0xb4, 0x03, 0x15, 0xfb, 0xfd, 0xdb, 0xe4, 0xe6, 0xea,
    0xf1, 0xf6, 0x04, 0x05, 0x0f, 0x00, 0xff, 0xe0, 0xef, 0x03, 0xfa, 0x05,
    0xf8, 0xf6, 0xf3, 0x0c, 0x11, 0xf9, 0x03, 0xf4, 0xfd, 0xfc, 0xfd, 0xfa,
    0x1b, 0x10, 0xf8, 0x06, 0x02, 0xfd, 0x05, 0xe5, 0x19, 0xfd, 0x04, 0x03,
    0x0a, 0x09, 0xfa, 0xeb, 0xfc, 0xfe, 0x07, 0x0b, 0x02, 0x03, 0xfa, 0xe7,
    0xf7, 0xf1, 0xfc, 0xfd, 0x05, 0x11, 0xfb, 0x14, 0x10, 0xed, 0x07, 0x04,
    0x00, 0x06, 0xfc, 0x12, 0x1b, 0x0b, 0x00, 0x03, 0xf7, 0xf3, 0xfe, 0xde,
    0x11, 0xff, 0x08, 0xf8, 0x04, 0xfb, 0xff, 0xe7, 0x1b, 0xfc, 0x09, 0xfb,
    0x06, 0x01, 0xfe, 0x06, 0x1d, 0xff, 0xfd, 0x03, 0xff, 0xfa, 0xf8, 0xf1,
    0x11, 0xf5, 0x04, 0x02, 0xfe, 0x00, 0xf9, 0xf7, 0x15, 0xf0, 0xfb, 0xff,
    0xfc, 0x0a, 0xff, 0x09, 0x23, 0xee, 0x05, 0x04, 0xfa, 0x05, 0xf3, 0xfd,
    0x1d, 0xf0, 0x04, 0xfd, 0xf4, 0xf7, 0xf6, 0xef, 0x3b, 0xf7, 0xf9, 0xf7,
    0xf6, 0xfc, 0xf7, 0x21, 0x0a, 0xe2, 0x04, 0x03, 0x01, 0xf8, 0xfe, 0x0b,
    0x09, 0xfd, 0xff, 0xea, 0xa1, 0xdb, 0xd7, 0xa6, 0x12, 0x0d, 0x05, 0x01,
    0xd4, 0xe5, 0xea, 0xd4, 0xf6, 0x02, 0xf8, 0x06, 0x07, 0x07, 0x04, 0xf2,
    0xf6, 0xf0, 0xfb, 0x04, 0xf2, 0xfb, 0x00, 0x06, 0x0e, 0xf5, 0x04, 0x06,
    0xf3, 0x00, 0xf9, 0x01, 0x24, 0x12, 0x00, 0xff, 0x01, 0xf7, 0x03, 0xf6,
    0x18, 0xfd, 0xfe, 0x00, 0x0a, 0x0d, 0x00, 0xfe, 0xf5, 0x04, 0x03, 0x09,
    0x0c, 0x13, 0x07, 0xe8, 0xfd, 0xef, 0xfd, 0xfc, 0x05, 0x07, 0xff, 0x0a,
    0x16, 0xfe, 0x02, 0xfc, 0xf3, 0xff, 0xfe, 0x12, 0x1d, 0x09, 0xff, 0xfc,
    0xf9, 0xf8, 0xf5, 0xee, 0x14, 0x07, 0xfe, 0x04, 0x02, 0xff, 0x03, 0xee,
    0x11, 0xf1, 0x06, 0xfc, 0x09, 0x0b, 0x07, 0xf7, 0xff, 0xf9, 0x02, 0x07,
    0x01, 0x09, 0xfb, 0xea, 0x17, 0xf9, 0xf8, 0xfb, 0xfc, 0x04, 0xfa, 0xf9,
    0x03, 0xf8, 0xfd, 0xf8, 0x05, 0x0d, 0xfb, 0xfd, 0x0c, 0xf4, 0xf7, 0x06,
    0xfc, 0x06, 0xfe, 0x00, 0x14, 0xed, 0x06, 0xf4, 0xfa, 0xf6, 0xf2, 0xfa,
    0x25, 0xf9, 0xf8, 0xf8, 0xfd, 0xf9, 0x04, 0x0d, 0x09, 0xdd, 0x05, 0xfb,
    0x04, 0x00, 0xf3, 0x0d, 0xff, 0xfb, 0xf9, 0xe3, 0xab, 0xc9, 0xd0, 0xa9,
    0x11, 0x09, 0x00, 0x08, 0xd1, 0xe9, 0xe8, 0xd5, 0xf8, 0xfa, 0xf7, 0xfa,
    0x01, 0x13, 0xf7, 0xe8, 0xfb, 0x06, 0xfd, 0xfb, 0xf9, 0xfd, 0xf4, 0x24,
    0x0d, 0xf9, 0x01, 0x00, 0xfa, 0x01, 0xfe, 0x0e, 0x22, 0x11, 0xfc, 0xfc,
    0x02, 0xf0, 0xfd, 0xec, 0x19, 0x01, 0xf8, 0x0f, 0x10, 0x0a, 0xf6, 0xee,
    0xf9, 0xfd, 0x07, 0x05, 0x0e, 0x0c, 0x0b, 0xe9, 0xed, 0xf5, 0x09, 0x05,
    0x09, 0x0e, 0x01, 0x10, 0x04, 0xed, 0xfe, 0xf6, 0xf9, 0xfa, 0xf5, 0x11,
    0x2a, 0x09, 0xfc, 0xfb, 0xf5, 0xf7, 0xf7, 0xe7, 0x15, 0x08, 0xff, 0x04,
    0x02, 0xff, 0xff, 0xf2, 0x02, 0xfb, 0xfb, 0x01, 0x08, 0x08, 0xfe, 0xf7,
    0x05, 0xfc, 0x03, 0x00, 0xfd, 0x05, 0x08, 0xee, 0x05, 0xfe, 0x00, 0x04,
    0xf3, 0x04, 0x02, 0xef, 0xfd, 0xef, 0x00, 0x04, 0x07, 0x01, 0xff, 0x08,
    0x0a, 0xf6, 0xfa, 0xf4, 0xfe, 0x02, 0xff, 0x02, 0x0a, 0xf3, 0x03, 0xf7,
    0x00, 0xf8, 0xf8, 0xfd, 0x25, 0xfd, 0x01, 0xf1, 0xf8, 0xfa, 0xed, 0x0d,
    0xfb, 0xcb, 0xfb, 0xf8, 0xf5, 0xfd, 0xe6, 0x09, 0x01, 0xf8, 0x02, 0xee,
    0x98, 0xd5, 0xc8, 0xb5, 0x03, 0x03, 0x04, 0xf3, 0xda, 0xef, 0xe4, 0xda,
    0xf8, 0xf9, 0x02, 0xfd, 0x04, 0x0f, 0x00, 0xea, 0x02, 0xf7, 0x05, 0x01,
    0xf0, 0xf7, 0xfa, 0x0d, 0x25, 0xfd, 0xf8, 0xf8, 0xfd, 0xf8, 0x00, 0x0e,
    0x25, 0x13, 0xfd, 0xfa, 0xfe, 0xef, 0xf9, 0xeb, 0x16, 0x0d, 0xfa, 0x0a,
    0x03, 0x06, 0xff, 0xe5, 0xf3, 0x03, 0x00, 0x0b, 0x05, 0x04, 0x05, 0xe2,
    0xf4, 0xf8, 0xfc, 0x08, 0xf9, 0x0f, 0xff, 0x0f, 0x0d, 0xf0, 0x08, 0x01,
    0xf7, 0x09, 0xfb, 0x14, 0x27, 0x01, 0xfd, 0xf8, 0x04, 0xfd, 0xf7, 0xdc,
    0x1e, 0x09, 0xfb, 0x07, 0x00, 0xfd, 0xfe, 0xe4, 0x14, 0xf8, 0xf7, 0x03,
    0x04, 0x02, 0x02, 0xef, 0x04, 0xfc, 0x09, 0x03, 0x04, 0x03, 0xff, 0xea,
    0xff, 0xf6, 0x01, 0x01, 0x06, 0x0d, 0xf7, 0xed, 0xf9, 0x00, 0x06, 0xfa,
    0xf9, 0x0a, 0x04, 0xf3, 0x07, 0xf7, 0x05, 0x07, 0x03, 0x07, 0xf8, 0xf1,
    0x0e, 0xfa, 0xfa, 0xfb, 0xf6, 0x01, 0xf6, 0xe4, 0x2e, 0xf3, 0x03, 0xf6,
    0x00, 0xf9, 0xf2, 0xf9, 0x01, 0xd0, 0x03, 0x01, 0xf2, 0xfd, 0xe6, 0xf4,
    0xfd, 0xfc, 0x05, 0xf3, 0xaf, 0xd8, 0xda, 0xb9, 0x07, 0x04, 0x07, 0xfe,
    0xdd, 0xed, 0xf6, 0xea, 0xfe, 0xfe, 0xfb, 0x02, 0x04, 0x08, 0xff, 0xf2,
    0x09, 0x03, 0xfe, 0xfd, 0xee, 0x02, 0xfd, 0x0f, 0x1b, 0xfb, 0x06, 0xfa,
    0x08, 0x04, 0xfe, 0xfd, 0x27, 0x07, 0x02, 0x04, 0x03, 0xf1, 0xfc, 0xeb,
    0x1e, 0x09, 0x03, 0x0f, 0x07, 0x03, 0x08, 0xf3, 0xf4, 0xfd, 0xf7, 0x03,
    0x0b, 0x09, 0xf9, 0xe6, 0xf3, 0xf1, 0x03, 0x03, 0x05, 0x15, 0xfd, 0x18,
    0x15, 0xf6, 0x06, 0xf8, 0xfa, 0x04, 0x01, 0x18, 0x21, 0x01, 0xf9, 0xff,
    0xf7, 0xfa, 0xfd, 0xe2, 0x24, 0xfd, 0x00, 0x04, 0x07, 0xfe, 0xfd, 0xe6,
    0x0a, 0x01, 0x03, 0x02, 0x06, 0x0f, 0x01, 0xf5, 0x17, 0xf7, 0xf8, 0x08,
    0x04, 0x02, 0xfa, 0xed, 0xf7, 0xf0, 0xfe, 0x02, 0x04, 0x0d, 0xfb, 0xf8,
    0xfb, 0xf7, 0xfd, 0xfe, 0xfd, 0x0a, 0xf9, 0x02, 0xfa, 0xf5, 0xf8, 0xfb,
    0xf1, 0x02, 0xf7, 0xfd, 0x0b, 0xef, 0xfe, 0xfb, 0xff, 0x08, 0xf3, 0xe6,
    0x1f, 0xed, 0x05, 0xff, 0x00, 0x03, 0xf0, 0xee, 0xf8, 0xdf, 0x09, 0xfb,
    0xf7, 0xf8, 0xed, 0xf7, 0xf7, 0xf6, 0xff, 0xe5, 0xa5, 0xc7, 0xd0, 0xa8,
    0x0a, 0x0b, 0x03, 0x01, 0xe0, 0xda, 0xf1, 0xf1, 0xf6, 0x07, 0xff, 0xfc,
    0x09, 0xf7, 0x03, 0xef, 0x03, 0x03, 0x06, 0xfd, 0xfa, 0xfa, 0xfa, 0x16,
    0x1f, 0x01, 0xfc, 0xf9, 0xfc, 0xf8, 0xfe, 0xf7, 0x34, 0x10, 0xfa, 0x06,
    0x01, 0xf2, 0xff, 0xf3, 0x25, 0x03, 0xfd, 0x0c, 0x03, 0x0b, 0x00, 0xe3,
    0xec, 0xfb, 0xfc, 0x0c, 0x02, 0x11, 0x0d, 0xe4, 0xe7, 0xf2, 0x07, 0xfe,
    0x04, 0x06, 0x02, 0x14, 0x1b, 0xfc, 0x00, 0x01, 0xf5, 0x0c, 0xf8, 0x13,
    0x30, 0x03, 0xfd, 0xf9, 0x04, 0xfb, 0xf6, 0xd9, 0x2e, 0x03, 0x02, 0x0b,
    0x00, 0x00, 0xfa, 0xeb, 0x0f, 0xfa, 0x07, 0x0e, 0x01, 0x0d, 0xfe, 0xf8,
    0x0c, 0xff, 0x06, 0x0d, 0xff, 0x0a, 0xfc, 0xe6, 0x00, 0xf8, 0x07, 0x05,
    0x03, 0x12, 0xfb, 0x01, 0xff, 0xf6, 0x05, 0x02, 0xf9, 0x0a, 0xf4, 0x03,
    0x16, 0xf9, 0xf8, 0xfa, 0x01, 0x04, 0xf9, 0xf9, 0x0a, 0xf4, 0x00, 0x00,
    0xfc, 0x01, 0xec, 0xfb, 0x11, 0xfb, 0x05, 0xfb, 0x07, 0x04, 0xf4, 0xd2,
    0xf8, 0xd7, 0xfe, 0xf9, 0xfb, 0x01, 0xfc, 0xef, 0x0c, 0xf2, 0x06, 0xe4,
    0xac, 0xf7, 0xe5, 0xcf, 0x78, 0x08, 0xff, 0xf0, 0xe0, 0xf0, 0xea, 0xdc,
    0xad, 0x00, 0xf9, 0x0a, 0xfb, 0x03, 0x03, 0xfe, 0xcb, 0x02, 0xfa, 0xf9,
    0x03, 0xf8, 0x07, 0x06, 0xe2, 0x00, 0xfa, 0x01, 0x00, 0x08, 0x00, 0xf6,
    0xf3, 0x08, 0x01, 0x09, 0xff, 0xf3, 0xfd, 0x04, 0xe2, 0x07, 0x07, 0x02,
    0xff, 0x0f, 0x08, 0xf1, 0xf4, 0x04, 0xfc, 0x10, 0x09, 0x0c, 0xff, 0xea,
    0xeb, 0xfa, 0xf9, 0x04, 0x02, 0x22, 0x0b, 0x0d, 0xe5, 0xfe, 0x02, 0x01,
    0xfb, 0x07, 0x00, 0x0f, 0xff, 0x08, 0x02, 0x08, 0xff, 0xf0, 0xf2, 0xf0,
    0x05, 0x09, 0xfc, 0x0d, 0x08, 0xfc, 0xf8, 0xf6, 0x02, 0x03, 0x04, 0xfe,
    0xff, 0x13, 0x04, 0x05, 0xee, 0x03, 0xf7, 0x02, 0x04, 0x17, 0x04, 0xef,
    0x05, 0x00, 0xf9, 0x02, 0x06, 0x19, 0xfa, 0x01, 0xfd, 0xfc, 0x08, 0xfe,
    0xf9, 0x11, 0xfc, 0x06, 0x04, 0xfa, 0xfb, 0x01, 0xfa, 0x19, 0xfb, 0xf7,
    0x16, 0xf8, 0xf8, 0xff, 0xff, 0x13, 0xf6, 0xf5, 0x04, 0xfc, 0x09, 0xfe,
    0x02, 0x00, 0xf7, 0x0d, 0x08, 0xdd, 0xfd, 0xf6, 0xfc, 0xfc, 0xed, 0xf7,
    0x02, 0xe9, 0xf7, 0x05, 0xa0, 0x05, 0xdb, 0xd9, 0xf9, 0x05, 0xfb, 0xe8,
    0xe3, 0x07, 0xef, 0xe2, 0x02, 0x04, 0xfe, 0x07, 0x04, 0x0a, 0xff, 0xf6,
    0xf7, 0xff, 0x00, 0xfa, 0xf3, 0x01, 0xff, 0x01, 0x01, 0x08, 0x00, 0xfa,
    0xf7, 0x03, 0x04, 0x05, 0x00, 0x04, 0x06, 0xfe, 0x03, 0xfb, 0xf8, 0xfe,
    0x09, 0x0c, 0x00, 0x08, 0x03, 0x0c, 0x03, 0xfa, 0x06, 0x07, 0xf8, 0x09,
    0x06, 0x07, 0x04, 0xf5, 0xfb, 0xf5, 0xfa, 0x02, 0x02, 0x1e, 0xff, 0x09,
    0xfd, 0xf4, 0xfc, 0xf7, 0x05, 0x20, 0x00, 0x03, 0xf7, 0x0b, 0x02, 0xfb,
    0x00, 0xff, 0x02, 0xf2, 0xfe, 0x0c, 0x04, 0x0b, 0x05, 0x0a, 0xfa, 0xfe,
    0xff, 0xf9, 0x05, 0xfa, 0x06, 0x11, 0x01, 0xfb, 0x06, 0xfa, 0x00, 0x0d,
    0x05, 0x1c, 0xfc, 0xf7, 0xfa, 0xfd, 0x07, 0xfd, 0x01, 0x31, 0x0c, 0xfa,
    0xfe, 0xf5, 0xfb, 0xfe, 0xff, 0x41, 0xf8, 0xfc, 0xfa, 0xf8, 0xf9, 0x0c,
    0xfb, 0x37, 0xfb, 0xf0, 0x02, 0xfc, 0xff, 0x09, 0xfe, 0x36, 0xf9, 0xf2,
    0xf7, 0xf6, 0x09, 0xfd, 0xfe, 0xfc, 0xf6, 0x0d, 0x01, 0xdf, 0xfa, 0xf6,
    0xfe, 0xf1, 0xf7, 0xec, 0xf7, 0xee, 0x08, 0xf5, 0x97, 0xd5, 0xe0, 0xd8,
    0xf7, 0x06, 0xf8, 0x04, 0xe3, 0xe2, 0xf4, 0xe5, 0xf7, 0x07, 0x07, 0x01,
    0xff, 0xe1, 0x00, 0xf6, 0xfe, 0x07, 0xf7, 0x08, 0xf4, 0xdf, 0xf8, 0xfe,
    0x07, 0x05, 0x06, 0x04, 0x02, 0xfa, 0xfe, 0xf5, 0x03, 0x13, 0xfb, 0xf9,
    0x07, 0xef, 0x07, 0xf3, 0xfe, 0xff, 0x02, 0x0c, 0x06, 0xf6, 0xfe, 0xf7,
    0xfb, 0x04, 0xfc, 0x05, 0x0c, 0xf4, 0x08, 0xfe, 0x08, 0xfe, 0xff, 0x00,
    0x04, 0xeb, 0x0a, 0x07, 0xfc, 0xf8, 0x07, 0x01, 0xf8, 0xfb, 0x04, 0x05,
    0x07, 0x0b, 0xf7, 0xf8, 0x02, 0xf5, 0xf9, 0xf1, 0x08, 0x0d, 0x06, 0x02,
    0xfc, 0xff, 0x02, 0xf9, 0x05, 0xfa, 0x09, 0x04, 0x03, 0x04, 0x02, 0x0b,
    0x08, 0x02, 0xfc, 0x05, 0x05, 0x04, 0x09, 0x0d, 0x09, 0xf4, 0x05, 0xfa,
    0x02, 0x01, 0x06, 0xff, 0xfd, 0xfb, 0xfd, 0xfb, 0x09, 0x05, 0x01, 0xfd,
    0xf8, 0xf7, 0xf7, 0x09, 0x03, 0x00, 0x00, 0xf5, 0x01, 0xf9, 0xfb, 0x03,
    0x01, 0x02, 0xfc, 0xfe, 0x09, 0xf4, 0x01, 0x08, 0xf3, 0x14, 0x01, 0xfc,
    0x05, 0xed, 0xf8, 0xf4, 0xfa, 0x13, 0xfd, 0xfb, 0x82, 0xfe, 0xff, 0xff,
    0x04, 0x00, 0x00, 0x00, 0x0c, 0x00, 0x00, 0x00, 0x0e, 0x0a, 0x00, 0x00,
    0x34, 0xf3, 0xff, 0xff, 0x0a, 0x02, 0x00, 0x00, 0x9a, 0xfe, 0xff, 0xff,
    0x04, 0x00, 0x00, 0x00, 0x04, 0x00, 0x00, 0x00, 0xa0, 0x0f, 0x00, 0x00,
    0xaa, 0xfe, 0xff, 0xff, 0x04, 0x00, 0x00, 0x00, 0x04, 0x00, 0x00, 0x00,
    0x01, 0x00, 0x00, 0x00, 0xba, 0xfe, 0xff, 0xff, 0x04, 0x00, 0x00, 0x00,
    0x04, 0x00, 0x00, 0x00, 0x00, 0x00, 0x00, 0x00, 0x48, 0xf6, 0xff, 0xff,
    0x4c, 0xf6, 0xff, 0xff, 0x0f, 0x00, 0x00, 0x00, 0x4d, 0x4c, 0x49, 0x52,
    0x20, 0x43, 0x6f, 0x6e, 0x76, 0x65, 0x72, 0x74, 0x65, 0x64, 0x2e, 0x00,
    0x01, 0x00, 0x00, 0x00, 0x14, 0x00, 0x00, 0x00, 0x00, 0x00, 0x0e, 0x00,
    0x18, 0x00, 0x14, 0x00, 0x10, 0x00, 0x0c, 0x00, 0x08, 0x00, 0x04, 0x00,
    0x0e, 0x00, 0x00, 0x00, 0x14, 0x00, 0x00, 0x00, 0x1c, 0x00, 0x00, 0x00,
    0x0c, 0x02, 0x00, 0x00, 0x10, 0x02, 0x00, 0x00, 0x14, 0x02, 0x00, 0x00,
    0x04, 0x00, 0x00, 0x00, 0x6d, 0x61, 0x69, 0x6e, 0x00, 0x00, 0x00, 0x00,
    0x07, 0x00, 0x00, 0x00, 0xa0, 0x01, 0x00, 0x00, 0x54, 0x01, 0x00, 0x00,
    0xf4, 0x00, 0x00, 0x00, 0xb4, 0x00, 0x00, 0x00, 0x8c, 0x00, 0x00, 0x00,
    0x48, 0x00, 0x00, 0x00, 0x04, 0x00, 0x00, 0x00, 0xce, 0xff, 0xff, 0xff,
    0x14, 0x00, 0x00, 0x00, 0x00, 0x00, 0x00, 0x09, 0x14, 0x00, 0x00, 0x00,
    0x18, 0x00, 0x00, 0x00, 0x06, 0x00, 0x00, 0x00, 0x5a, 0xff, 0xff, 0xff,
    0x00, 0x00, 0x80, 0x3f, 0x01, 0x00, 0x00, 0x00, 0x0e, 0x00, 0x00, 0x00,
    0x01, 0x00, 0x00, 0x00, 0x0d, 0x00, 0x00, 0x00, 0x00, 0x00, 0x0e, 0x00,
    0x18, 0x00, 0x14, 0x00, 0x10, 0x00, 0x0c, 0x00, 0x0b, 0x00, 0x04, 0x00,
    0x0e, 0x00, 0x00, 0x00, 0x14, 0x00, 0x00, 0x00, 0x00, 0x00, 0x00, 0x08,
    0x10, 0x00, 0x00, 0x00, 0x14, 0x00, 0x00, 0x00, 0x05, 0x00, 0x00, 0x00,
    0x18, 0xf7, 0xff, 0xff, 0x01, 0x00, 0x00, 0x00, 0x0d, 0x00, 0x00, 0x00,
    0x03, 0x00, 0x00, 0x00, 0x0c, 0x00, 0x00, 0x00, 0x05, 0x00, 0x00, 0x00,
    0x04, 0x00, 0x00, 0x00, 0x00, 0x00, 0x0a, 0x00, 0x10, 0x00, 0x0c, 0x00,
    0x08, 0x00, 0x04, 0x00, 0x0a, 0x00, 0x00, 0x00, 0x0c, 0x00, 0x00, 0x00,
    0x10, 0x00, 0x00, 0x00, 0x04, 0x00, 0x00, 0x00, 0x01, 0x00, 0x00, 0x00,
    0x0c, 0x00, 0x00, 0x00, 0x02, 0x00, 0x00, 0x00, 0x08, 0x00, 0x00, 0x00,
    0x0b, 0x00, 0x00, 0x00, 0x76, 0xff, 0xff, 0xff, 0x1c, 0x00, 0x00, 0x00,
    0x00, 0x00, 0x00, 0x3b, 0x1c, 0x00, 0x00, 0x00, 0x20, 0x00, 0x00, 0x00,
    0x03, 0x00, 0x00, 0x00, 0x00, 0x00, 0x06, 0x00, 0x08, 0x00, 0x04, 0x00,
    0x06, 0x00, 0x00, 0x00, 0x02, 0x00, 0x00, 0x00, 0x01, 0x00, 0x00, 0x00,
    0x0b, 0x00, 0x00, 0x00, 0x02, 0x00, 0x00, 0x00, 0x0a, 0x00, 0x00, 0x00,
    0x03, 0x00, 0x00, 0x00, 0xb2, 0xff, 0xff, 0xff, 0x24, 0x00, 0x00, 0x00,
    0x00, 0x00, 0x00, 0x20, 0x24, 0x00, 0x00, 0x00, 0x28, 0x00, 0x00, 0x00,
    0x02, 0x00, 0x00, 0x00, 0x00, 0x00, 0x0e, 0x00, 0x08, 0x00, 0x00, 0x00,
    0x00, 0x00, 0x00, 0x00, 0x00, 0x00, 0x04, 0x00, 0x0e, 0x00, 0x00, 0x00,
    0x01, 0x00, 0x00, 0x00, 0x01, 0x00, 0x00, 0x00, 0x0a, 0x00, 0x00, 0x00,
    0x04, 0x00, 0x00, 0x00, 0x09, 0x00, 0x00, 0x00, 0x01, 0x00, 0x00, 0x00,
    0x02, 0x00, 0x00, 0x00, 0x02, 0x00, 0x00, 0x00, 0x00, 0x00, 0x0e, 0x00,
    0x1a, 0x00, 0x14, 0x00, 0x10, 0x00, 0x0c, 0x00, 0x0b, 0x00, 0x04, 0x00,
    0x0e, 0x00, 0x00, 0x00, 0x1c, 0x00, 0x00, 0x00, 0x00, 0x00, 0x00, 0x37,
    0x1c, 0x00, 0x00, 0x00, 0x20, 0x00, 0x00, 0x00, 0x01, 0x00, 0x00, 0x00,
    0x00, 0x00, 0x06, 0x00, 0x08, 0x00, 0x07, 0x00, 0x06, 0x00, 0x00, 0x00,
    0x00, 0x00, 0x00, 0x02, 0x01, 0x00, 0x00, 0x00, 0x09, 0x00, 0x00, 0x00,
    0x01, 0x00, 0x00, 0x00, 0x08, 0x00, 0x00, 0x00, 0x00, 0x00, 0x0e, 0x00,
    0x16, 0x00, 0x00, 0x00, 0x10, 0x00, 0x0c, 0x00, 0x0b, 0x00, 0x04, 0x00,
    0x0e, 0x00, 0x00, 0x00, 0x20, 0x00, 0x00, 0x00, 0x00, 0x00, 0x00, 0x02,
    0x2c, 0x00, 0x00, 0x00, 0x30, 0x00, 0x00, 0x00, 0x00, 0x00, 0x0e, 0x00,
    0x14, 0x00, 0x00, 0x00, 0x10, 0x00, 0x0c, 0x00, 0x08, 0x00, 0x07, 0x00,
    0x0e, 0x00, 0x00, 0x00, 0x00, 0x00, 0x00, 0x01, 0x08, 0x00, 0x00, 0x00,
    0x02, 0x00, 0x00, 0x00, 0x02, 0x00, 0x00, 0x00, 0x01, 0x00, 0x00, 0x00,
    0x08, 0x00, 0x00, 0x00, 0x03, 0x00, 0x00, 0x00, 0x00, 0x00, 0x00, 0x00,
    0x07, 0x00, 0x00, 0x00, 0x06, 0x00, 0x00, 0x00, 0x01, 0x00, 0x00, 0x00,
    0x0e, 0x00, 0x00, 0x00, 0x01, 0x00, 0x00, 0x00, 0x00, 0x00, 0x00, 0x00,
    0x0f, 0x00, 0x00, 0x00, 0xb0, 0x07, 0x00, 0x00, 0x38, 0x07, 0x00, 0x00,
    0xe0, 0x06, 0x00, 0x00, 0x8c, 0x06, 0x00, 0x00, 0x04, 0x06, 0x00, 0x00,
    0x80, 0x05, 0x00, 0x00, 0x6c, 0x04, 0x00, 0x00, 0x88, 0x03, 0x00, 0x00,
    0x8c, 0x02, 0x00, 0x00, 0x40, 0x02, 0x00, 0x00, 0xf0, 0x01, 0x00, 0x00,
    0x9c, 0x01, 0x00, 0x00, 0x1c, 0x01, 0x00, 0x00, 0x80, 0x00, 0x00, 0x00,
    0x04, 0x00, 0x00, 0x00, 0xa2, 0xf8, 0xff, 0xff, 0x00, 0x00, 0x00, 0x01,
    0x18, 0x00, 0x00, 0x00, 0x20, 0x00, 0x00, 0x00, 0x3c, 0x00, 0x00, 0x00,
    0x0f, 0x00, 0x00, 0x00, 0x00, 0x00, 0x00, 0x09, 0x50, 0x00, 0x00, 0x00,
    0x02, 0x00, 0x00, 0x00, 0xff, 0xff, 0xff, 0xff, 0x03, 0x00, 0x00, 0x00,
    0x84, 0xf8, 0xff, 0xff, 0x08, 0x00, 0x00, 0x00, 0x10, 0x00, 0x00, 0x00,
    0x01, 0x00, 0x00, 0x00, 0x80, 0xff, 0xff, 0xff, 0xff, 0xff, 0xff, 0xff,
    0x01, 0x00, 0x00, 0x00, 0x00, 0x00, 0x80, 0x3b, 0x1b, 0x00, 0x00, 0x00,
    0x53, 0x74, 0x61, 0x74, 0x65, 0x66, 0x75, 0x6c, 0x50, 0x61, 0x72, 0x74,
    0x69, 0x74, 0x69, 0x6f, 0x6e, 0x65, 0x64, 0x43, 0x61, 0x6c, 0x6c, 0x5f,
    0x31, 0x3a, 0x30, 0x00, 0x02, 0x00, 0x00, 0x00, 0x01, 0x00, 0x00, 0x00,
    0x03, 0x00, 0x00, 0x00, 0x1a, 0xf9, 0xff, 0xff, 0x00, 0x00, 0x00, 0x01,
    0x18, 0x00, 0x00, 0x00, 0x20, 0x00, 0x00, 0x00, 0x3c, 0x00, 0x00, 0x00,
    0x0e, 0x00, 0x00, 0x00, 0x00, 0x00, 0x00, 0x09, 0x70, 0x00, 0x00, 0x00,
    0x02, 0x00, 0x00, 0x00, 0xff, 0xff, 0xff, 0xff, 0x03, 0x00, 0x00, 0x00,
    0xfc, 0xf8, 0xff, 0xff, 0x08, 0x00, 0x00, 0x00, 0x10, 0x00, 0x00, 0x00,
    0x01, 0x00, 0x00, 0x00, 0x06, 0x00, 0x00, 0x00, 0x00, 0x00, 0x00, 0x00,
    0x01, 0x00, 0x00, 0x00, 0x61, 0xa9, 0x1d, 0x3e, 0x38, 0x00, 0x00, 0x00,
    0x74, 0x69, 0x6e, 0x79, 0x5f, 0x63, 0x6f, 0x6e, 0x76, 0x5f, 0x31, 0x2f,
    0x6c, 0x6f, 0x67, 0x69, 0x74, 0x73, 0x5f, 0x31, 0x2f, 0x4d, 0x61, 0x74,
    0x4d, 0x75, 0x6c, 0x3b, 0x74, 0x69, 0x6e, 0x79, 0x5f, 0x63, 0x6f, 0x6e,
    0x76, 0x5f, 0x31, 0x2f, 0x6c, 0x6f, 0x67, 0x69, 0x74, 0x73, 0x5f, 0x31,
    0x2f, 0x42, 0x69, 0x61, 0x73, 0x41, 0x64, 0x64, 0x00, 0x00, 0x00, 0x00,
    0x02, 0x00, 0x00, 0x00, 0x01, 0x00, 0x00, 0x00, 0x03, 0x00, 0x00, 0x00,
    0xb2, 0xf9, 0xff, 0xff, 0x00, 0x00, 0x00, 0x01, 0x18, 0x00, 0x00, 0x00,
    0x20, 0x00, 0x00, 0x00, 0x3c, 0x00, 0x00, 0x00, 0x0d, 0x00, 0x00, 0x00,
    0x00, 0x00, 0x00, 0x09, 0x54, 0x00, 0x00, 0x00, 0x02, 0x00, 0x00, 0x00,
    0xff, 0xff, 0xff, 0xff, 0xa0, 0x0f, 0x00, 0x00, 0x94, 0xf9, 0xff, 0xff,
    0x08, 0x00, 0x00, 0x00, 0x10, 0x00, 0x00, 0x00, 0x01, 0x00, 0x00, 0x00,
    0x80, 0xff, 0xff, 0xff, 0xff, 0xff, 0xff, 0xff, 0x01, 0x00, 0x00, 0x00,
    0x58, 0xf6, 0x09, 0x3c, 0x1d, 0x00, 0x00, 0x00, 0x74, 0x69, 0x6e, 0x79,
    0x5f, 0x63, 0x6f, 0x6e, 0x76, 0x5f, 0x31, 0x2f, 0x66, 0x6c, 0x61, 0x74,
    0x74, 0x65, 0x6e, 0x5f, 0x31, 0x2f, 0x52, 0x65, 0x73, 0x68, 0x61, 0x70,
    0x65, 0x00, 0x00, 0x00, 0x02, 0x00, 0x00, 0x00, 0x01, 0x00, 0x00, 0x00,
    0xa0, 0x0f, 0x00, 0x00, 0xa2, 0xfa, 0xff, 0xff, 0x00, 0x00, 0x00, 0x01,
    0x14, 0x00, 0x00, 0x00, 0x14, 0x00, 0x00, 0x00, 0x0c, 0x00, 0x00, 0x00,
    0x00, 0x00, 0x00, 0x02, 0x30, 0x00, 0x00, 0x00, 0x8c, 0xfa, 0xff, 0xff,
    0x23, 0x00, 0x00, 0x00, 0x74, 0x69, 0x6e, 0x79, 0x5f, 0x63, 0x6f, 0x6e,
    0x76, 0x5f, 0x31, 0x2f, 0x66, 0x6c, 0x61, 0x74, 0x74, 0x65, 0x6e, 0x5f,
    0x31, 0x2f, 0x52, 0x65, 0x73, 0x68, 0x61, 0x70, 0x65, 0x2f, 0x73, 0x68,
    0x61, 0x70, 0x65, 0x00, 0x01, 0x00, 0x00, 0x00, 0x02, 0x00, 0x00, 0x00,
    0xf2, 0xfa, 0xff, 0xff, 0x00, 0x00, 0x00, 0x01, 0x14, 0x00, 0x00, 0x00,
    0x14, 0x00, 0x00, 0x00, 0x0b, 0x00, 0x00, 0x00, 0x00, 0x00, 0x00, 0x02,
    0x30, 0x00, 0x00, 0x00, 0xdc, 0xfa, 0xff, 0xff, 0x23, 0x00, 0x00, 0x00,
    0x74, 0x69, 0x6e, 0x79, 0x5f, 0x63, 0x6f, 0x6e, 0x76, 0x5f, 0x31, 0x2f,
    0x66, 0x6c, 0x61, 0x74, 0x74, 0x65, 0x6e, 0x5f, 0x31, 0x2f, 0x73, 0x74,
    0x72, 0x69, 0x64, 0x65, 0x64, 0x5f, 0x73, 0x6c, 0x69, 0x63, 0x65, 0x00,
    0x00, 0x00, 0x00, 0x00, 0x3e, 0xfb, 0xff, 0xff, 0x00, 0x00, 0x00, 0x01,
    0x14, 0x00, 0x00, 0x00, 0x14, 0x00, 0x00, 0x00, 0x0a, 0x00, 0x00, 0x00,
    0x00, 0x00, 0x00, 0x02, 0x28, 0x00, 0x00, 0x00, 0x28, 0xfb, 0xff, 0xff,
    0x1b, 0x00, 0x00, 0x00, 0x74, 0x69, 0x6e, 0x79, 0x5f, 0x63, 0x6f, 0x6e,
    0x76, 0x5f, 0x31, 0x2f, 0x66, 0x6c, 0x61, 0x74, 0x74, 0x65, 0x6e, 0x5f,
    0x31, 0x2f, 0x53, 0x68, 0x61, 0x70, 0x65, 0x00, 0x01, 0x00, 0x00, 0x00,
    0x04, 0x00, 0x00, 0x00, 0x12, 0xfb, 0xff, 0xff, 0x00, 0x00, 0x00, 0x01,
    0x18, 0x00, 0x00, 0x00, 0x28, 0x00, 0x00, 0x00, 0x44, 0x00, 0x00, 0x00,
    0x09, 0x00, 0x00, 0x00, 0x00, 0x00, 0x00, 0x09, 0xb0, 0x00, 0x00, 0x00,
    0x04, 0x00, 0x00, 0x00, 0xff, 0xff, 0xff, 0xff, 0x19, 0x00, 0x00, 0x00,
    0x14, 0x00, 0x00, 0x00, 0x08, 0x00, 0x00, 0x00, 0xfc, 0xfa, 0xff, 0xff,
    0x08, 0x00, 0x00, 0x00, 0x10, 0x00, 0x00, 0x00, 0x01, 0x00, 0x00, 0x00,
    0x80, 0xff, 0xff, 0xff, 0xff, 0xff, 0xff, 0xff, 0x01, 0x00, 0x00, 0x00,
    0x58, 0xf6, 0x09, 0x3c, 0x73, 0x00, 0x00, 0x00, 0x74, 0x69, 0x6e, 0x79,
    0x5f, 0x63, 0x6f, 0x6e, 0x76, 0x5f, 0x31, 0x2f, 0x64, 0x77, 0x63, 0x6f,
    0x6e, 0x76, 0x5f, 0x31, 0x2f, 0x52, 0x65, 0x6c, 0x75, 0x3b, 0x74, 0x69,
    0x6e, 0x79, 0x5f, 0x63, 0x6f, 0x6e, 0x76, 0x5f, 0x31, 0x2f, 0x64, 0x77,
    0x63, 0x6f, 0x6e, 0x76, 0x5f, 0x31, 0x2f, 0x42, 0x69, 0x61, 0x73, 0x41,
    0x64, 0x64, 0x3b, 0x74, 0x69, 0x6e, 0x79, 0x5f, 0x63, 0x6f, 0x6e, 0x76,
    0x5f, 0x31, 0x2f, 0x64, 0x77, 0x63, 0x6f, 0x6e, 0x76, 0x5f, 0x31, 0x2f,
    0x64, 0x65, 0x70, 0x74, 0x68, 0x77, 0x69, 0x73, 0x65, 0x3b, 0x74, 0x69,
    0x6e, 0x79, 0x5f, 0x63, 0x6f, 0x6e, 0x76, 0x5f, 0x31, 0x2f, 0x64, 0x77,
    0x63, 0x6f, 0x6e, 0x76, 0x5f, 0x31, 0x2f, 0x53, 0x71, 0x75, 0x65, 0x65,
    0x7a, 0x65, 0x31, 0x00, 0x04, 0x00, 0x00, 0x00, 0x01, 0x00, 0x00, 0x00,
    0x19, 0x00, 0x00, 0x00, 0x14, 0x00, 0x00, 0x00, 0x08, 0x00, 0x00, 0x00,
    0x00, 0x00, 0x16, 0x00, 0x1e, 0x00, 0x18, 0x00, 0x17, 0x00, 0x10, 0x00,
    0x0c, 0x00, 0x08, 0x00, 0x00, 0x00, 0x00, 0x00, 0x00, 0x00, 0x07, 0x00,
    0x16, 0x00, 0x00, 0x00, 0x00, 0x00, 0x00, 0x01, 0x28, 0x00, 0x00, 0x00,
    0x9c, 0x00, 0x00, 0x00, 0x08, 0x00, 0x00, 0x00, 0x00, 0x00, 0x00, 0x09,
    0xb4, 0x00, 0x00, 0x00, 0x00, 0x00, 0x12, 0x00, 0x10, 0x00, 0x00, 0x00,
    0x00, 0x00, 0x0c, 0x00, 0x08, 0x00, 0x00, 0x00, 0x00, 0x00, 0x04, 0x00,
    0x12, 0x00, 0x00, 0x00, 0x03, 0x00, 0x00, 0x00, 0x08, 0x00, 0x00, 0x00,
    0x48, 0x00, 0x00, 0x00, 0x08, 0x00, 0x00, 0x00, 0x00, 0x00, 0x00, 0x00,
    0x00, 0x00, 0x00, 0x00, 0x00, 0x00, 0x00, 0x00, 0x00, 0x00, 0x00, 0x00,
    0x00, 0x00, 0x00, 0x00, 0x00, 0x00, 0x00, 0x00, 0x00, 0x00, 0x00, 0x00,
    0x00, 0x00, 0x00, 0x00, 0x00, 0x00, 0x00, 0x00, 0x00, 0x00, 0x00, 0x00,
    0x00, 0x00, 0x00, 0x00, 0x00, 0x00, 0x00, 0x00, 0x00, 0x00, 0x00, 0x00,
    0x00, 0x00, 0x00, 0x00, 0x00, 0x00, 0x00, 0x00, 0x00, 0x00, 0x00, 0x00,
    0x08, 0x00, 0x00, 0x00, 0xa3, 0xed, 0xd5, 0x3a, 0x29, 0x19, 0xd1, 0x3a,
    0xa4, 0x5a, 0x3e, 0x3a, 0x75, 0x8d, 0x9a, 0x3a, 0x85, 0xac, 0x07, 0x3b,
    0x8f, 0x0b, 0xaf, 0x3a, 0x09, 0xaf, 0xb3, 0x3a, 0x90, 0xf1, 0xaa, 0x3a,
    0x1e, 0x00, 0x00, 0x00, 0x74, 0x69, 0x6e, 0x79, 0x5f, 0x63, 0x6f, 0x6e,
    0x76, 0x5f, 0x31, 0x2f, 0x64, 0x77, 0x63, 0x6f, 0x6e, 0x76, 0x5f, 0x31,
    0x2f, 0x64, 0x65, 0x70, 0x74, 0x68, 0x77, 0x69, 0x73, 0x65, 0x00, 0x00,
    0x04, 0x00, 0x00, 0x00, 0x01, 0x00, 0x00, 0x00, 0x0a, 0x00, 0x00, 0x00,
    0x08, 0x00, 0x00, 0x00, 0x08, 0x00, 0x00, 0x00, 0x5e, 0xfd, 0xff, 0xff,
    0x00, 0x00, 0x00, 0x01, 0x14, 0x00, 0x00, 0x00, 0x84, 0x00, 0x00, 0x00,
    0x07, 0x00, 0x00, 0x00, 0x00, 0x00, 0x00, 0x02, 0xf0, 0x00, 0x00, 0x00,
    0xbc, 0xfc, 0xff, 0xff, 0x08, 0x00, 0x00, 0x00, 0x48, 0x00, 0x00, 0x00,
    0x08, 0x00, 0x00, 0x00, 0x00, 0x00, 0x00, 0x00, 0x00, 0x00, 0x00, 0x00,
    0x00, 0x00, 0x00, 0x00, 0x00, 0x00, 0x00, 0x00, 0x00, 0x00, 0x00, 0x00,
    0x00, 0x00, 0x00, 0x00, 0x00, 0x00, 0x00, 0x00, 0x00, 0x00, 0x00, 0x00,
    0x00, 0x00, 0x00, 0x00, 0x00, 0x00, 0x00, 0x00, 0x00, 0x00, 0x00, 0x00,
    0x00, 0x00, 0x00, 0x00, 0x00, 0x00, 0x00, 0x00, 0x00, 0x00, 0x00, 0x00,
    0x00, 0x00, 0x00, 0x00, 0x00, 0x00, 0x00, 0x00, 0x08, 0x00, 0x00, 0x00,
    0x05, 0x25, 0xde, 0x36, 0x0e, 0x21, 0xd9, 0x36, 0x3d, 0xaa, 0x45, 0x36,
    0x0c, 0x7d, 0xa0, 0x36, 0x7e, 0xe2, 0x0c, 0x37, 0xa2, 0xc4, 0xb5, 0x36,
    0xb8, 0x95, 0xba, 0x36, 0x50, 0x82, 0xb1, 0x36, 0x72, 0x00, 0x00, 0x00,
    0x74, 0x69, 0x6e, 0x79, 0x5f, 0x63, 0x6f, 0x6e, 0x76, 0x5f, 0x31, 0x2f,
    0x64, 0x77, 0x63, 0x6f, 0x6e, 0x76, 0x5f, 0x31, 0x2f, 0x52, 0x65, 0x6c,
    0x75, 0x3b, 0x74, 0x69, 0x6e, 0x79, 0x5f, 0x63, 0x6f, 0x6e, 0x76, 0x5f,
    0x31, 0x2f, 0x64, 0x77, 0x63, 0x6f, 0x6e, 0x76, 0x5f, 0x31, 0x2f, 0x42,
    0x69, 0x61, 0x73, 0x41, 0x64, 0x64, 0x3b, 0x74, 0x69, 0x6e, 0x79, 0x5f,
    0x63, 0x6f, 0x6e, 0x76, 0x5f, 0x31, 0x2f, 0x64, 0x77, 0x63, 0x6f, 0x6e,
    0x76, 0x5f, 0x31, 0x2f, 0x64, 0x65, 0x70, 0x74, 0x68, 0x77, 0x69, 0x73,
    0x65, 0x3b, 0x74, 0x69, 0x6e, 0x79, 0x5f, 0x63, 0x6f, 0x6e, 0x76, 0x5f,
    0x31, 0x2f, 0x64, 0x77, 0x63, 0x6f, 0x6e, 0x76, 0x5f, 0x31, 0x2f, 0x53,
    0x71, 0x75, 0x65, 0x65, 0x7a, 0x65, 0x00, 0x00, 0x01, 0x00, 0x00, 0x00,
    0x08, 0x00, 0x00, 0x00, 0x6e, 0xfe, 0xff, 0xff, 0x00, 0x00, 0x00, 0x01,
    0x14, 0x00, 0x00, 0x00, 0x48, 0x00, 0x00, 0x00, 0x06, 0x00, 0x00, 0x00,
    0x00, 0x00, 0x00, 0x09, 0x5c, 0x00, 0x00, 0x00, 0xcc, 0xfd, 0xff, 0xff,
    0x08, 0x00, 0x00, 0x00, 0x20, 0x00, 0x00, 0x00, 0x03, 0x00, 0x00, 0x00,
    0x00, 0x00, 0x00, 0x00, 0x00, 0x00, 0x00, 0x00, 0x00, 0x00, 0x00, 0x00,
    0x00, 0x00, 0x00, 0x00, 0x00, 0x00, 0x00, 0x00, 0x00, 0x00, 0x00, 0x00,
    0x03, 0x00, 0x00, 0x00, 0x50, 0xab, 0xc5, 0x3b, 0x88, 0x73, 0xa3, 0x3b,
    0xbf, 0x78, 0x85, 0x3b, 0x1b, 0x00, 0x00, 0x00, 0x74, 0x69, 0x6e, 0x79,
    0x5f, 0x63, 0x6f, 0x6e, 0x76, 0x5f, 0x31, 0x2f, 0x6c, 0x6f, 0x67, 0x69,
    0x74, 0x73, 0x5f, 0x31, 0x2f, 0x4d, 0x61, 0x74, 0x4d, 0x75, 0x6c, 0x00,
    0x02, 0x00, 0x00, 0x00, 0x03, 0x00, 0x00, 0x00, 0xa0, 0x0f, 0x00, 0x00,
    0xee, 0xfe, 0xff, 0xff, 0x00, 0x00, 0x00, 0x01, 0x14, 0x00, 0x00, 0x00,
    0x4c, 0x00, 0x00, 0x00, 0x05, 0x00, 0x00, 0x00, 0x00, 0x00, 0x00, 0x02,
    0x64, 0x00, 0x00, 0x00, 0x4c, 0xfe, 0xff, 0xff, 0x08, 0x00, 0x00, 0x00,
    0x24, 0x00, 0x00, 0x00, 0x03, 0x00, 0x00, 0x00, 0x00, 0x00, 0x00, 0x00,
    0x00, 0x00, 0x00, 0x00, 0x00, 0x00, 0x00, 0x00, 0x00, 0x00, 0x00, 0x00,
    0x00, 0x00, 0x00, 0x00, 0x00, 0x00, 0x00, 0x00, 0x00, 0x00, 0x00, 0x00,
    0x03, 0x00, 0x00, 0x00, 0xc9, 0x0d, 0x55, 0x38, 0x3a, 0x2c, 0x30, 0x38,
    0x1c, 0xdc, 0x0f, 0x38, 0x1c, 0x00, 0x00, 0x00, 0x74, 0x69, 0x6e, 0x79,
    0x5f, 0x63, 0x6f, 0x6e, 0x76, 0x5f, 0x31, 0x2f, 0x6c, 0x6f, 0x67, 0x69,
    0x74, 0x73, 0x5f, 0x31, 0x2f, 0x42, 0x69, 0x61, 0x73, 0x41, 0x64, 0x64,
    0x00, 0x00, 0x00, 0x00, 0x01, 0x00, 0x00, 0x00, 0x03, 0x00, 0x00, 0x00,
    0x72, 0xff, 0xff, 0xff, 0x00, 0x00, 0x00, 0x01, 0x14, 0x00, 0x00, 0x00,
    0x14, 0x00, 0x00, 0x00, 0x04, 0x00, 0x00, 0x00, 0x00, 0x00, 0x00, 0x02,
    0x34, 0x00, 0x00, 0x00, 0x5c, 0xff, 0xff, 0xff, 0x25, 0x00, 0x00, 0x00,
    0x74, 0x69, 0x6e, 0x79, 0x5f, 0x63, 0x6f, 0x6e, 0x76, 0x5f, 0x31, 0x2f,
    0x66, 0x6c, 0x61, 0x74, 0x74, 0x65, 0x6e, 0x5f, 0x31, 0x2f, 0x52, 0x65,
    0x73, 0x68, 0x61, 0x70, 0x65, 0x2f, 0x73, 0x68, 0x61, 0x70, 0x65, 0x2f,
    0x31, 0x00, 0x00, 0x00, 0x00, 0x00, 0x00, 0x00, 0xc2, 0xff, 0xff, 0xff,
    0x00, 0x00, 0x00, 0x01, 0x14, 0x00, 0x00, 0x00, 0x14, 0x00, 0x00, 0x00,
    0x03, 0x00, 0x00, 0x00, 0x00, 0x00, 0x00, 0x02, 0x1c, 0x00, 0x00, 0x00,
    0xac, 0xff, 0xff, 0xff, 0x0e, 0x00, 0x00, 0x00, 0x61, 0x72, 0x69, 0x74,
    0x68, 0x2e, 0x63, 0x6f, 0x6e, 0x73, 0x74, 0x61, 0x6e, 0x74, 0x00, 0x00,
    0x01, 0x00, 0x00, 0x00, 0x01, 0x00, 0x00, 0x00, 0x00, 0x00, 0x16, 0x00,
    0x1c, 0x00, 0x18, 0x00, 0x17, 0x00, 0x10, 0x00, 0x0c, 0x00, 0x08, 0x00,
    0x00, 0x00, 0x00, 0x00, 0x00, 0x00, 0x07, 0x00, 0x16, 0x00, 0x00, 0x00,
    0x00, 0x00, 0x00, 0x01, 0x18, 0x00, 0x00, 0x00, 0x18, 0x00, 0x00, 0x00,
    0x02, 0x00, 0x00, 0x00, 0x00, 0x00, 0x00, 0x02, 0x3c, 0x00, 0x00, 0x00,
    0x04, 0x00, 0x04, 0x00, 0x04, 0x00, 0x00, 0x00, 0x29, 0x00, 0x00, 0x00,
    0x74, 0x69, 0x6e, 0x79, 0x5f, 0x63, 0x6f, 0x6e, 0x76, 0x5f, 0x31, 0x2f,
    0x66, 0x6c, 0x61, 0x74, 0x74, 0x65, 0x6e, 0x5f, 0x31, 0x2f, 0x73, 0x74,
    0x72, 0x69, 0x64, 0x65, 0x64, 0x5f, 0x73, 0x6c, 0x69, 0x63, 0x65, 0x2f,
    0x73, 0x74, 0x61, 0x63, 0x6b, 0x00, 0x00, 0x00, 0x01, 0x00, 0x00, 0x00,
    0x01, 0x00, 0x00, 0x00, 0x00, 0x00, 0x16, 0x00, 0x20, 0x00, 0x1c, 0x00,
    0x1b, 0x00, 0x14, 0x00, 0x10, 0x00, 0x0c, 0x00, 0x00, 0x00, 0x00, 0x00,
    0x08, 0x00, 0x07, 0x00, 0x16, 0x00, 0x00, 0x00, 0x00, 0x00, 0x00, 0x01,
    0x18, 0x00, 0x00, 0x00, 0x34, 0x00, 0x00, 0x00, 0x50, 0x00, 0x00, 0x00,
    0x01, 0x00, 0x00, 0x00, 0x00, 0x00, 0x00, 0x09, 0x60, 0x00, 0x00, 0x00,
    0x04, 0x00, 0x00, 0x00, 0xff, 0xff, 0xff, 0xff, 0x31, 0x00, 0x00, 0x00,
    0x28, 0x00, 0x00, 0x00, 0x01, 0x00, 0x00, 0x00, 0x0c, 0x00, 0x0c, 0x00,
    0x00, 0x00, 0x00, 0x00, 0x08, 0x00, 0x04, 0x00, 0x0c, 0x00, 0x00, 0x00,
    0x08, 0x00, 0x00, 0x00, 0x10, 0x00, 0x00, 0x00, 0x01, 0x00, 0x00, 0x00,
    0x77, 0x00, 0x00, 0x00, 0x00, 0x00, 0x00, 0x00, 0x01, 0x00, 0x00, 0x00,
    0x85, 0xea, 0x84, 0x3b, 0x17, 0x00, 0x00, 0x00, 0x73, 0x65, 0x72, 0x76,
    0x69, 0x6e, 0x67, 0x5f, 0x64, 0x65, 0x66, 0x61, 0x75, 0x6c, 0x74, 0x5f,
    0x6d, 0x65, 0x6c, 0x34, 0x30, 0x3a, 0x30, 0x00, 0x04, 0x00, 0x00, 0x00,
    0x01, 0x00, 0x00, 0x00, 0x31, 0x00, 0x00, 0x00, 0x28, 0x00, 0x00, 0x00,
    0x01, 0x00, 0x00, 0x00, 0x07, 0x00, 0x00, 0x00, 0x84, 0x00, 0x00, 0x00,
    0x68, 0x00, 0x00, 0x00, 0x4c, 0x00, 0x00, 0x00, 0x3c, 0x00, 0x00, 0x00,
    0x2c, 0x00, 0x00, 0x00, 0x18, 0x00, 0x00, 0x00, 0x04, 0x00, 0x00, 0x00,
    0xa4, 0xff, 0xff, 0xff, 0x19, 0x00, 0x00, 0x00, 0x02, 0x00, 0x00, 0x00,
    0x00, 0x00, 0x00, 0x19, 0xb4, 0xff, 0xff, 0xff, 0x09, 0x00, 0x00, 0x00,
    0x04, 0x00, 0x00, 0x00, 0x00, 0x00, 0x00, 0x09, 0xdc, 0xff, 0xff, 0xff,
    0x16, 0x00, 0x00, 0x00, 0x00, 0x00, 0x00, 0x16, 0xe8, 0xff, 0xff, 0xff,
    0x53, 0x00, 0x00, 0x00, 0x00, 0x00, 0x00, 0x53, 0xf4, 0xff, 0xff, 0xff,
    0x2d, 0x00, 0x00, 0x00, 0x00, 0x00, 0x00, 0x2d, 0x0c, 0x00, 0x0c, 0x00,
    0x0b, 0x00, 0x00, 0x00, 0x00, 0x00, 0x04, 0x00, 0x0c, 0x00, 0x00, 0x00,
    0x4d, 0x00, 0x00, 0x00, 0x00, 0x00, 0x00, 0x4d, 0x0c, 0x00, 0x10, 0x00,
    0x0f, 0x00, 0x00, 0x00, 0x08, 0x00, 0x04, 0x00, 0x0c, 0x00, 0x00, 0x00,
    0x04, 0x00, 0x00, 0x00, 0x03, 0x00, 0x00, 0x00, 0x00, 0x00, 0x00, 0x04,
};

const size_t g_sof_tflm_quantized_model_data_size = 16152;
