// SPDX-License-Identifier: BSD-3-Clause
// Auto-generated by sof_mww_train_pcan.py — do not edit.

#include "mww_model_data.h"

alignas(16) const unsigned char mww_model_data[] = {
    0x1c, 0x00, 0x00, 0x00, 0x54, 0x46, 0x4c, 0x33, 0x14, 0x00, 0x20, 0x00,
    0x1c, 0x00, 0x18, 0x00, 0x14, 0x00, 0x10, 0x00, 0x0c, 0x00, 0x00, 0x00,
    0x08, 0x00, 0x04, 0x00, 0x14, 0x00, 0x00, 0x00, 0x1c, 0x00, 0x00, 0x00,
    0x88, 0x00, 0x00, 0x00, 0x00, 0x01, 0x00, 0x00, 0x5c, 0x8e, 0x00, 0x00,
    0x6c, 0x8e, 0x00, 0x00, 0x60, 0xeb, 0x00, 0x00, 0x03, 0x00, 0x00, 0x00,
    0x01, 0x00, 0x00, 0x00, 0x04, 0x00, 0x00, 0x00, 0x26, 0x61, 0xff, 0xff,
    0x0c, 0x00, 0x00, 0x00, 0x1c, 0x00, 0x00, 0x00, 0x3c, 0x00, 0x00, 0x00,
    0x0f, 0x00, 0x00, 0x00, 0x73, 0x65, 0x72, 0x76, 0x69, 0x6e, 0x67, 0x5f,
    0x64, 0x65, 0x66, 0x61, 0x75, 0x6c, 0x74, 0x00, 0x01, 0x00, 0x00, 0x00,
    0x04, 0x00, 0x00, 0x00, 0x98, 0x5f, 0xff, 0xff, 0x45, 0x00, 0x00, 0x00,
    0x04, 0x00, 0x00, 0x00, 0x08, 0x00, 0x00, 0x00, 0x6f, 0x75, 0x74, 0x70,
    0x75, 0x74, 0x5f, 0x31, 0x00, 0x00, 0x00, 0x00, 0x01, 0x00, 0x00, 0x00,
    0x04, 0x00, 0x00, 0x00, 0x62, 0x5f, 0xff, 0xff, 0x04, 0x00, 0x00, 0x00,
    0x0b, 0x00, 0x00, 0x00, 0x69, 0x6e, 0x70, 0x75, 0x74, 0x5f, 0x61, 0x75,
    0x64, 0x69, 0x6f, 0x00, 0x03, 0x00, 0x00, 0x00, 0x54, 0x00, 0x00, 0x00,
    0x2c, 0x00, 0x00, 0x00, 0x04, 0x00, 0x00, 0x00, 0xe4, 0x5f, 0xff, 0xff,
    0x61, 0x00, 0x00, 0x00, 0x04, 0x00, 0x00, 0x00, 0x13, 0x00, 0x00, 0x00,
    0x43, 0x4f, 0x4e, 0x56, 0x45, 0x52, 0x53, 0x49, 0x4f, 0x4e, 0x5f, 0x4d,
    0x45, 0x54, 0x41, 0x44, 0x41, 0x54, 0x41, 0x00, 0x08, 0x60, 0xff, 0xff,
    0x60, 0x00, 0x00, 0x00, 0x04, 0x00, 0x00, 0x00, 0x13, 0x00, 0x00, 0x00,
    0x6d, 0x69, 0x6e, 0x5f, 0x72, 0x75, 0x6e, 0x74, 0x69, 0x6d, 0x65, 0x5f,
    0x76, 0x65, 0x72, 0x73, 0x69, 0x6f, 0x6e, 0x00, 0x2c, 0x60, 0xff, 0xff,
    0x5f, 0x00, 0x00, 0x00, 0x04, 0x00, 0x00, 0x00, 0x13, 0x00, 0x00, 0x00,
    0x6d, 0x69, 0x6e, 0x5f, 0x72, 0x75, 0x6e, 0x74, 0x69, 0x6d, 0x65, 0x5f,
    0x76, 0x65, 0x72, 0x73, 0x69, 0x6f, 0x6e, 0x00, 0x62, 0x00, 0x00, 0x00,
    0x58, 0x8d, 0x00, 0x00, 0x50, 0x8d, 0x00, 0x00, 0x30, 0x8d, 0x00, 0x00,
    0x18, 0x8d, 0x00, 0x00, 0xf8, 0x8c, 0x00, 0x00, 0xd8, 0x8c, 0x00, 0x00,
    0xb8, 0x8c, 0x00, 0x00, 0x98, 0x8c, 0x00, 0x00, 0x84, 0x8c, 0x00, 0x00,
    0x48, 0x8b, 0x00, 0x00, 0x48, 0x8a, 0x00, 0x00, 0x28, 0x7c, 0x00, 0x00,
    0x28, 0x7b, 0x00, 0x00, 0x2c, 0x76, 0x00, 0x00, 0x2c, 0x75, 0x00, 0x00,
    0x0c, 0x67, 0x00, 0x00, 0x0c, 0x66, 0x00, 0x00, 0xf0, 0x62, 0x00, 0x00,
    0xf0, 0x61, 0x00, 0x00, 0xd0, 0x53, 0x00, 0x00, 0xd0, 0x52, 0x00, 0x00,
    0xa4, 0x50, 0x00, 0x00, 0xa4, 0x4f, 0x00, 0x00, 0x8c, 0x48, 0x00, 0x00,
    0x04, 0x48, 0x00, 0x00, 0x5c, 0x47, 0x00, 0x00, 0xd4, 0x46, 0x00, 0x00,
    0x54, 0x2f, 0x00, 0x00, 0x4c, 0x2f, 0x00, 0x00, 0x44, 0x2f, 0x00, 0x00,
    0x3c, 0x2f, 0x00, 0x00, 0x34, 0x2f, 0x00, 0x00, 0x2c, 0x2f, 0x00, 0x00,
    0x24, 0x2f, 0x00, 0x00, 0x1c, 0x2f, 0x00, 0x00, 0x14, 0x2f, 0x00, 0x00,
    0x0c, 0x2f, 0x00, 0x00, 0x04, 0x2f, 0x00, 0x00, 0xfc, 0x2e, 0x00, 0x00,
    0xf4, 0x2e, 0x00, 0x00, 0xec, 0x2e, 0x00, 0x00, 0xe4, 0x2e, 0x00, 0x00,
    0xdc, 0x2e, 0x00, 0x00, 0xd4, 0x2e, 0x00, 0x00, 0xcc, 0x2e, 0x00, 0x00,
    0xc4, 0x2e, 0x00, 0x00, 0xbc, 0x2e, 0x00, 0x00, 0xb4, 0x2e, 0x00, 0x00,
    0xac, 0x2e, 0x00, 0x00, 0xa4, 0x2e, 0x00, 0x00, 0x9c, 0x2e, 0x00, 0x00,
    0x94, 0x2e, 0x00, 0x00, 0x8c, 0x2e, 0x00, 0x00, 0x84, 0x2e, 0x00, 0x00,
    0x7c, 0x2e, 0x00, 0x00, 0x74, 0x2e, 0x00, 0x00, 0x6c, 0x2e, 0x00, 0x00,
    0x64, 0x2e, 0x00, 0x00, 0x5c, 0x2e, 0x00, 0x00, 0x54, 0x2e, 0x00, 0x00,
    0x4c, 0x2e, 0x00, 0x00, 0x44, 0x2e, 0x00, 0x00, 0x3c, 0x2e, 0x00, 0x00,
    0x34, 0x2e, 0x00, 0x00, 0x2c, 0x2e, 0x00, 0x00, 0x24, 0x2e, 0x00, 0x00,
    0x1c, 0x2e, 0x00, 0x00, 0x14, 0x2e, 0x00, 0x00, 0x0c, 0x2e, 0x00, 0x00,
    0x04, 0x2e, 0x00, 0x00, 0xfc, 0x2d, 0x00, 0x00, 0xf4, 0x2d, 0x00, 0x00,
    0xec, 0x2d, 0x00, 0x00, 0xe4, 0x2d, 0x00, 0x00, 0xdc, 0x2d, 0x00, 0x00,
    0xd4, 0x2d, 0x00, 0x00, 0xcc, 0x2d, 0x00, 0x00, 0xc4, 0x2d, 0x00, 0x00,
    0xbc, 0x2d, 0x00, 0x00, 0xb4, 0x2d, 0x00, 0x00, 0xac, 0x2d, 0x00, 0x00,
    0xa4, 0x2d, 0x00, 0x00, 0x9c, 0x2d, 0x00, 0x00, 0x4c, 0x2c, 0x00, 0x00,
    0x5c, 0x2a, 0x00, 0x00, 0xcc, 0x22, 0x00, 0x00, 0x7c, 0x17, 0x00, 0x00,
    0xac, 0x04, 0x00, 0x00, 0xdc, 0x00, 0x00, 0x00, 0xd4, 0x00, 0x00, 0x00,
    0xcc, 0x00, 0x00, 0x00, 0xc4, 0x00, 0x00, 0x00, 0xbc, 0x00, 0x00, 0x00,
    0xb4, 0x00, 0x00, 0x00, 0xac, 0x00, 0x00, 0x00, 0x8c, 0x00, 0x00, 0x00,
    0x6c, 0x00, 0x00, 0x00, 0x04, 0x00, 0x00, 0x00, 0x82, 0x61, 0xff, 0xff,
    0x04, 0x00, 0x00, 0x00, 0x58, 0x00, 0x00, 0x00, 0x0c, 0x00, 0x00, 0x00,
    0x08, 0x00, 0x0e, 0x00, 0x08, 0x00, 0x04, 0x00, 0x08, 0x00, 0x00, 0x00,
    0x10, 0x00, 0x00, 0x00, 0x28, 0x00, 0x00, 0x00, 0x00, 0x00, 0x06, 0x00,
    0x08, 0x00, 0x04, 0x00, 0x06, 0x00, 0x00, 0x00, 0x04, 0x00, 0x00, 0x00,
    0x01, 0x00, 0x00, 0x00, 0xeb, 0x03, 0x00, 0x00, 0x00, 0x00, 0x0a, 0x00,
    0x10, 0x00, 0x0c, 0x00, 0x08, 0x00, 0x04, 0x00, 0x0a, 0x00, 0x00, 0x00,
    0x02, 0x00, 0x00, 0x00, 0x02, 0x00, 0x00, 0x00, 0x04, 0x00, 0x00, 0x00,
    0x06, 0x00, 0x00, 0x00, 0x32, 0x2e, 0x31, 0x36, 0x2e, 0x31, 0x00, 0x00,
    0xe6, 0x61, 0xff, 0xff, 0x04, 0x00, 0x00, 0x00, 0x10, 0x00, 0x00, 0x00,
    0x00, 0x00, 0x00, 0x00, 0x00, 0x00, 0x00, 0x00, 0x00, 0x00, 0x00, 0x00,
    0x00, 0x00, 0x00, 0x00, 0x02, 0x62, 0xff, 0xff, 0x04, 0x00, 0x00, 0x00,
    0x10, 0x00, 0x00, 0x00, 0x32, 0x2e, 0x36, 0x2e, 0x30, 0x00, 0x00, 0x00,
    0x00, 0x00, 0x00, 0x00, 0x00, 0x00, 0x00, 0x00, 0x74, 0x18, 0xff, 0xff,
    0x78, 0x18, 0xff, 0xff, 0x7c, 0x18, 0xff, 0xff, 0x80, 0x18, 0xff, 0xff,
    0x84, 0x18, 0xff, 0xff, 0x88, 0x18, 0xff, 0xff, 0x36, 0x62, 0xff, 0xff,
    0x04, 0x00, 0x00, 0x00, 0xc0, 0x03, 0x00, 0x00, 0x00, 0x00, 0x00, 0x00,
    0x00, 0x00, 0x00, 0x00, 0x00, 0x00, 0x00, 0x00, 0x00, 0x00, 0x00, 0x00,
    0x00, 0x00, 0x00, 0x00, 0x00, 0x00, 0x00, 0x00, 0x00, 0x00, 0x00, 0x00,
    0x00, 0x00, 0x00, 0x00, 0x00, 0x00, 0x00, 0x00, 0x00, 0x00, 0x00, 0x00,
    0x00, 0x00, 0x00, 0x00, 0x00, 0x00, 0x00, 0x00, 0x00, 0x00, 0x00, 0x00,
    0x00, 0x00, 0x00, 0x00, 0x00, 0x00, 0x00, 0x00, 0x00, 0x00, 0x00, 0x00,
    0x00, 0x00, 0x00, 0x00, 0x00, 0x00, 0x00, 0x00, 0x00, 0x00, 0x00, 0x00,
    0x00, 0x00, 0x00, 0x00, 0x00, 0x00, 0x00, 0x00, 0x00, 0x00, 0x00, 0x00,
    0x00, 0x00, 0x00, 0x00, 0x00, 0x00, 0x00, 0x00, 0x00, 0x00, 0x00, 0x00,
    0x00, 0x00, 0x00, 0x00, 0x00, 0x00, 0x00, 0x00, 0x00, 0x00, 0x00, 0x00,
    0x00, 0x00, 0x00, 0x00, 0x00, 0x00, 0x00, 0x00, 0x00, 0x00, 0x00, 0x00,
    0x00, 0x00, 0x00, 0x00, 0x00, 0x00, 0x00, 0x00, 0x00, 0x00, 0x00, 0x00,
    0x00, 0x00, 0x00, 0x00, 0x00, 0x00, 0x00, 0x00, 0x00, 0x00, 0x00, 0x00,
    0x00, 0x00, 0x00, 0x00, 0x00, 0x00, 0x00, 0x00, 0x00, 0x00, 0x00, 0x00,
    0x00, 0x00, 0x00, 0x00, 0x00, 0x00, 0x00, 0x00, 0x00, 0x00, 0x00, 0x00,
    0x00, 0x00, 0x00, 0x00, 0x00, 0x00, 0x00, 0x00, 0x00, 0x00, 0x00, 0x00,
    0x00, 0x00, 0x00, 0x00, 0x00, 0x00, 0x00, 0x00, 0x00, 0x00, 0x00, 0x00,
    0x00, 0x00, 0x00, 0x00, 0x00, 0x00, 0x00, 0x00, 0x00, 0x00, 0x00, 0x00,
    0x00, 0x00, 0x00, 0x00, 0x00, 0x00, 0x00, 0x00, 0x00, 0x00, 0x00, 0x00,
    0x00, 0x00, 0x00, 0x00, 0x00, 0x00, 0x00, 0x00, 0x00, 0x00, 0x00, 0x00,
    0x00, 0x00, 0x00, 0x00, 0x00, 0x00, 0x00, 0x00, 0x00, 0x00, 0x00, 0x00,
    0x00, 0x00, 0x00, 0x00, 0x00, 0x00, 0x00, 0x00, 0x00, 0x00, 0x00, 0x00,
    0x00, 0x00, 0x00, 0x00, 0x00, 0x00, 0x00, 0x00, 0x00, 0x00, 0x00, 0x00,
    0x00, 0x00, 0x00, 0x00, 0x00, 0x00, 0x00, 0x00, 0x00, 0x00, 0x00, 0x00,
    0x00, 0x00, 0x00, 0x00, 0x00, 0x00, 0x00, 0x00, 0x00, 0x00, 0x00, 0x00,
    0x00, 0x00, 0x00, 0x00, 0x00, 0x00, 0x00, 0x00, 0x00, 0x00, 0x00, 0x00,
    0x00, 0x00, 0x00, 0x00, 0x00, 0x00, 0x00, 0x00, 0x00, 0x00, 0x00, 0x00,
    0x00, 0x00, 0x00, 0x00, 0x00, 0x00, 0x00, 0x00, 0x00, 0x00, 0x00, 0x00,
    0x00, 0x00, 0x00, 0x00, 0x00, 0x00, 0x00, 0x00, 0x00, 0x00, 0x00, 0x00,
    0x00, 0x00, 0x00, 0x00, 0x00, 0x00, 0x00, 0x00, 0x00, 0x00, 0x00, 0x00,
    0x00, 0x00, 0x00, 0x00, 0x00, 0x00, 0x00, 0x00, 0x00, 0x00, 0x00, 0x00,
    0x00, 0x00, 0x00, 0x00, 0x00, 0x00, 0x00, 0x00, 0x00, 0x00, 0x00, 0x00,
    0x00, 0x00, 0x00, 0x00, 0x00, 0x00, 0x00, 0x00, 0x00, 0x00, 0x00, 0x00,
    0x00, 0x00, 0x00, 0x00, 0x00, 0x00, 0x00, 0x00, 0x00, 0x00, 0x00, 0x00,
    0x00, 0x00, 0x00, 0x00, 0x00, 0x00, 0x00, 0x00, 0x00, 0x00, 0x00, 0x00,
    0x00, 0x00, 0x00, 0x00, 0x00, 0x00, 0x00, 0x00, 0x00, 0x00, 0x00, 0x00,
    0x00, 0x00, 0x00, 0x00, 0x00, 0x00, 0x00, 0x00, 0x00, 0x00, 0x00, 0x00,
    0x00, 0x00, 0x00, 0x00, 0x00, 0x00, 0x00, 0x00, 0x00, 0x00, 0x00, 0x00,
    0x00, 0x00, 0x00, 0x00, 0x00, 0x00, 0x00, 0x00, 0x00, 0x00, 0x00, 0x00,
    0x00, 0x00, 0x00, 0x00, 0x00, 0x00, 0x00, 0x00, 0x00, 0x00, 0x00, 0x00,
    0x00, 0x00, 0x00, 0x00, 0x00, 0x00, 0x00, 0x00, 0x00, 0x00, 0x00, 0x00,
    0x00, 0x00, 0x00, 0x00, 0x00, 0x00, 0x00, 0x00, 0x00, 0x00, 0x00, 0x00,
    0x00, 0x00, 0x00, 0x00, 0x00, 0x00, 0x00, 0x00, 0x00, 0x00, 0x00, 0x00,
    0x00, 0x00, 0x00, 0x00, 0x00, 0x00, 0x00, 0x00, 0x00, 0x00, 0x00, 0x00,
    0x00, 0x00, 0x00, 0x00, 0x00, 0x00, 0x00, 0x00, 0x00, 0x00, 0x00, 0x00,
    0x00, 0x00, 0x00, 0x00, 0x00, 0x00, 0x00, 0x00, 0x00, 0x00, 0x00, 0x00,
    0x00, 0x00, 0x00, 0x00, 0x00, 0x00, 0x00, 0x00, 0x00, 0x00, 0x00, 0x00,
    0x00, 0x00, 0x00, 0x00, 0x00, 0x00, 0x00, 0x00, 0x00, 0x00, 0x00, 0x00,
    0x00, 0x00, 0x00, 0x00, 0x00, 0x00, 0x00, 0x00, 0x00, 0x00, 0x00, 0x00,
    0x00, 0x00, 0x00, 0x00, 0x00, 0x00, 0x00, 0x00, 0x00, 0x00, 0x00, 0x00,
    0x00, 0x00, 0x00, 0x00, 0x00, 0x00, 0x00, 0x00, 0x00, 0x00, 0x00, 0x00,
    0x00, 0x00, 0x00, 0x00, 0x00, 0x00, 0x00, 0x00, 0x00, 0x00, 0x00, 0x00,
    0x00, 0x00, 0x00, 0x00, 0x00, 0x00, 0x00, 0x00, 0x00, 0x00, 0x00, 0x00,
    0x00, 0x00, 0x00, 0x00, 0x00, 0x00, 0x00, 0x00, 0x00, 0x00, 0x00, 0x00,
    0x00, 0x00, 0x00, 0x00, 0x00, 0x00, 0x00, 0x00, 0x00, 0x00, 0x00, 0x00,
    0x00, 0x00, 0x00, 0x00, 0x00, 0x00, 0x00, 0x00, 0x00, 0x00, 0x00, 0x00,
    0x00, 0x00, 0x00, 0x00, 0x00, 0x00, 0x00, 0x00, 0x00, 0x00, 0x00, 0x00,
    0x00, 0x00, 0x00, 0x00, 0x00, 0x00, 0x00, 0x00, 0x00, 0x00, 0x00, 0x00,
    0x00, 0x00, 0x00, 0x00, 0x00, 0x00, 0x00, 0x00, 0x00, 0x00, 0x00, 0x00,
    0x00, 0x00, 0x00, 0x00, 0x00, 0x00, 0x00, 0x00, 0x00, 0x00, 0x00, 0x00,
    0x00, 0x00, 0x00, 0x00, 0x00, 0x00, 0x00, 0x00, 0x00, 0x00, 0x00, 0x00,
    0x00, 0x00, 0x00, 0x00, 0x00, 0x00, 0x00, 0x00, 0x00, 0x00, 0x00, 0x00,
    0x00, 0x00, 0x00, 0x00, 0x00, 0x00, 0x00, 0x00, 0x00, 0x00, 0x00, 0x00,
    0x00, 0x00, 0x00, 0x00, 0x00, 0x00, 0x00, 0x00, 0x00, 0x00, 0x00, 0x00,
    0x00, 0x00, 0x00, 0x00, 0x00, 0x00, 0x00, 0x00, 0x00, 0x00, 0x00, 0x00,
    0x00, 0x00, 0x00, 0x00, 0x00, 0x00, 0x00, 0x00, 0x00, 0x00, 0x00, 0x00,
    0x00, 0x00, 0x00, 0x00, 0x00, 0x00, 0x00, 0x00, 0x00, 0x00, 0x00, 0x00,
    0x00, 0x00, 0x00, 0x00, 0x00, 0x00, 0x00, 0x00, 0x00, 0x00, 0x00, 0x00,
    0x00, 0x00, 0x00, 0x00, 0x00, 0x00, 0x00, 0x00, 0x00, 0x00, 0x00, 0x00,
    0x00, 0x00, 0x00, 0x00, 0x00, 0x00, 0x00, 0x00, 0x00, 0x00, 0x00, 0x00,
    0x00, 0x00, 0x00, 0x00, 0x00, 0x00, 0x00, 0x00, 0x00, 0x00, 0x00, 0x00,
    0x00, 0x00, 0x00, 0x00, 0x00, 0x00, 0x00, 0x00, 0x00, 0x00, 0x00, 0x00,
    0x00, 0x00, 0x00, 0x00, 0x00, 0x00, 0x00, 0x00, 0x00, 0x00, 0x00, 0x00,
    0x00, 0x00, 0x00, 0x00, 0x00, 0x00, 0x00, 0x00, 0x00, 0x00, 0x00, 0x00,
    0x00, 0x00, 0x00, 0x00, 0x00, 0x00, 0x00, 0x00, 0x00, 0x00, 0x00, 0x00,
    0x00, 0x00, 0x00, 0x00, 0x00, 0x00, 0x00, 0x00, 0x00, 0x00, 0x00, 0x00,
    0x00, 0x00, 0x00, 0x00, 0x00, 0x00, 0x00, 0x00, 0x00, 0x00, 0x00, 0x00,
    0x00, 0x00, 0x00, 0x00, 0x00, 0x00, 0x00, 0x00, 0x00, 0x00, 0x00, 0x00,
    0x00, 0x00, 0x00, 0x00, 0x00, 0x00, 0x00, 0x00, 0x00, 0x00, 0x00, 0x00,
    0x00, 0x00, 0x00, 0x00, 0x00, 0x00, 0x00, 0x00, 0x00, 0x00, 0x00, 0x00,
    0x00, 0x00, 0x00, 0x00, 0x00, 0x00, 0x00, 0x00, 0x02, 0x66, 0xff, 0xff,
    0x04, 0x00, 0x00, 0x00, 0xc0, 0x12, 0x00, 0x00, 0x00, 0x00, 0x00, 0x00,
    0x00, 0x00, 0x00, 0x00, 0x00, 0x00, 0x00, 0x00, 0x00, 0x00, 0x00, 0x00,
    0x00, 0x00, 0x00, 0x00, 0x00, 0x00, 0x00, 0x00, 0x00, 0x00, 0x00, 0x00,
    0x00, 0x00, 0x00, 0x00, 0x00, 0x00, 0x00, 0x00, 0x00, 0x00, 0x00, 0x00,
    0x00, 0x00, 0x00, 0x00, 0x00, 0x00, 0x00, 0x00, 0x00, 0x00, 0x00, 0x00,
    0x00, 0x00, 0x00, 0x00, 0x00, 0x00, 0x00, 0x00, 0x00, 0x00, 0x00, 0x00,
    0x00, 0x00, 0x00, 0x00, 0x00, 0x00, 0x00, 0x00, 0x00, 0x00, 0x00, 0x00,
    0x00, 0x00, 0x00, 0x00, 0x00, 0x00, 0x00, 0x00, 0x00, 0x00, 0x00, 0x00,
    0x00, 0x00, 0x00, 0x00, 0x00, 0x00, 0x00, 0x00, 0x00, 0x00, 0x00, 0x00,
    0x00, 0x00, 0x00, 0x00, 0x00, 0x00, 0x00, 0x00, 0x00, 0x00, 0x00, 0x00,
    0x00, 0x00, 0x00, 0x00, 0x00, 0x00, 0x00, 0x00, 0x00, 0x00, 0x00, 0x00,
    0x00, 0x00, 0x00, 0x00, 0x00, 0x00, 0x00, 0x00, 0x00, 0x00, 0x00, 0x00,
    0x00, 0x00, 0x00, 0x00, 0x00, 0x00, 0x00, 0x00, 0x00, 0x00, 0x00, 0x00,
    0x00, 0x00, 0x00, 0x00, 0x00, 0x00, 0x00, 0x00, 0x00, 0x00, 0x00, 0x00,
    0x00, 0x00, 0x00, 0x00, 0x00, 0x00, 0x00, 0x00, 0x00, 0x00, 0x00, 0x00,
    0x00, 0x00, 0x00, 0x00, 0x00, 0x00, 0x00, 0x00, 0x00, 0x00, 0x00, 0x00,
    0x00, 0x00, 0x00, 0x00, 0x00, 0x00, 0x00, 0x00, 0x00, 0x00, 0x00, 0x00,
    0x00, 0x00, 0x00, 0x00, 0x00, 0x00, 0x00, 0x00, 0x00, 0x00, 0x00, 0x00,
    0x00, 0x00, 0x00, 0x00, 0x00, 0x00, 0x00, 0x00, 0x00, 0x00, 0x00, 0x00,
    0x00, 0x00, 0x00, 0x00, 0x00, 0x00, 0x00, 0x00, 0x00, 0x00, 0x00, 0x00,
    0x00, 0x00, 0x00, 0x00, 0x00, 0x00, 0x00, 0x00, 0x00, 0x00, 0x00, 0x00,
    0x00, 0x00, 0x00, 0x00, 0x00, 0x00, 0x00, 0x00, 0x00, 0x00, 0x00, 0x00,
    0x00, 0x00, 0x00, 0x00, 0x00, 0x00, 0x00, 0x00, 0x00, 0x00, 0x00, 0x00,
    0x00, 0x00, 0x00, 0x00, 0x00, 0x00, 0x00, 0x00, 0x00, 0x00, 0x00, 0x00,
    0x00, 0x00, 0x00, 0x00, 0x00, 0x00, 0x00, 0x00, 0x00, 0x00, 0x00, 0x00,
    0x00, 0x00, 0x00, 0x00, 0x00, 0x00, 0x00, 0x00, 0x00, 0x00, 0x00, 0x00,
    0x00, 0x00, 0x00, 0x00, 0x00, 0x00, 0x00, 0x00, 0x00, 0x00, 0x00, 0x00,
    0x00, 0x00, 0x00, 0x00, 0x00, 0x00, 0x00, 0x00, 0x00, 0x00, 0x00, 0x00,
    0x00, 0x00, 0x00, 0x00, 0x00, 0x00, 0x00, 0x00, 0x00, 0x00, 0x00, 0x00,
    0x00, 0x00, 0x00, 0x00, 0x00, 0x00, 0x00, 0x00, 0x00, 0x00, 0x00, 0x00,
    0x00, 0x00, 0x00, 0x00, 0x00, 0x00, 0x00, 0x00, 0x00, 0x00, 0x00, 0x00,
    0x00, 0x00, 0x00, 0x00, 0x00, 0x00, 0x00, 0x00, 0x00, 0x00, 0x00, 0x00,
    0x00, 0x00, 0x00, 0x00, 0x00, 0x00, 0x00, 0x00, 0x00, 0x00, 0x00, 0x00,
    0x00, 0x00, 0x00, 0x00, 0x00, 0x00, 0x00, 0x00, 0x00, 0x00, 0x00, 0x00,
    0x00, 0x00, 0x00, 0x00, 0x00, 0x00, 0x00, 0x00, 0x00, 0x00, 0x00, 0x00,
    0x00, 0x00, 0x00, 0x00, 0x00, 0x00, 0x00, 0x00, 0x00, 0x00, 0x00, 0x00,
    0x00, 0x00, 0x00, 0x00, 0x00, 0x00, 0x00, 0x00, 0x00, 0x00, 0x00, 0x00,
    0x00, 0x00, 0x00, 0x00, 0x00, 0x00, 0x00, 0x00, 0x00, 0x00, 0x00, 0x00,
    0x00, 0x00, 0x00, 0x00, 0x00, 0x00, 0x00, 0x00, 0x00, 0x00, 0x00, 0x00,
    0x00, 0x00, 0x00, 0x00, 0x00, 0x00, 0x00, 0x00, 0x00, 0x00, 0x00, 0x00,
    0x00, 0x00, 0x00, 0x00, 0x00, 0x00, 0x00, 0x00, 0x00, 0x00, 0x00, 0x00,
    0x00, 0x00, 0x00, 0x00, 0x00, 0x00, 0x00, 0x00, 0x00, 0x00, 0x00, 0x00,
    0x00, 0x00, 0x00, 0x00, 0x00, 0x00, 0x00, 0x00, 0x00, 0x00, 0x00, 0x00,
    0x00, 0x00, 0x00, 0x00, 0x00, 0x00, 0x00, 0x00, 0x00, 0x00, 0x00, 0x00,
    0x00, 0x00, 0x00, 0x00, 0x00, 0x00, 0x00, 0x00, 0x00, 0x00, 0x00, 0x00,
    0x00, 0x00, 0x00, 0x00, 0x00, 0x00, 0x00, 0x00, 0x00, 0x00, 0x00, 0x00,
    0x00, 0x00, 0x00, 0x00, 0x00, 0x00, 0x00, 0x00, 0x00, 0x00, 0x00, 0x00,
    0x00, 0x00, 0x00, 0x00, 0x00, 0x00, 0x00, 0x00, 0x00, 0x00, 0x00, 0x00,
    0x00, 0x00, 0x00, 0x00, 0x00, 0x00, 0x00, 0x00, 0x00, 0x00, 0x00, 0x00,
    0x00, 0x00, 0x00, 0x00, 0x00, 0x00, 0x00, 0x00, 0x00, 0x00, 0x00, 0x00,
    0x00, 0x00, 0x00, 0x00, 0x00, 0x00, 0x00, 0x00, 0x00, 0x00, 0x00, 0x00,
    0x00, 0x00, 0x00, 0x00, 0x00, 0x00, 0x00, 0x00, 0x00, 0x00, 0x00, 0x00,
    0x00, 0x00, 0x00, 0x00, 0x00, 0x00, 0x00, 0x00, 0x00, 0x00, 0x00, 0x00,
    0x00, 0x00, 0x00, 0x00, 0x00, 0x00, 0x00, 0x00, 0x00, 0x00, 0x00, 0x00,
    0x00, 0x00, 0x00, 0x00, 0x00, 0x00, 0x00, 0x00, 0x00, 0x00, 0x00, 0x00,
    0x00, 0x00, 0x00, 0x00, 0x00, 0x00, 0x00, 0x00, 0x00, 0x00, 0x00, 0x00,
    0x00, 0x00, 0x00, 0x00, 0x00, 0x00, 0x00, 0x00, 0x00, 0x00, 0x00, 0x00,
    0x00, 0x00, 0x00, 0x00, 0x00, 0x00, 0x00, 0x00, 0x00, 0x00, 0x00, 0x00,
    0x00, 0x00, 0x00, 0x00, 0x00, 0x00, 0x00, 0x00, 0x00, 0x00, 0x00, 0x00,
    0x00, 0x00, 0x00, 0x00, 0x00, 0x00, 0x00, 0x00, 0x00, 0x00, 0x00, 0x00,
    0x00, 0x00, 0x00, 0x00, 0x00, 0x00, 0x00, 0x00, 0x00, 0x00, 0x00, 0x00,
    0x00, 0x00, 0x00, 0x00, 0x00, 0x00, 0x00, 0x00, 0x00, 0x00, 0x00, 0x00,
    0x00, 0x00, 0x00, 0x00, 0x00, 0x00, 0x00, 0x00, 0x00, 0x00, 0x00, 0x00,
    0x00, 0x00, 0x00, 0x00, 0x00, 0x00, 0x00, 0x00, 0x00, 0x00, 0x00, 0x00,
    0x00, 0x00, 0x00, 0x00, 0x00, 0x00, 0x00, 0x00, 0x00, 0x00, 0x00, 0x00,
    0x00, 0x00, 0x00, 0x00, 0x00, 0x00, 0x00, 0x00, 0x00, 0x00, 0x00, 0x00,
    0x00, 0x00, 0x00, 0x00, 0x00, 0x00, 0x00, 0x00, 0x00, 0x00, 0x00, 0x00,
    0x00, 0x00, 0x00, 0x00, 0x00, 0x00, 0x00, 0x00, 0x00, 0x00, 0x00, 0x00,
    0x00, 0x00, 0x00, 0x00, 0x00, 0x00, 0x00, 0x00, 0x00, 0x00, 0x00, 0x00,
    0x00, 0x00, 0x00, 0x00, 0x00, 0x00, 0x00, 0x00, 0x00, 0x00, 0x00, 0x00,
    0x00, 0x00, 0x00, 0x00, 0x00, 0x00, 0x00, 0x00, 0x00, 0x00, 0x00, 0x00,
    0x00, 0x00, 0x00, 0x00, 0x00, 0x00, 0x00, 0x00, 0x00, 0x00, 0x00, 0x00,
    0x00, 0x00, 0x00, 0x00, 0x00, 0x00, 0x00, 0x00, 0x00, 0x00, 0x00, 0x00,
    0x00, 0x00, 0x00, 0x00, 0x00, 0x00, 0x00, 0x00, 0x00, 0x00, 0x00, 0x00,
    0x00, 0x00, 0x00, 0x00, 0x00, 0x00, 0x00, 0x00, 0x00, 0x00, 0x00, 0x00,
    0x00, 0x00, 0x00, 0x00, 0x00, 0x00, 0x00, 0x00, 0x00, 0x00, 0x00, 0x00,
    0x00, 0x00, 0x00, 0x00, 0x00, 0x00, 0x00, 0x00, 0x00, 0x00, 0x00, 0x00,
    0x00, 0x00, 0x00, 0x00, 0x00, 0x00, 0x00, 0x00, 0x00, 0x00, 0x00, 0x00,
    0x00, 0x00, 0x00, 0x00, 0x00, 0x00, 0x00, 0x00, 0x00, 0x00, 0x00, 0x00,
    0x00, 0x00, 0x00, 0x00, 0x00, 0x00, 0x00, 0x00, 0x00, 0x00, 0x00, 0x00,
    0x00, 0x00, 0x00, 0x00, 0x00, 0x00, 0x00, 0x00, 0x00, 0x00, 0x00, 0x00,
    0x00, 0x00, 0x00, 0x00, 0x00, 0x00, 0x00, 0x00, 0x00, 0x00, 0x00, 0x00,
    0x00, 0x00, 0x00, 0x00, 0x00, 0x00, 0x00, 0x00, 0x00, 0x00, 0x00, 0x00,
    0x00, 0x00, 0x00, 0x00, 0x00, 0x00, 0x00, 0x00, 0x00, 0x00, 0x00, 0x00,
    0x00, 0x00, 0x00, 0x00, 0x00, 0x00, 0x00, 0x00, 0x00, 0x00, 0x00, 0x00,
    0x00, 0x00, 0x00, 0x00, 0x00, 0x00, 0x00, 0x00, 0x00, 0x00, 0x00, 0x00,
    0x00, 0x00, 0x00, 0x00, 0x00, 0x00, 0x00, 0x00, 0x00, 0x00, 0x00, 0x00,
    0x00, 0x00, 0x00, 0x00, 0x00, 0x00, 0x00, 0x00, 0x00, 0x00, 0x00, 0x00,
    0x00, 0x00, 0x00, 0x00, 0x00, 0x00, 0x00, 0x00, 0x00, 0x00, 0x00, 0x00,
    0x00, 0x00, 0x00, 0x00, 0x00, 0x00, 0x00, 0x00, 0x00, 0x00, 0x00, 0x00,
    0x00, 0x00, 0x00, 0x00, 0x00, 0x00, 0x00, 0x00, 0x00, 0x00, 0x00, 0x00,
    0x00, 0x00, 0x00, 0x00, 0x00, 0x00, 0x00, 0x00, 0x00, 0x00, 0x00, 0x00,
    0x00, 0x00, 0x00, 0x00, 0x00, 0x00, 0x00, 0x00, 0x00, 0x00, 0x00, 0x00,
    0x00, 0x00, 0x00, 0x00, 0x00, 0x00, 0x00, 0x00, 0x00, 0x00, 0x00, 0x00,
    0x00, 0x00, 0x00, 0x00, 0x00, 0x00, 0x00, 0x00, 0x00, 0x00, 0x00, 0x00,
    0x00, 0x00, 0x00, 0x00, 0x00, 0x00, 0x00, 0x00, 0x00, 0x00, 0x00, 0x00,
    0x00, 0x00, 0x00, 0x00, 0x00, 0x00, 0x00, 0x00, 0x00, 0x00, 0x00, 0x00,
    0x00, 0x00, 0x00, 0x00, 0x00, 0x00, 0x00, 0x00, 0x00, 0x00, 0x00, 0x00,
    0x00, 0x00, 0x00, 0x00, 0x00, 0x00, 0x00, 0x00, 0x00, 0x00, 0x00, 0x00,
    0x00, 0x00, 0x00, 0x00, 0x00, 0x00, 0x00, 0x00, 0x00, 0x00, 0x00, 0x00,
    0x00, 0x00, 0x00, 0x00, 0x00, 0x00, 0x00, 0x00, 0x00, 0x00, 0x00, 0x00,
    0x00, 0x00, 0x00, 0x00, 0x00, 0x00, 0x00, 0x00, 0x00, 0x00, 0x00, 0x00,
    0x00, 0x00, 0x00, 0x00, 0x00, 0x00, 0x00, 0x00, 0x00, 0x00, 0x00, 0x00,
    0x00, 0x00, 0x00, 0x00, 0x00, 0x00, 0x00, 0x00, 0x00, 0x00, 0x00, 0x00,
    0x00, 0x00, 0x00, 0x00, 0x00, 0x00, 0x00, 0x00, 0x00, 0x00, 0x00, 0x00,
    0x00, 0x00, 0x00, 0x00, 0x00, 0x00, 0x00, 0x00, 0x00, 0x00, 0x00, 0x00,
    0x00, 0x00, 0x00, 0x00, 0x00, 0x00, 0x00, 0x00, 0x00, 0x00, 0x00, 0x00,
    0x00, 0x00, 0x00, 0x00, 0x00, 0x00, 0x00, 0x00, 0x00, 0x00, 0x00, 0x00,
    0x00, 0x00, 0x00, 0x00, 0x00, 0x00, 0x00, 0x00, 0x00, 0x00, 0x00, 0x00,
    0x00, 0x00, 0x00, 0x00, 0x00, 0x00, 0x00, 0x00, 0x00, 0x00, 0x00, 0x00,
    0x00, 0x00, 0x00, 0x00, 0x00, 0x00, 0x00, 0x00, 0x00, 0x00, 0x00, 0x00,
    0x00, 0x00, 0x00, 0x00, 0x00, 0x00, 0x00, 0x00, 0x00, 0x00, 0x00, 0x00,
    0x00, 0x00, 0x00, 0x00, 0x00, 0x00, 0x00, 0x00, 0x00, 0x00, 0x00, 0x00,
    0x00, 0x00, 0x00, 0x00, 0x00, 0x00, 0x00, 0x00, 0x00, 0x00, 0x00, 0x00,
    0x00, 0x00, 0x00, 0x00, 0x00, 0x00, 0x00, 0x00, 0x00, 0x00, 0x00, 0x00,
    0x00, 0x00, 0x00, 0x00, 0x00, 0x00, 0x00, 0x00, 0x00, 0x00, 0x00, 0x00,
    0x00, 0x00, 0x00, 0x00, 0x00, 0x00, 0x00, 0x00, 0x00, 0x00, 0x00, 0x00,
    0x00, 0x00, 0x00, 0x00, 0x00, 0x00, 0x00, 0x00, 0x00, 0x00, 0x00, 0x00,
    0x00, 0x00, 0x00, 0x00, 0x00, 0x00, 0x00, 0x00, 0x00, 0x00, 0x00, 0x00,
    0x00, 0x00, 0x00, 0x00, 0x00, 0x00, 0x00, 0x00, 0x00, 0x00, 0x00, 0x00,
    0x00, 0x00, 0x00, 0x00, 0x00, 0x00, 0x00, 0x00, 0x00, 0x00, 0x00, 0x00,
    0x00, 0x00, 0x00, 0x00, 0x00, 0x00, 0x00, 0x00, 0x00, 0x00, 0x00, 0x00,
    0x00, 0x00, 0x00, 0x00, 0x00, 0x00, 0x00, 0x00, 0x00, 0x00, 0x00, 0x00,
    0x00, 0x00, 0x00, 0x00, 0x00, 0x00, 0x00, 0x00, 0x00, 0x00, 0x00, 0x00,
    0x00, 0x00, 0x00, 0x00, 0x00, 0x00, 0x00, 0x00, 0x00, 0x00, 0x00, 0x00,
    0x00, 0x00, 0x00, 0x00, 0x00, 0x00, 0x00, 0x00, 0x00, 0x00, 0x00, 0x00,
    0x00, 0x00, 0x00, 0x00, 0x00, 0x00, 0x00, 0x00, 0x00, 0x00, 0x00, 0x00,
    0x00, 0x00, 0x00, 0x00, 0x00, 0x00, 0x00, 0x00, 0x00, 0x00, 0x00, 0x00,
    0x00, 0x00, 0x00, 0x00, 0x00, 0x00, 0x00, 0x00, 0x00, 0x00, 0x00, 0x00,
    0x00, 0x00, 0x00, 0x00, 0x00, 0x00, 0x00, 0x00, 0x00, 0x00, 0x00, 0x00,
    0x00, 0x00, 0x00, 0x00, 0x00, 0x00, 0x00, 0x00, 0x00, 0x00, 0x00, 0x00,
    0x00, 0x00, 0x00, 0x00, 0x00, 0x00, 0x00, 0x00, 0x00, 0x00, 0x00, 0x00,
    0x00, 0x00, 0x00, 0x00, 0x00, 0x00, 0x00, 0x00, 0x00, 0x00, 0x00, 0x00,
    0x00, 0x00, 0x00, 0x00, 0x00, 0x00, 0x00, 0x00, 0x00, 0x00, 0x00, 0x00,
    0x00, 0x00, 0x00, 0x00, 0x00, 0x00, 0x00, 0x00, 0x00, 0x00, 0x00, 0x00,
    0x00, 0x00, 0x00, 0x00, 0x00, 0x00, 0x00, 0x00, 0x00, 0x00, 0x00, 0x00,
    0x00, 0x00, 0x00, 0x00, 0x00, 0x00, 0x00, 0x00, 0x00, 0x00, 0x00, 0x00,
    0x00, 0x00, 0x00, 0x00, 0x00, 0x00, 0x00, 0x00, 0x00, 0x00, 0x00, 0x00,
    0x00, 0x00, 0x00, 0x00, 0x00, 0x00, 0x00, 0x00, 0x00, 0x00, 0x00, 0x00,
    0x00, 0x00, 0x00, 0x00, 0x00, 0x00, 0x00, 0x00, 0x00, 0x00, 0x00, 0x00,
    0x00, 0x00, 0x00, 0x00, 0x00, 0x00, 0x00, 0x00, 0x00, 0x00, 0x00, 0x00,
    0x00, 0x00, 0x00, 0x00, 0x00, 0x00, 0x00, 0x00, 0x00, 0x00, 0x00, 0x00,
    0x00, 0x00, 0x00, 0x00, 0x00, 0x00, 0x00, 0x00, 0x00, 0x00, 0x00, 0x00,
    0x00, 0x00, 0x00, 0x00, 0x00, 0x00, 0x00, 0x00, 0x00, 0x00, 0x00, 0x00,
    0x00, 0x00, 0x00, 0x00, 0x00, 0x00, 0x00, 0x00, 0x00, 0x00, 0x00, 0x00,
    0x00, 0x00, 0x00, 0x00, 0x00, 0x00, 0x00, 0x00, 0x00, 0x00, 0x00, 0x00,
    0x00, 0x00, 0x00, 0x00, 0x00, 0x00, 0x00, 0x00, 0x00, 0x00, 0x00, 0x00,
    0x00, 0x00, 0x00, 0x00, 0x00, 0x00, 0x00, 0x00, 0x00, 0x00, 0x00, 0x00,
    0x00, 0x00, 0x00, 0x00, 0x00, 0x00, 0x00, 0x00, 0x00, 0x00, 0x00, 0x00,
    0x00, 0x00, 0x00, 0x00, 0x00, 0x00, 0x00, 0x00, 0x00, 0x00, 0x00, 0x00,
    0x00, 0x00, 0x00, 0x00, 0x00, 0x00, 0x00, 0x00, 0x00, 0x00, 0x00, 0x00,
    0x00, 0x00, 0x00, 0x00, 0x00, 0x00, 0x00, 0x00, 0x00, 0x00, 0x00, 0x00,
    0x00, 0x00, 0x00, 0x00, 0x00, 0x00, 0x00, 0x00, 0x00, 0x00, 0x00, 0x00,
    0x00, 0x00, 0x00, 0x00, 0x00, 0x00, 0x00, 0x00, 0x00, 0x00, 0x00, 0x00,
    0x00, 0x00, 0x00, 0x00, 0x00, 0x00, 0x00, 0x00, 0x00, 0x00, 0x00, 0x00,
    0x00, 0x00, 0x00, 0x00, 0x00, 0x00, 0x00, 0x00, 0x00, 0x00, 0x00, 0x00,
    0x00, 0x00, 0x00, 0x00, 0x00, 0x00, 0x00, 0x00, 0x00, 0x00, 0x00, 0x00,
    0x00, 0x00, 0x00, 0x00, 0x00, 0x00, 0x00, 0x00, 0x00, 0x00, 0x00, 0x00,
    0x00, 0x00, 0x00, 0x00, 0x00, 0x00, 0x00, 0x00, 0x00, 0x00, 0x00, 0x00,
    0x00, 0x00, 0x00, 0x00, 0x00, 0x00, 0x00, 0x00, 0x00, 0x00, 0x00, 0x00,
    0x00, 0x00, 0x00, 0x00, 0x00, 0x00, 0x00, 0x00, 0x00, 0x00, 0x00, 0x00,
    0x00, 0x00, 0x00, 0x00, 0x00, 0x00, 0x00, 0x00, 0x00, 0x00, 0x00, 0x00,
    0x00, 0x00, 0x00, 0x00, 0x00, 0x00, 0x00, 0x00, 0x00, 0x00, 0x00, 0x00,
    0x00, 0x00, 0x00, 0x00, 0x00, 0x00, 0x00, 0x00, 0x00, 0x00, 0x00, 0x00,
    0x00, 0x00, 0x00, 0x00, 0x00, 0x00, 0x00, 0x00, 0x00, 0x00, 0x00, 0x00,
    0x00, 0x00, 0x00, 0x00, 0x00, 0x00, 0x00, 0x00, 0x00, 0x00, 0x00, 0x00,
    0x00, 0x00, 0x00, 0x00, 0x00, 0x00, 0x00, 0x00, 0x00, 0x00, 0x00, 0x00,
    0x00, 0x00, 0x00, 0x00, 0x00, 0x00, 0x00, 0x00, 0x00, 0x00, 0x00, 0x00,
    0x00, 0x00, 0x00, 0x00, 0x00, 0x00, 0x00, 0x00, 0x00, 0x00, 0x00, 0x00,
    0x00, 0x00, 0x00, 0x00, 0x00, 0x00, 0x00, 0x00, 0x00, 0x00, 0x00, 0x00,
    0x00, 0x00, 0x00, 0x00, 0x00, 0x00, 0x00, 0x00, 0x00, 0x00, 0x00, 0x00,
    0x00, 0x00, 0x00, 0x00, 0x00, 0x00, 0x00, 0x00, 0x00, 0x00, 0x00, 0x00,
    0x00, 0x00, 0x00, 0x00, 0x00, 0x00, 0x00, 0x00, 0x00, 0x00, 0x00, 0x00,
    0x00, 0x00, 0x00, 0x00, 0x00, 0x00, 0x00, 0x00, 0x00, 0x00, 0x00, 0x00,
    0x00, 0x00, 0x00, 0x00, 0x00, 0x00, 0x00, 0x00, 0x00, 0x00, 0x00, 0x00,
    0x00, 0x00, 0x00, 0x00, 0x00, 0x00, 0x00, 0x00, 0x00, 0x00, 0x00, 0x00,
    0x00, 0x00, 0x00, 0x00, 0x00, 0x00, 0x00, 0x00, 0x00, 0x00, 0x00, 0x00,
    0x00, 0x00, 0x00, 0x00, 0x00, 0x00, 0x00, 0x00, 0x00, 0x00, 0x00, 0x00,
    0x00, 0x00, 0x00, 0x00, 0x00, 0x00, 0x00, 0x00, 0x00, 0x00, 0x00, 0x00,
    0x00, 0x00, 0x00, 0x00, 0x00, 0x00, 0x00, 0x00, 0x00, 0x00, 0x00, 0x00,
    0x00, 0x00, 0x00, 0x00, 0x00, 0x00, 0x00, 0x00, 0x00, 0x00, 0x00, 0x00,
    0x00, 0x00, 0x00, 0x00, 0x00, 0x00, 0x00, 0x00, 0x00, 0x00, 0x00, 0x00,
    0x00, 0x00, 0x00, 0x00, 0x00, 0x00, 0x00, 0x00, 0x00, 0x00, 0x00, 0x00,
    0x00, 0x00, 0x00, 0x00, 0x00, 0x00, 0x00, 0x00, 0x00, 0x00, 0x00, 0x00,
    0x00, 0x00, 0x00, 0x00, 0x00, 0x00, 0x00, 0x00, 0x00, 0x00, 0x00, 0x00,
    0x00, 0x00, 0x00, 0x00, 0x00, 0x00, 0x00, 0x00, 0x00, 0x00, 0x00, 0x00,
    0x00, 0x00, 0x00, 0x00, 0x00, 0x00, 0x00, 0x00, 0x00, 0x00, 0x00, 0x00,
    0x00, 0x00, 0x00, 0x00, 0x00, 0x00, 0x00, 0x00, 0x00, 0x00, 0x00, 0x00,
    0x00, 0x00, 0x00, 0x00, 0x00, 0x00, 0x00, 0x00, 0x00, 0x00, 0x00, 0x00,
    0x00, 0x00, 0x00, 0x00, 0x00, 0x00, 0x00, 0x00, 0x00, 0x00, 0x00, 0x00,
    0x00, 0x00, 0x00, 0x00, 0x00, 0x00, 0x00, 0x00, 0x00, 0x00, 0x00, 0x00,
    0x00, 0x00, 0x00, 0x00, 0x00, 0x00, 0x00, 0x00, 0x00, 0x00, 0x00, 0x00,
    0x00, 0x00, 0x00, 0x00, 0x00, 0x00, 0x00, 0x00, 0x00, 0x00, 0x00, 0x00,
    0x00, 0x00, 0x00, 0x00, 0x00, 0x00, 0x00, 0x00, 0x00, 0x00, 0x00, 0x00,
    0x00, 0x00, 0x00, 0x00, 0x00, 0x00, 0x00, 0x00, 0x00, 0x00, 0x00, 0x00,
    0x00, 0x00, 0x00, 0x00, 0x00, 0x00, 0x00, 0x00, 0x00, 0x00, 0x00, 0x00,
    0x00, 0x00, 0x00, 0x00, 0x00, 0x00, 0x00, 0x00, 0x00, 0x00, 0x00, 0x00,
    0x00, 0x00, 0x00, 0x00, 0x00, 0x00, 0x00, 0x00, 0x00, 0x00, 0x00, 0x00,
    0x00, 0x00, 0x00, 0x00, 0x00, 0x00, 0x00, 0x00, 0x00, 0x00, 0x00, 0x00,
    0x00, 0x00, 0x00, 0x00, 0x00, 0x00, 0x00, 0x00, 0x00, 0x00, 0x00, 0x00,
    0x00, 0x00, 0x00, 0x00, 0x00, 0x00, 0x00, 0x00, 0x00, 0x00, 0x00, 0x00,
    0x00, 0x00, 0x00, 0x00, 0x00, 0x00, 0x00, 0x00, 0x00, 0x00, 0x00, 0x00,
    0x00, 0x00, 0x00, 0x00, 0x00, 0x00, 0x00, 0x00, 0x00, 0x00, 0x00, 0x00,
    0x00, 0x00, 0x00, 0x00, 0x00, 0x00, 0x00, 0x00, 0x00, 0x00, 0x00, 0x00,
    0x00, 0x00, 0x00, 0x00, 0x00, 0x00, 0x00, 0x00, 0x00, 0x00, 0x00, 0x00,
    0x00, 0x00, 0x00, 0x00, 0x00, 0x00, 0x00, 0x00, 0x00, 0x00, 0x00, 0x00,
    0x00, 0x00, 0x00, 0x00, 0x00, 0x00, 0x00, 0x00, 0x00, 0x00, 0x00, 0x00,
    0x00, 0x00, 0x00, 0x00, 0x00, 0x00, 0x00, 0x00, 0x00, 0x00, 0x00, 0x00,
    0x00, 0x00, 0x00, 0x00, 0x00, 0x00, 0x00, 0x00, 0x00, 0x00, 0x00, 0x00,
    0x00, 0x00, 0x00, 0x00, 0x00, 0x00, 0x00, 0x00, 0x00, 0x00, 0x00, 0x00,
    0x00, 0x00, 0x00, 0x00, 0x00, 0x00, 0x00, 0x00, 0x00, 0x00, 0x00, 0x00,
    0x00, 0x00, 0x00, 0x00, 0x00, 0x00, 0x00, 0x00, 0x00, 0x00, 0x00, 0x00,
    0x00, 0x00, 0x00, 0x00, 0x00, 0x00, 0x00, 0x00, 0x00, 0x00, 0x00, 0x00,
    0x00, 0x00, 0x00, 0x00, 0x00, 0x00, 0x00, 0x00, 0x00, 0x00, 0x00, 0x00,
    0x00, 0x00, 0x00, 0x00, 0x00, 0x00, 0x00, 0x00, 0x00, 0x00, 0x00, 0x00,
    0x00, 0x00, 0x00, 0x00, 0x00, 0x00, 0x00, 0x00, 0x00, 0x00, 0x00, 0x00,
    0x00, 0x00, 0x00, 0x00, 0x00, 0x00, 0x00, 0x00, 0x00, 0x00, 0x00, 0x00,
    0x00, 0x00, 0x00, 0x00, 0x00, 0x00, 0x00, 0x00, 0x00, 0x00, 0x00, 0x00,
    0x00, 0x00, 0x00, 0x00, 0x00, 0x00, 0x00, 0x00, 0x00, 0x00, 0x00, 0x00,
    0x00, 0x00, 0x00, 0x00, 0x00, 0x00, 0x00, 0x00, 0x00, 0x00, 0x00, 0x00,
    0x00, 0x00, 0x00, 0x00, 0x00, 0x00, 0x00, 0x00, 0x00, 0x00, 0x00, 0x00,
    0x00, 0x00, 0x00, 0x00, 0x00, 0x00, 0x00, 0x00, 0x00, 0x00, 0x00, 0x00,
    0x00, 0x00, 0x00, 0x00, 0x00, 0x00, 0x00, 0x00, 0x00, 0x00, 0x00, 0x00,
    0x00, 0x00, 0x00, 0x00, 0x00, 0x00, 0x00, 0x00, 0x00, 0x00, 0x00, 0x00,
    0x00, 0x00, 0x00, 0x00, 0x00, 0x00, 0x00, 0x00, 0x00, 0x00, 0x00, 0x00,
    0x00, 0x00, 0x00, 0x00, 0x00, 0x00, 0x00, 0x00, 0x00, 0x00, 0x00, 0x00,
    0x00, 0x00, 0x00, 0x00, 0x00, 0x00, 0x00, 0x00, 0x00, 0x00, 0x00, 0x00,
    0x00, 0x00, 0x00, 0x00, 0x00, 0x00, 0x00, 0x00, 0x00, 0x00, 0x00, 0x00,
    0x00, 0x00, 0x00, 0x00, 0x00, 0x00, 0x00, 0x00, 0x00, 0x00, 0x00, 0x00,
    0x00, 0x00, 0x00, 0x00, 0x00, 0x00, 0x00, 0x00, 0x00, 0x00, 0x00, 0x00,
    0x00, 0x00, 0x00, 0x00, 0x00, 0x00, 0x00, 0x00, 0x00, 0x00, 0x00, 0x00,
    0x00, 0x00, 0x00, 0x00, 0x00, 0x00, 0x00, 0x00, 0x00, 0x00, 0x00, 0x00,
    0x00, 0x00, 0x00, 0x00, 0x00, 0x00, 0x00, 0x00, 0x00, 0x00, 0x00, 0x00,
    0x00, 0x00, 0x00, 0x00, 0x00, 0x00, 0x00, 0x00, 0x00, 0x00, 0x00, 0x00,
    0x00, 0x00, 0x00, 0x00, 0x00, 0x00, 0x00, 0x00, 0x00, 0x00, 0x00, 0x00,
    0x00, 0x00, 0x00, 0x00, 0x00, 0x00, 0x00, 0x00, 0x00, 0x00, 0x00, 0x00,
    0x00, 0x00, 0x00, 0x00, 0x00, 0x00, 0x00, 0x00, 0x00, 0x00, 0x00, 0x00,
    0x00, 0x00, 0x00, 0x00, 0x00, 0x00, 0x00, 0x00, 0x00, 0x00, 0x00, 0x00,
    0x00, 0x00, 0x00, 0x00, 0x00, 0x00, 0x00, 0x00, 0x00, 0x00, 0x00, 0x00,
    0x00, 0x00, 0x00, 0x00, 0x00, 0x00, 0x00, 0x00, 0x00, 0x00, 0x00, 0x00,
    0x00, 0x00, 0x00, 0x00, 0x00, 0x00, 0x00, 0x00, 0x00, 0x00, 0x00, 0x00,
    0x00, 0x00, 0x00, 0x00, 0x00, 0x00, 0x00, 0x00, 0x00, 0x00, 0x00, 0x00,
    0x00, 0x00, 0x00, 0x00, 0x00, 0x00, 0x00, 0x00, 0x00, 0x00, 0x00, 0x00,
    0x00, 0x00, 0x00, 0x00, 0x00, 0x00, 0x00, 0x00, 0x00, 0x00, 0x00, 0x00,
    0x00, 0x00, 0x00, 0x00, 0x00, 0x00, 0x00, 0x00, 0x00, 0x00, 0x00, 0x00,
    0x00, 0x00, 0x00, 0x00, 0x00, 0x00, 0x00, 0x00, 0x00, 0x00, 0x00, 0x00,
    0x00, 0x00, 0x00, 0x00, 0x00, 0x00, 0x00, 0x00, 0x00, 0x00, 0x00, 0x00,
    0x00, 0x00, 0x00, 0x00, 0x00, 0x00, 0x00, 0x00, 0x00, 0x00, 0x00, 0x00,
    0x00, 0x00, 0x00, 0x00, 0x00, 0x00, 0x00, 0x00, 0x00, 0x00, 0x00, 0x00,
    0x00, 0x00, 0x00, 0x00, 0x00, 0x00, 0x00, 0x00, 0x00, 0x00, 0x00, 0x00,
    0x00, 0x00, 0x00, 0x00, 0x00, 0x00, 0x00, 0x00, 0x00, 0x00, 0x00, 0x00,
    0x00, 0x00, 0x00, 0x00, 0x00, 0x00, 0x00, 0x00, 0x00, 0x00, 0x00, 0x00,
    0x00, 0x00, 0x00, 0x00, 0x00, 0x00, 0x00, 0x00, 0x00, 0x00, 0x00, 0x00,
    0x00, 0x00, 0x00, 0x00, 0x00, 0x00, 0x00, 0x00, 0x00, 0x00, 0x00, 0x00,
    0x00, 0x00, 0x00, 0x00, 0x00, 0x00, 0x00, 0x00, 0x00, 0x00, 0x00, 0x00,
    0x00, 0x00, 0x00, 0x00, 0x00, 0x00, 0x00, 0x00, 0x00, 0x00, 0x00, 0x00,
    0x00, 0x00, 0x00, 0x00, 0x00, 0x00, 0x00, 0x00, 0x00, 0x00, 0x00, 0x00,
    0x00, 0x00, 0x00, 0x00, 0x00, 0x00, 0x00, 0x00, 0x00, 0x00, 0x00, 0x00,
    0x00, 0x00, 0x00, 0x00, 0x00, 0x00, 0x00, 0x00, 0x00, 0x00, 0x00, 0x00,
    0x00, 0x00, 0x00, 0x00, 0x00, 0x00, 0x00, 0x00, 0x00, 0x00, 0x00, 0x00,
    0x00, 0x00, 0x00, 0x00, 0x00, 0x00, 0x00, 0x00, 0x00, 0x00, 0x00, 0x00,
    0x00, 0x00, 0x00, 0x00, 0x00, 0x00, 0x00, 0x00, 0x00, 0x00, 0x00, 0x00,
    0x00, 0x00, 0x00, 0x00, 0x00, 0x00, 0x00, 0x00, 0x00, 0x00, 0x00, 0x00,
    0x00, 0x00, 0x00, 0x00, 0x00, 0x00, 0x00, 0x00, 0x00, 0x00, 0x00, 0x00,
    0x00, 0x00, 0x00, 0x00, 0x00, 0x00, 0x00, 0x00, 0x00, 0x00, 0x00, 0x00,
    0x00, 0x00, 0x00, 0x00, 0x00, 0x00, 0x00, 0x00, 0x00, 0x00, 0x00, 0x00,
    0x00, 0x00, 0x00, 0x00, 0x00, 0x00, 0x00, 0x00, 0x00, 0x00, 0x00, 0x00,
    0x00, 0x00, 0x00, 0x00, 0x00, 0x00, 0x00, 0x00, 0x00, 0x00, 0x00, 0x00,
    0x00, 0x00, 0x00, 0x00, 0x00, 0x00, 0x00, 0x00, 0x00, 0x00, 0x00, 0x00,
    0x00, 0x00, 0x00, 0x00, 0x00, 0x00, 0x00, 0x00, 0x00, 0x00, 0x00, 0x00,
    0x00, 0x00, 0x00, 0x00, 0x00, 0x00, 0x00, 0x00, 0x00, 0x00, 0x00, 0x00,
    0x00, 0x00, 0x00, 0x00, 0x00, 0x00, 0x00, 0x00, 0x00, 0x00, 0x00, 0x00,
    0x00, 0x00, 0x00, 0x00, 0x00, 0x00, 0x00, 0x00, 0x00, 0x00, 0x00, 0x00,
    0x00, 0x00, 0x00, 0x00, 0x00, 0x00, 0x00, 0x00, 0x00, 0x00, 0x00, 0x00,
    0x00, 0x00, 0x00, 0x00, 0x00, 0x00, 0x00, 0x00, 0x00, 0x00, 0x00, 0x00,
    0x00, 0x00, 0x00, 0x00, 0x00, 0x00, 0x00, 0x00, 0x00, 0x00, 0x00, 0x00,
    0x00, 0x00, 0x00, 0x00, 0x00, 0x00, 0x00, 0x00, 0x00, 0x00, 0x00, 0x00,
    0x00, 0x00, 0x00, 0x00, 0x00, 0x00, 0x00, 0x00, 0x00, 0x00, 0x00, 0x00,
    0x00, 0x00, 0x00, 0x00, 0x00, 0x00, 0x00, 0x00, 0x00, 0x00, 0x00, 0x00,
    0x00, 0x00, 0x00, 0x00, 0x00, 0x00, 0x00, 0x00, 0x00, 0x00, 0x00, 0x00,
    0x00, 0x00, 0x00, 0x00, 0x00, 0x00, 0x00, 0x00, 0x00, 0x00, 0x00, 0x00,
    0x00, 0x00, 0x00, 0x00, 0x00, 0x00, 0x00, 0x00, 0x00, 0x00, 0x00, 0x00,
    0x00, 0x00, 0x00, 0x00, 0x00, 0x00, 0x00, 0x00, 0x00, 0x00, 0x00, 0x00,
    0x00, 0x00, 0x00, 0x00, 0x00, 0x00, 0x00, 0x00, 0x00, 0x00, 0x00, 0x00,
    0x00, 0x00, 0x00, 0x00, 0x00, 0x00, 0x00, 0x00, 0x00, 0x00, 0x00, 0x00,
    0x00, 0x00, 0x00, 0x00, 0x00, 0x00, 0x00, 0x00, 0x00, 0x00, 0x00, 0x00,
    0x00, 0x00, 0x00, 0x00, 0x00, 0x00, 0x00, 0x00, 0x00, 0x00, 0x00, 0x00,
    0x00, 0x00, 0x00, 0x00, 0x00, 0x00, 0x00, 0x00, 0x00, 0x00, 0x00, 0x00,
    0x00, 0x00, 0x00, 0x00, 0x00, 0x00, 0x00, 0x00, 0x00, 0x00, 0x00, 0x00,
    0x00, 0x00, 0x00, 0x00, 0x00, 0x00, 0x00, 0x00, 0x00, 0x00, 0x00, 0x00,
    0x00, 0x00, 0x00, 0x00, 0x00, 0x00, 0x00, 0x00, 0x00, 0x00, 0x00, 0x00,
    0x00, 0x00, 0x00, 0x00, 0x00, 0x00, 0x00, 0x00, 0x00, 0x00, 0x00, 0x00,
    0x00, 0x00, 0x00, 0x00, 0x00, 0x00, 0x00, 0x00, 0x00, 0x00, 0x00, 0x00,
    0x00, 0x00, 0x00, 0x00, 0x00, 0x00, 0x00, 0x00, 0x00, 0x00, 0x00, 0x00,
    0x00, 0x00, 0x00, 0x00, 0x00, 0x00, 0x00, 0x00, 0x00, 0x00, 0x00, 0x00,
    0x00, 0x00, 0x00, 0x00, 0x00, 0x00, 0x00, 0x00, 0x00, 0x00, 0x00, 0x00,
    0x00, 0x00, 0x00, 0x00, 0x00, 0x00, 0x00, 0x00, 0x00, 0x00, 0x00, 0x00,
    0x00, 0x00, 0x00, 0x00, 0x00, 0x00, 0x00, 0x00, 0x00, 0x00, 0x00, 0x00,
    0x00, 0x00, 0x00, 0x00, 0x00, 0x00, 0x00, 0x00, 0x00, 0x00, 0x00, 0x00,
    0x00, 0x00, 0x00, 0x00, 0x00, 0x00, 0x00, 0x00, 0x00, 0x00, 0x00, 0x00,
    0x00, 0x00, 0x00, 0x00, 0x00, 0x00, 0x00, 0x00, 0x00, 0x00, 0x00, 0x00,
    0x00, 0x00, 0x00, 0x00, 0x00, 0x00, 0x00, 0x00, 0x00, 0x00, 0x00, 0x00,
    0x00, 0x00, 0x00, 0x00, 0x00, 0x00, 0x00, 0x00, 0x00, 0x00, 0x00, 0x00,
    0x00, 0x00, 0x00, 0x00, 0x00, 0x00, 0x00, 0x00, 0x00, 0x00, 0x00, 0x00,
    0x00, 0x00, 0x00, 0x00, 0x00, 0x00, 0x00, 0x00, 0x00, 0x00, 0x00, 0x00,
    0x00, 0x00, 0x00, 0x00, 0x00, 0x00, 0x00, 0x00, 0x00, 0x00, 0x00, 0x00,
    0x00, 0x00, 0x00, 0x00, 0x00, 0x00, 0x00, 0x00, 0x00, 0x00, 0x00, 0x00,
    0x00, 0x00, 0x00, 0x00, 0x00, 0x00, 0x00, 0x00, 0x00, 0x00, 0x00, 0x00,
    0x00, 0x00, 0x00, 0x00, 0x00, 0x00, 0x00, 0x00, 0x00, 0x00, 0x00, 0x00,
    0x00, 0x00, 0x00, 0x00, 0x00, 0x00, 0x00, 0x00, 0x00, 0x00, 0x00, 0x00,
    0x00, 0x00, 0x00, 0x00, 0x00, 0x00, 0x00, 0x00, 0x00, 0x00, 0x00, 0x00,
    0x00, 0x00, 0x00, 0x00, 0x00, 0x00, 0x00, 0x00, 0x00, 0x00, 0x00, 0x00,
    0x00, 0x00, 0x00, 0x00, 0x00, 0x00, 0x00, 0x00, 0x00, 0x00, 0x00, 0x00,
    0x00, 0x00, 0x00, 0x00, 0x00, 0x00, 0x00, 0x00, 0x00, 0x00, 0x00, 0x00,
    0x00, 0x00, 0x00, 0x00, 0x00, 0x00, 0x00, 0x00, 0x00, 0x00, 0x00, 0x00,
    0x00, 0x00, 0x00, 0x00, 0x00, 0x00, 0x00, 0x00, 0x00, 0x00, 0x00, 0x00,
    0x00, 0x00, 0x00, 0x00, 0x00, 0x00, 0x00, 0x00, 0x00, 0x00, 0x00, 0x00,
    0x00, 0x00, 0x00, 0x00, 0x00, 0x00, 0x00, 0x00, 0x00, 0x00, 0x00, 0x00,
    0x00, 0x00, 0x00, 0x00, 0x00, 0x00, 0x00, 0x00, 0x00, 0x00, 0x00, 0x00,
    0x00, 0x00, 0x00, 0x00, 0x00, 0x00, 0x00, 0x00, 0x00, 0x00, 0x00, 0x00,
    0x00, 0x00, 0x00, 0x00, 0x00, 0x00, 0x00, 0x00, 0x00, 0x00, 0x00, 0x00,
    0x00, 0x00, 0x00, 0x00, 0x00, 0x00, 0x00, 0x00, 0x00, 0x00, 0x00, 0x00,
    0x00, 0x00, 0x00, 0x00, 0x00, 0x00, 0x00, 0x00, 0x00, 0x00, 0x00, 0x00,
    0x00, 0x00, 0x00, 0x00, 0x00, 0x00, 0x00, 0x00, 0x00, 0x00, 0x00, 0x00,
    0x00, 0x00, 0x00, 0x00, 0x00, 0x00, 0x00, 0x00, 0x00, 0x00, 0x00, 0x00,
    0x00, 0x00, 0x00, 0x00, 0x00, 0x00, 0x00, 0x00, 0x00, 0x00, 0x00, 0x00,
    0x00, 0x00, 0x00, 0x00, 0x00, 0x00, 0x00, 0x00, 0x00, 0x00, 0x00, 0x00,
    0x00, 0x00, 0x00, 0x00, 0x00, 0x00, 0x00, 0x00, 0x00, 0x00, 0x00, 0x00,
    0x00, 0x00, 0x00, 0x00, 0x00, 0x00, 0x00, 0x00, 0x00, 0x00, 0x00, 0x00,
    0x00, 0x00, 0x00, 0x00, 0x00, 0x00, 0x00, 0x00, 0x00, 0x00, 0x00, 0x00,
    0x00, 0x00, 0x00, 0x00, 0x00, 0x00, 0x00, 0x00, 0x00, 0x00, 0x00, 0x00,
    0x00, 0x00, 0x00, 0x00, 0x00, 0x00, 0x00, 0x00, 0x00, 0x00, 0x00, 0x00,
    0x00, 0x00, 0x00, 0x00, 0x00, 0x00, 0x00, 0x00, 0x00, 0x00, 0x00, 0x00,
    0x00, 0x00, 0x00, 0x00, 0x00, 0x00, 0x00, 0x00, 0x00, 0x00, 0x00, 0x00,
    0x00, 0x00, 0x00, 0x00, 0x00, 0x00, 0x00, 0x00, 0x00, 0x00, 0x00, 0x00,
    0x00, 0x00, 0x00, 0x00, 0x00, 0x00, 0x00, 0x00, 0x00, 0x00, 0x00, 0x00,
    0x00, 0x00, 0x00, 0x00, 0x00, 0x00, 0x00, 0x00, 0x00, 0x00, 0x00, 0x00,
    0x00, 0x00, 0x00, 0x00, 0x00, 0x00, 0x00, 0x00, 0x00, 0x00, 0x00, 0x00,
    0x00, 0x00, 0x00, 0x00, 0x00, 0x00, 0x00, 0x00, 0x00, 0x00, 0x00, 0x00,
    0x00, 0x00, 0x00, 0x00, 0x00, 0x00, 0x00, 0x00, 0x00, 0x00, 0x00, 0x00,
    0x00, 0x00, 0x00, 0x00, 0x00, 0x00, 0x00, 0x00, 0x00, 0x00, 0x00, 0x00,
    0x00, 0x00, 0x00, 0x00, 0x00, 0x00, 0x00, 0x00, 0x00, 0x00, 0x00, 0x00,
    0x00, 0x00, 0x00, 0x00, 0x00, 0x00, 0x00, 0x00, 0x00, 0x00, 0x00, 0x00,
    0x00, 0x00, 0x00, 0x00, 0x00, 0x00, 0x00, 0x00, 0x00, 0x00, 0x00, 0x00,
    0x00, 0x00, 0x00, 0x00, 0x00, 0x00, 0x00, 0x00, 0x00, 0x00, 0x00, 0x00,
    0x00, 0x00, 0x00, 0x00, 0x00, 0x00, 0x00, 0x00, 0x00, 0x00, 0x00, 0x00,
    0x00, 0x00, 0x00, 0x00, 0x00, 0x00, 0x00, 0x00, 0x00, 0x00, 0x00, 0x00,
    0x00, 0x00, 0x00, 0x00, 0x00, 0x00, 0x00, 0x00, 0x00, 0x00, 0x00, 0x00,
    0x00, 0x00, 0x00, 0x00, 0x00, 0x00, 0x00, 0x00, 0x00, 0x00, 0x00, 0x00,
    0x00, 0x00, 0x00, 0x00, 0x00, 0x00, 0x00, 0x00, 0x00, 0x00, 0x00, 0x00,
    0x00, 0x00, 0x00, 0x00, 0x00, 0x00, 0x00, 0x00, 0x00, 0x00, 0x00, 0x00,
    0x00, 0x00, 0x00, 0x00, 0x00, 0x00, 0x00, 0x00, 0x00, 0x00, 0x00, 0x00,
    0x00, 0x00, 0x00, 0x00, 0x00, 0x00, 0x00, 0x00, 0x00, 0x00, 0x00, 0x00,
    0x00, 0x00, 0x00, 0x00, 0x00, 0x00, 0x00, 0x00, 0x00, 0x00, 0x00, 0x00,
    0x00, 0x00, 0x00, 0x00, 0x00, 0x00, 0x00, 0x00, 0x00, 0x00, 0x00, 0x00,
    0x00, 0x00, 0x00, 0x00, 0x00, 0x00, 0x00, 0x00, 0x00, 0x00, 0x00, 0x00,
    0x00, 0x00, 0x00, 0x00, 0x00, 0x00, 0x00, 0x00, 0x00, 0x00, 0x00, 0x00,
    0x00, 0x00, 0x00, 0x00, 0x00, 0x00, 0x00, 0x00, 0x00, 0x00, 0x00, 0x00,
    0x00, 0x00, 0x00, 0x00, 0x00, 0x00, 0x00, 0x00, 0x00, 0x00, 0x00, 0x00,
    0x00, 0x00, 0x00, 0x00, 0x00, 0x00, 0x00, 0x00, 0x00, 0x00, 0x00, 0x00,
    0x00, 0x00, 0x00, 0x00, 0x00, 0x00, 0x00, 0x00, 0x00, 0x00, 0x00, 0x00,
    0x00, 0x00, 0x00, 0x00, 0x00, 0x00, 0x00, 0x00, 0x00, 0x00, 0x00, 0x00,
    0x00, 0x00, 0x00, 0x00, 0x00, 0x00, 0x00, 0x00, 0x00, 0x00, 0x00, 0x00,
    0x00, 0x00, 0x00, 0x00, 0x00, 0x00, 0x00, 0x00, 0x00, 0x00, 0x00, 0x00,
    0x00, 0x00, 0x00, 0x00, 0x00, 0x00, 0x00, 0x00, 0x00, 0x00, 0x00, 0x00,
    0x00, 0x00, 0x00, 0x00, 0x00, 0x00, 0x00, 0x00, 0x00, 0x00, 0x00, 0x00,
    0x00, 0x00, 0x00, 0x00, 0x00, 0x00, 0x00, 0x00, 0x00, 0x00, 0x00, 0x00,
    0x00, 0x00, 0x00, 0x00, 0x00, 0x00, 0x00, 0x00, 0x00, 0x00, 0x00, 0x00,
    0x00, 0x00, 0x00, 0x00, 0x00, 0x00, 0x00, 0x00, 0x00, 0x00, 0x00, 0x00,
    0x00, 0x00, 0x00, 0x00, 0x00, 0x00, 0x00, 0x00, 0x00, 0x00, 0x00, 0x00,
    0x00, 0x00, 0x00, 0x00, 0x00, 0x00, 0x00, 0x00, 0x00, 0x00, 0x00, 0x00,
    0x00, 0x00, 0x00, 0x00, 0x00, 0x00, 0x00, 0x00, 0x00, 0x00, 0x00, 0x00,
    0x00, 0x00, 0x00, 0x00, 0x00, 0x00, 0x00, 0x00, 0x00, 0x00, 0x00, 0x00,
    0x00, 0x00, 0x00, 0x00, 0x00, 0x00, 0x00, 0x00, 0x00, 0x00, 0x00, 0x00,
    0x00, 0x00, 0x00, 0x00, 0x00, 0x00, 0x00, 0x00, 0x00, 0x00, 0x00, 0x00,
    0x00, 0x00, 0x00, 0x00, 0x00, 0x00, 0x00, 0x00, 0x00, 0x00, 0x00, 0x00,
    0x00, 0x00, 0x00, 0x00, 0x00, 0x00, 0x00, 0x00, 0x00, 0x00, 0x00, 0x00,
    0x00, 0x00, 0x00, 0x00, 0x00, 0x00, 0x00, 0x00, 0x00, 0x00, 0x00, 0x00,
    0x00, 0x00, 0x00, 0x00, 0x00, 0x00, 0x00, 0x00, 0x00, 0x00, 0x00, 0x00,
    0x00, 0x00, 0x00, 0x00, 0x00, 0x00, 0x00, 0x00, 0x00, 0x00, 0x00, 0x00,
    0x00, 0x00, 0x00, 0x00, 0x00, 0x00, 0x00, 0x00, 0x00, 0x00, 0x00, 0x00,
    0x00, 0x00, 0x00, 0x00, 0x00, 0x00, 0x00, 0x00, 0x00, 0x00, 0x00, 0x00,
    0x00, 0x00, 0x00, 0x00, 0x00, 0x00, 0x00, 0x00, 0x00, 0x00, 0x00, 0x00,
    0x00, 0x00, 0x00, 0x00, 0x00, 0x00, 0x00, 0x00, 0x00, 0x00, 0x00, 0x00,
    0x00, 0x00, 0x00, 0x00, 0x00, 0x00, 0x00, 0x00, 0x00, 0x00, 0x00, 0x00,
    0x00, 0x00, 0x00, 0x00, 0x00, 0x00, 0x00, 0x00, 0x00, 0x00, 0x00, 0x00,
    0x00, 0x00, 0x00, 0x00, 0x00, 0x00, 0x00, 0x00, 0x00, 0x00, 0x00, 0x00,
    0x00, 0x00, 0x00, 0x00, 0x00, 0x00, 0x00, 0x00, 0x00, 0x00, 0x00, 0x00,
    0x00, 0x00, 0x00, 0x00, 0x00, 0x00, 0x00, 0x00, 0x00, 0x00, 0x00, 0x00,
    0x00, 0x00, 0x00, 0x00, 0x00, 0x00, 0x00, 0x00, 0x00, 0x00, 0x00, 0x00,
    0x00, 0x00, 0x00, 0x00, 0x00, 0x00, 0x00, 0x00, 0x00, 0x00, 0x00, 0x00,
    0x00, 0x00, 0x00, 0x00, 0x00, 0x00, 0x00, 0x00, 0x00, 0x00, 0x00, 0x00,
    0x00, 0x00, 0x00, 0x00, 0x00, 0x00, 0x00, 0x00, 0x00, 0x00, 0x00, 0x00,
    0x00, 0x00, 0x00, 0x00, 0x00, 0x00, 0x00, 0x00, 0x00, 0x00, 0x00, 0x00,
    0x00, 0x00, 0x00, 0x00, 0x00, 0x00, 0x00, 0x00, 0x00, 0x00, 0x00, 0x00,
    0x00, 0x00, 0x00, 0x00, 0x00, 0x00, 0x00, 0x00, 0x00, 0x00, 0x00, 0x00,
    0x00, 0x00, 0x00, 0x00, 0x00, 0x00, 0x00, 0x00, 0x00, 0x00, 0x00, 0x00,
    0x00, 0x00, 0x00, 0x00, 0x00, 0x00, 0x00, 0x00, 0x00, 0x00, 0x00, 0x00,
    0x00, 0x00, 0x00, 0x00, 0x00, 0x00, 0x00, 0x00, 0x00, 0x00, 0x00, 0x00,
    0x00, 0x00, 0x00, 0x00, 0x00, 0x00, 0x00, 0x00, 0x00, 0x00, 0x00, 0x00,
    0x00, 0x00, 0x00, 0x00, 0x00, 0x00, 0x00, 0x00, 0xce, 0x78, 0xff, 0xff,
    0x04, 0x00, 0x00, 0x00, 0x40, 0x0b, 0x00, 0x00, 0x00, 0x00, 0x00, 0x00,
    0x00, 0x00, 0x00, 0x00, 0x00, 0x00, 0x00, 0x00, 0x00, 0x00, 0x00, 0x00,
    0x00, 0x00, 0x00, 0x00, 0x00, 0x00, 0x00, 0x00, 0x00, 0x00, 0x00, 0x00,
    0x00, 0x00, 0x00, 0x00, 0x00, 0x00, 0x00, 0x00, 0x00, 0x00, 0x00, 0x00,
    0x00, 0x00, 0x00, 0x00, 0x00, 0x00, 0x00, 0x00, 0x00, 0x00, 0x00, 0x00,
    0x00, 0x00, 0x00, 0x00, 0x00, 0x00, 0x00, 0x00, 0x00, 0x00, 0x00, 0x00,
    0x00, 0x00, 0x00, 0x00, 0x00, 0x00, 0x00, 0x00, 0x00, 0x00, 0x00, 0x00,
    0x00, 0x00, 0x00, 0x00, 0x00, 0x00, 0x00, 0x00, 0x00, 0x00, 0x00, 0x00,
    0x00, 0x00, 0x00, 0x00, 0x00, 0x00, 0x00, 0x00, 0x00, 0x00, 0x00, 0x00,
    0x00, 0x00, 0x00, 0x00, 0x00, 0x00, 0x00, 0x00, 0x00, 0x00, 0x00, 0x00,
    0x00, 0x00, 0x00, 0x00, 0x00, 0x00, 0x00, 0x00, 0x00, 0x00, 0x00, 0x00,
    0x00, 0x00, 0x00, 0x00, 0x00, 0x00, 0x00, 0x00, 0x00, 0x00, 0x00, 0x00,
    0x00, 0x00, 0x00, 0x00, 0x00, 0x00, 0x00, 0x00, 0x00, 0x00, 0x00, 0x00,
    0x00, 0x00, 0x00, 0x00, 0x00, 0x00, 0x00, 0x00, 0x00, 0x00, 0x00, 0x00,
    0x00, 0x00, 0x00, 0x00, 0x00, 0x00, 0x00, 0x00, 0x00, 0x00, 0x00, 0x00,
    0x00, 0x00, 0x00, 0x00, 0x00, 0x00, 0x00, 0x00, 0x00, 0x00, 0x00, 0x00,
    0x00, 0x00, 0x00, 0x00, 0x00, 0x00, 0x00, 0x00, 0x00, 0x00, 0x00, 0x00,
    0x00, 0x00, 0x00, 0x00, 0x00, 0x00, 0x00, 0x00, 0x00, 0x00, 0x00, 0x00,
    0x00, 0x00, 0x00, 0x00, 0x00, 0x00, 0x00, 0x00, 0x00, 0x00, 0x00, 0x00,
    0x00, 0x00, 0x00, 0x00, 0x00, 0x00, 0x00, 0x00, 0x00, 0x00, 0x00, 0x00,
    0x00, 0x00, 0x00, 0x00, 0x00, 0x00, 0x00, 0x00, 0x00, 0x00, 0x00, 0x00,
    0x00, 0x00, 0x00, 0x00, 0x00, 0x00, 0x00, 0x00, 0x00, 0x00, 0x00, 0x00,
    0x00, 0x00, 0x00, 0x00, 0x00, 0x00, 0x00, 0x00, 0x00, 0x00, 0x00, 0x00,
    0x00, 0x00, 0x00, 0x00, 0x00, 0x00, 0x00, 0x00, 0x00, 0x00, 0x00, 0x00,
    0x00, 0x00, 0x00, 0x00, 0x00, 0x00, 0x00, 0x00, 0x00, 0x00, 0x00, 0x00,
    0x00, 0x00, 0x00, 0x00, 0x00, 0x00, 0x00, 0x00, 0x00, 0x00, 0x00, 0x00,
    0x00, 0x00, 0x00, 0x00, 0x00, 0x00, 0x00, 0x00, 0x00, 0x00, 0x00, 0x00,
    0x00, 0x00, 0x00, 0x00, 0x00, 0x00, 0x00, 0x00, 0x00, 0x00, 0x00, 0x00,
    0x00, 0x00, 0x00, 0x00, 0x00, 0x00, 0x00, 0x00, 0x00, 0x00, 0x00, 0x00,
    0x00, 0x00, 0x00, 0x00, 0x00, 0x00, 0x00, 0x00, 0x00, 0x00, 0x00, 0x00,
    0x00, 0x00, 0x00, 0x00, 0x00, 0x00, 0x00, 0x00, 0x00, 0x00, 0x00, 0x00,
    0x00, 0x00, 0x00, 0x00, 0x00, 0x00, 0x00, 0x00, 0x00, 0x00, 0x00, 0x00,
    0x00, 0x00, 0x00, 0x00, 0x00, 0x00, 0x00, 0x00, 0x00, 0x00, 0x00, 0x00,
    0x00, 0x00, 0x00, 0x00, 0x00, 0x00, 0x00, 0x00, 0x00, 0x00, 0x00, 0x00,
    0x00, 0x00, 0x00, 0x00, 0x00, 0x00, 0x00, 0x00, 0x00, 0x00, 0x00, 0x00,
    0x00, 0x00, 0x00, 0x00, 0x00, 0x00, 0x00, 0x00, 0x00, 0x00, 0x00, 0x00,
    0x00, 0x00, 0x00, 0x00, 0x00, 0x00, 0x00, 0x00, 0x00, 0x00, 0x00, 0x00,
    0x00, 0x00, 0x00, 0x00, 0x00, 0x00, 0x00, 0x00, 0x00, 0x00, 0x00, 0x00,
    0x00, 0x00, 0x00, 0x00, 0x00, 0x00, 0x00, 0x00, 0x00, 0x00, 0x00, 0x00,
    0x00, 0x00, 0x00, 0x00, 0x00, 0x00, 0x00, 0x00, 0x00, 0x00, 0x00, 0x00,
    0x00, 0x00, 0x00, 0x00, 0x00, 0x00, 0x00, 0x00, 0x00, 0x00, 0x00, 0x00,
    0x00, 0x00, 0x00, 0x00, 0x00, 0x00, 0x00, 0x00, 0x00, 0x00, 0x00, 0x00,
    0x00, 0x00, 0x00, 0x00, 0x00, 0x00, 0x00, 0x00, 0x00, 0x00, 0x00, 0x00,
    0x00, 0x00, 0x00, 0x00, 0x00, 0x00, 0x00, 0x00, 0x00, 0x00, 0x00, 0x00,
    0x00, 0x00, 0x00, 0x00, 0x00, 0x00, 0x00, 0x00, 0x00, 0x00, 0x00, 0x00,
    0x00, 0x00, 0x00, 0x00, 0x00, 0x00, 0x00, 0x00, 0x00, 0x00, 0x00, 0x00,
    0x00, 0x00, 0x00, 0x00, 0x00, 0x00, 0x00, 0x00, 0x00, 0x00, 0x00, 0x00,
    0x00, 0x00, 0x00, 0x00, 0x00, 0x00, 0x00, 0x00, 0x00, 0x00, 0x00, 0x00,
    0x00, 0x00, 0x00, 0x00, 0x00, 0x00, 0x00, 0x00, 0x00, 0x00, 0x00, 0x00,
    0x00, 0x00, 0x00, 0x00, 0x00, 0x00, 0x00, 0x00, 0x00, 0x00, 0x00, 0x00,
    0x00, 0x00, 0x00, 0x00, 0x00, 0x00, 0x00, 0x00, 0x00, 0x00, 0x00, 0x00,
    0x00, 0x00, 0x00, 0x00, 0x00, 0x00, 0x00, 0x00, 0x00, 0x00, 0x00, 0x00,
    0x00, 0x00, 0x00, 0x00, 0x00, 0x00, 0x00, 0x00, 0x00, 0x00, 0x00, 0x00,
    0x00, 0x00, 0x00, 0x00, 0x00, 0x00, 0x00, 0x00, 0x00, 0x00, 0x00, 0x00,
    0x00, 0x00, 0x00, 0x00, 0x00, 0x00, 0x00, 0x00, 0x00, 0x00, 0x00, 0x00,
    0x00, 0x00, 0x00, 0x00, 0x00, 0x00, 0x00, 0x00, 0x00, 0x00, 0x00, 0x00,
    0x00, 0x00, 0x00, 0x00, 0x00, 0x00, 0x00, 0x00, 0x00, 0x00, 0x00, 0x00,
    0x00, 0x00, 0x00, 0x00, 0x00, 0x00, 0x00, 0x00, 0x00, 0x00, 0x00, 0x00,
    0x00, 0x00, 0x00, 0x00, 0x00, 0x00, 0x00, 0x00, 0x00, 0x00, 0x00, 0x00,
    0x00, 0x00, 0x00, 0x00, 0x00, 0x00, 0x00, 0x00, 0x00, 0x00, 0x00, 0x00,
    0x00, 0x00, 0x00, 0x00, 0x00, 0x00, 0x00, 0x00, 0x00, 0x00, 0x00, 0x00,
    0x00, 0x00, 0x00, 0x00, 0x00, 0x00, 0x00, 0x00, 0x00, 0x00, 0x00, 0x00,
    0x00, 0x00, 0x00, 0x00, 0x00, 0x00, 0x00, 0x00, 0x00, 0x00, 0x00, 0x00,
    0x00, 0x00, 0x00, 0x00, 0x00, 0x00, 0x00, 0x00, 0x00, 0x00, 0x00, 0x00,
    0x00, 0x00, 0x00, 0x00, 0x00, 0x00, 0x00, 0x00, 0x00, 0x00, 0x00, 0x00,
    0x00, 0x00, 0x00, 0x00, 0x00, 0x00, 0x00, 0x00, 0x00, 0x00, 0x00, 0x00,
    0x00, 0x00, 0x00, 0x00, 0x00, 0x00, 0x00, 0x00, 0x00, 0x00, 0x00, 0x00,
    0x00, 0x00, 0x00, 0x00, 0x00, 0x00, 0x00, 0x00, 0x00, 0x00, 0x00, 0x00,
    0x00, 0x00, 0x00, 0x00, 0x00, 0x00, 0x00, 0x00, 0x00, 0x00, 0x00, 0x00,
    0x00, 0x00, 0x00, 0x00, 0x00, 0x00, 0x00, 0x00, 0x00, 0x00, 0x00, 0x00,
    0x00, 0x00, 0x00, 0x00, 0x00, 0x00, 0x00, 0x00, 0x00, 0x00, 0x00, 0x00,
    0x00, 0x00, 0x00, 0x00, 0x00, 0x00, 0x00, 0x00, 0x00, 0x00, 0x00, 0x00,
    0x00, 0x00, 0x00, 0x00, 0x00, 0x00, 0x00, 0x00, 0x00, 0x00, 0x00, 0x00,
    0x00, 0x00, 0x00, 0x00, 0x00, 0x00, 0x00, 0x00, 0x00, 0x00, 0x00, 0x00,
    0x00, 0x00, 0x00, 0x00, 0x00, 0x00, 0x00, 0x00, 0x00, 0x00, 0x00, 0x00,
    0x00, 0x00, 0x00, 0x00, 0x00, 0x00, 0x00, 0x00, 0x00, 0x00, 0x00, 0x00,
    0x00, 0x00, 0x00, 0x00, 0x00, 0x00, 0x00, 0x00, 0x00, 0x00, 0x00, 0x00,
    0x00, 0x00, 0x00, 0x00, 0x00, 0x00, 0x00, 0x00, 0x00, 0x00, 0x00, 0x00,
    0x00, 0x00, 0x00, 0x00, 0x00, 0x00, 0x00, 0x00, 0x00, 0x00, 0x00, 0x00,
    0x00, 0x00, 0x00, 0x00, 0x00, 0x00, 0x00, 0x00, 0x00, 0x00, 0x00, 0x00,
    0x00, 0x00, 0x00, 0x00, 0x00, 0x00, 0x00, 0x00, 0x00, 0x00, 0x00, 0x00,
    0x00, 0x00, 0x00, 0x00, 0x00, 0x00, 0x00, 0x00, 0x00, 0x00, 0x00, 0x00,
    0x00, 0x00, 0x00, 0x00, 0x00, 0x00, 0x00, 0x00, 0x00, 0x00, 0x00, 0x00,
    0x00, 0x00, 0x00, 0x00, 0x00, 0x00, 0x00, 0x00, 0x00, 0x00, 0x00, 0x00,
    0x00, 0x00, 0x00, 0x00, 0x00, 0x00, 0x00, 0x00, 0x00, 0x00, 0x00, 0x00,
    0x00, 0x00, 0x00, 0x00, 0x00, 0x00, 0x00, 0x00, 0x00, 0x00, 0x00, 0x00,
    0x00, 0x00, 0x00, 0x00, 0x00, 0x00, 0x00, 0x00, 0x00, 0x00, 0x00, 0x00,
    0x00, 0x00, 0x00, 0x00, 0x00, 0x00, 0x00, 0x00, 0x00, 0x00, 0x00, 0x00,
    0x00, 0x00, 0x00, 0x00, 0x00, 0x00, 0x00, 0x00, 0x00, 0x00, 0x00, 0x00,
    0x00, 0x00, 0x00, 0x00, 0x00, 0x00, 0x00, 0x00, 0x00, 0x00, 0x00, 0x00,
    0x00, 0x00, 0x00, 0x00, 0x00, 0x00, 0x00, 0x00, 0x00, 0x00, 0x00, 0x00,
    0x00, 0x00, 0x00, 0x00, 0x00, 0x00, 0x00, 0x00, 0x00, 0x00, 0x00, 0x00,
    0x00, 0x00, 0x00, 0x00, 0x00, 0x00, 0x00, 0x00, 0x00, 0x00, 0x00, 0x00,
    0x00, 0x00, 0x00, 0x00, 0x00, 0x00, 0x00, 0x00, 0x00, 0x00, 0x00, 0x00,
    0x00, 0x00, 0x00, 0x00, 0x00, 0x00, 0x00, 0x00, 0x00, 0x00, 0x00, 0x00,
    0x00, 0x00, 0x00, 0x00, 0x00, 0x00, 0x00, 0x00, 0x00, 0x00, 0x00, 0x00,
    0x00, 0x00, 0x00, 0x00, 0x00, 0x00, 0x00, 0x00, 0x00, 0x00, 0x00, 0x00,
    0x00, 0x00, 0x00, 0x00, 0x00, 0x00, 0x00, 0x00, 0x00, 0x00, 0x00, 0x00,
    0x00, 0x00, 0x00, 0x00, 0x00, 0x00, 0x00, 0x00, 0x00, 0x00, 0x00, 0x00,
    0x00, 0x00, 0x00, 0x00, 0x00, 0x00, 0x00, 0x00, 0x00, 0x00, 0x00, 0x00,
    0x00, 0x00, 0x00, 0x00, 0x00, 0x00, 0x00, 0x00, 0x00, 0x00, 0x00, 0x00,
    0x00, 0x00, 0x00, 0x00, 0x00, 0x00, 0x00, 0x00, 0x00, 0x00, 0x00, 0x00,
    0x00, 0x00, 0x00, 0x00, 0x00, 0x00, 0x00, 0x00, 0x00, 0x00, 0x00, 0x00,
    0x00, 0x00, 0x00, 0x00, 0x00, 0x00, 0x00, 0x00, 0x00, 0x00, 0x00, 0x00,
    0x00, 0x00, 0x00, 0x00, 0x00, 0x00, 0x00, 0x00, 0x00, 0x00, 0x00, 0x00,
    0x00, 0x00, 0x00, 0x00, 0x00, 0x00, 0x00, 0x00, 0x00, 0x00, 0x00, 0x00,
    0x00, 0x00, 0x00, 0x00, 0x00, 0x00, 0x00, 0x00, 0x00, 0x00, 0x00, 0x00,
    0x00, 0x00, 0x00, 0x00, 0x00, 0x00, 0x00, 0x00, 0x00, 0x00, 0x00, 0x00,
    0x00, 0x00, 0x00, 0x00, 0x00, 0x00, 0x00, 0x00, 0x00, 0x00, 0x00, 0x00,
    0x00, 0x00, 0x00, 0x00, 0x00, 0x00, 0x00, 0x00, 0x00, 0x00, 0x00, 0x00,
    0x00, 0x00, 0x00, 0x00, 0x00, 0x00, 0x00, 0x00, 0x00, 0x00, 0x00, 0x00,
    0x00, 0x00, 0x00, 0x00, 0x00, 0x00, 0x00, 0x00, 0x00, 0x00, 0x00, 0x00,
    0x00, 0x00, 0x00, 0x00, 0x00, 0x00, 0x00, 0x00, 0x00, 0x00, 0x00, 0x00,
    0x00, 0x00, 0x00, 0x00, 0x00, 0x00, 0x00, 0x00, 0x00, 0x00, 0x00, 0x00,
    0x00, 0x00, 0x00, 0x00, 0x00, 0x00, 0x00, 0x00, 0x00, 0x00, 0x00, 0x00,
    0x00, 0x00, 0x00, 0x00, 0x00, 0x00, 0x00, 0x00, 0x00, 0x00, 0x00, 0x00,
    0x00, 0x00, 0x00, 0x00, 0x00, 0x00, 0x00, 0x00, 0x00, 0x00, 0x00, 0x00,
    0x00, 0x00, 0x00, 0x00, 0x00, 0x00, 0x00, 0x00, 0x00, 0x00, 0x00, 0x00,
    0x00, 0x00, 0x00, 0x00, 0x00, 0x00, 0x00, 0x00, 0x00, 0x00, 0x00, 0x00,
    0x00, 0x00, 0x00, 0x00, 0x00, 0x00, 0x00, 0x00, 0x00, 0x00, 0x00, 0x00,
    0x00, 0x00, 0x00, 0x00, 0x00, 0x00, 0x00, 0x00, 0x00, 0x00, 0x00, 0x00,
    0x00, 0x00, 0x00, 0x00, 0x00, 0x00, 0x00, 0x00, 0x00, 0x00, 0x00, 0x00,
    0x00, 0x00, 0x00, 0x00, 0x00, 0x00, 0x00, 0x00, 0x00, 0x00, 0x00, 0x00,
    0x00, 0x00, 0x00, 0x00, 0x00, 0x00, 0x00, 0x00, 0x00, 0x00, 0x00, 0x00,
    0x00, 0x00, 0x00, 0x00, 0x00, 0x00, 0x00, 0x00, 0x00, 0x00, 0x00, 0x00,
    0x00, 0x00, 0x00, 0x00, 0x00, 0x00, 0x00, 0x00, 0x00, 0x00, 0x00, 0x00,
    0x00, 0x00, 0x00, 0x00, 0x00, 0x00, 0x00, 0x00, 0x00, 0x00, 0x00, 0x00,
    0x00, 0x00, 0x00, 0x00, 0x00, 0x00, 0x00, 0x00, 0x00, 0x00, 0x00, 0x00,
    0x00, 0x00, 0x00, 0x00, 0x00, 0x00, 0x00, 0x00, 0x00, 0x00, 0x00, 0x00,
    0x00, 0x00, 0x00, 0x00, 0x00, 0x00, 0x00, 0x00, 0x00, 0x00, 0x00, 0x00,
    0x00, 0x00, 0x00, 0x00, 0x00, 0x00, 0x00, 0x00, 0x00, 0x00, 0x00, 0x00,
    0x00, 0x00, 0x00, 0x00, 0x00, 0x00, 0x00, 0x00, 0x00, 0x00, 0x00, 0x00,
    0x00, 0x00, 0x00, 0x00, 0x00, 0x00, 0x00, 0x00, 0x00, 0x00, 0x00, 0x00,
    0x00, 0x00, 0x00, 0x00, 0x00, 0x00, 0x00, 0x00, 0x00, 0x00, 0x00, 0x00,
    0x00, 0x00, 0x00, 0x00, 0x00, 0x00, 0x00, 0x00, 0x00, 0x00, 0x00, 0x00,
    0x00, 0x00, 0x00, 0x00, 0x00, 0x00, 0x00, 0x00, 0x00, 0x00, 0x00, 0x00,
    0x00, 0x00, 0x00, 0x00, 0x00, 0x00, 0x00, 0x00, 0x00, 0x00, 0x00, 0x00,
    0x00, 0x00, 0x00, 0x00, 0x00, 0x00, 0x00, 0x00, 0x00, 0x00, 0x00, 0x00,
    0x00, 0x00, 0x00, 0x00, 0x00, 0x00, 0x00, 0x00, 0x00, 0x00, 0x00, 0x00,
    0x00, 0x00, 0x00, 0x00, 0x00, 0x00, 0x00, 0x00, 0x00, 0x00, 0x00, 0x00,
    0x00, 0x00, 0x00, 0x00, 0x00, 0x00, 0x00, 0x00, 0x00, 0x00, 0x00, 0x00,
    0x00, 0x00, 0x00, 0x00, 0x00, 0x00, 0x00, 0x00, 0x00, 0x00, 0x00, 0x00,
    0x00, 0x00, 0x00, 0x00, 0x00, 0x00, 0x00, 0x00, 0x00, 0x00, 0x00, 0x00,
    0x00, 0x00, 0x00, 0x00, 0x00, 0x00, 0x00, 0x00, 0x00, 0x00, 0x00, 0x00,
    0x00, 0x00, 0x00, 0x00, 0x00, 0x00, 0x00, 0x00, 0x00, 0x00, 0x00, 0x00,
    0x00, 0x00, 0x00, 0x00, 0x00, 0x00, 0x00, 0x00, 0x00, 0x00, 0x00, 0x00,
    0x00, 0x00, 0x00, 0x00, 0x00, 0x00, 0x00, 0x00, 0x00, 0x00, 0x00, 0x00,
    0x00, 0x00, 0x00, 0x00, 0x00, 0x00, 0x00, 0x00, 0x00, 0x00, 0x00, 0x00,
    0x00, 0x00, 0x00, 0x00, 0x00, 0x00, 0x00, 0x00, 0x00, 0x00, 0x00, 0x00,
    0x00, 0x00, 0x00, 0x00, 0x00, 0x00, 0x00, 0x00, 0x00, 0x00, 0x00, 0x00,
    0x00, 0x00, 0x00, 0x00, 0x00, 0x00, 0x00, 0x00, 0x00, 0x00, 0x00, 0x00,
    0x00, 0x00, 0x00, 0x00, 0x00, 0x00, 0x00, 0x00, 0x00, 0x00, 0x00, 0x00,
    0x00, 0x00, 0x00, 0x00, 0x00, 0x00, 0x00, 0x00, 0x00, 0x00, 0x00, 0x00,
    0x00, 0x00, 0x00, 0x00, 0x00, 0x00, 0x00, 0x00, 0x00, 0x00, 0x00, 0x00,
    0x00, 0x00, 0x00, 0x00, 0x00, 0x00, 0x00, 0x00, 0x00, 0x00, 0x00, 0x00,
    0x00, 0x00, 0x00, 0x00, 0x00, 0x00, 0x00, 0x00, 0x00, 0x00, 0x00, 0x00,
    0x00, 0x00, 0x00, 0x00, 0x00, 0x00, 0x00, 0x00, 0x00, 0x00, 0x00, 0x00,
    0x00, 0x00, 0x00, 0x00, 0x00, 0x00, 0x00, 0x00, 0x00, 0x00, 0x00, 0x00,
    0x00, 0x00, 0x00, 0x00, 0x00, 0x00, 0x00, 0x00, 0x00, 0x00, 0x00, 0x00,
    0x00, 0x00, 0x00, 0x00, 0x00, 0x00, 0x00, 0x00, 0x00, 0x00, 0x00, 0x00,
    0x00, 0x00, 0x00, 0x00, 0x00, 0x00, 0x00, 0x00, 0x00, 0x00, 0x00, 0x00,
    0x00, 0x00, 0x00, 0x00, 0x00, 0x00, 0x00, 0x00, 0x00, 0x00, 0x00, 0x00,
    0x00, 0x00, 0x00, 0x00, 0x00, 0x00, 0x00, 0x00, 0x00, 0x00, 0x00, 0x00,
    0x00, 0x00, 0x00, 0x00, 0x00, 0x00, 0x00, 0x00, 0x00, 0x00, 0x00, 0x00,
    0x00, 0x00, 0x00, 0x00, 0x00, 0x00, 0x00, 0x00, 0x00, 0x00, 0x00, 0x00,
    0x00, 0x00, 0x00, 0x00, 0x00, 0x00, 0x00, 0x00, 0x00, 0x00, 0x00, 0x00,
    0x00, 0x00, 0x00, 0x00, 0x00, 0x00, 0x00, 0x00, 0x00, 0x00, 0x00, 0x00,
    0x00, 0x00, 0x00, 0x00, 0x00, 0x00, 0x00, 0x00, 0x00, 0x00, 0x00, 0x00,
    0x00, 0x00, 0x00, 0x00, 0x00, 0x00, 0x00, 0x00, 0x00, 0x00, 0x00, 0x00,
    0x00, 0x00, 0x00, 0x00, 0x00, 0x00, 0x00, 0x00, 0x00, 0x00, 0x00, 0x00,
    0x00, 0x00, 0x00, 0x00, 0x00, 0x00, 0x00, 0x00, 0x00, 0x00, 0x00, 0x00,
    0x00, 0x00, 0x00, 0x00, 0x00, 0x00, 0x00, 0x00, 0x00, 0x00, 0x00, 0x00,
    0x00, 0x00, 0x00, 0x00, 0x00, 0x00, 0x00, 0x00, 0x00, 0x00, 0x00, 0x00,
    0x00, 0x00, 0x00, 0x00, 0x00, 0x00, 0x00, 0x00, 0x00, 0x00, 0x00, 0x00,
    0x00, 0x00, 0x00, 0x00, 0x00, 0x00, 0x00, 0x00, 0x00, 0x00, 0x00, 0x00,
    0x00, 0x00, 0x00, 0x00, 0x00, 0x00, 0x00, 0x00, 0x00, 0x00, 0x00, 0x00,
    0x00, 0x00, 0x00, 0x00, 0x00, 0x00, 0x00, 0x00, 0x00, 0x00, 0x00, 0x00,
    0x00, 0x00, 0x00, 0x00, 0x00, 0x00, 0x00, 0x00, 0x00, 0x00, 0x00, 0x00,
    0x00, 0x00, 0x00, 0x00, 0x00, 0x00, 0x00, 0x00, 0x00, 0x00, 0x00, 0x00,
    0x00, 0x00, 0x00, 0x00, 0x00, 0x00, 0x00, 0x00, 0x00, 0x00, 0x00, 0x00,
    0x00, 0x00, 0x00, 0x00, 0x00, 0x00, 0x00, 0x00, 0x00, 0x00, 0x00, 0x00,
    0x00, 0x00, 0x00, 0x00, 0x00, 0x00, 0x00, 0x00, 0x00, 0x00, 0x00, 0x00,
    0x00, 0x00, 0x00, 0x00, 0x00, 0x00, 0x00, 0x00, 0x00, 0x00, 0x00, 0x00,
    0x00, 0x00, 0x00, 0x00, 0x00, 0x00, 0x00, 0x00, 0x00, 0x00, 0x00, 0x00,
    0x00, 0x00, 0x00, 0x00, 0x00, 0x00, 0x00, 0x00, 0x00, 0x00, 0x00, 0x00,
    0x00, 0x00, 0x00, 0x00, 0x00, 0x00, 0x00, 0x00, 0x00, 0x00, 0x00, 0x00,
    0x00, 0x00, 0x00, 0x00, 0x00, 0x00, 0x00, 0x00, 0x00, 0x00, 0x00, 0x00,
    0x00, 0x00, 0x00, 0x00, 0x00, 0x00, 0x00, 0x00, 0x00, 0x00, 0x00, 0x00,
    0x00, 0x00, 0x00, 0x00, 0x00, 0x00, 0x00, 0x00, 0x00, 0x00, 0x00, 0x00,
    0x00, 0x00, 0x00, 0x00, 0x00, 0x00, 0x00, 0x00, 0x00, 0x00, 0x00, 0x00,
    0x00, 0x00, 0x00, 0x00, 0x00, 0x00, 0x00, 0x00, 0x00, 0x00, 0x00, 0x00,
    0x00, 0x00, 0x00, 0x00, 0x00, 0x00, 0x00, 0x00, 0x00, 0x00, 0x00, 0x00,
    0x00, 0x00, 0x00, 0x00, 0x00, 0x00, 0x00, 0x00, 0x00, 0x00, 0x00, 0x00,
    0x00, 0x00, 0x00, 0x00, 0x00, 0x00, 0x00, 0x00, 0x00, 0x00, 0x00, 0x00,
    0x00, 0x00, 0x00, 0x00, 0x00, 0x00, 0x00, 0x00, 0x00, 0x00, 0x00, 0x00,
    0x00, 0x00, 0x00, 0x00, 0x00, 0x00, 0x00, 0x00, 0x00, 0x00, 0x00, 0x00,
    0x00, 0x00, 0x00, 0x00, 0x00, 0x00, 0x00, 0x00, 0x00, 0x00, 0x00, 0x00,
    0x00, 0x00, 0x00, 0x00, 0x00, 0x00, 0x00, 0x00, 0x00, 0x00, 0x00, 0x00,
    0x00, 0x00, 0x00, 0x00, 0x00, 0x00, 0x00, 0x00, 0x00, 0x00, 0x00, 0x00,
    0x00, 0x00, 0x00, 0x00, 0x00, 0x00, 0x00, 0x00, 0x00, 0x00, 0x00, 0x00,
    0x00, 0x00, 0x00, 0x00, 0x00, 0x00, 0x00, 0x00, 0x00, 0x00, 0x00, 0x00,
    0x00, 0x00, 0x00, 0x00, 0x00, 0x00, 0x00, 0x00, 0x00, 0x00, 0x00, 0x00,
    0x00, 0x00, 0x00, 0x00, 0x00, 0x00, 0x00, 0x00, 0x00, 0x00, 0x00, 0x00,
    0x00, 0x00, 0x00, 0x00, 0x00, 0x00, 0x00, 0x00, 0x00, 0x00, 0x00, 0x00,
    0x00, 0x00, 0x00, 0x00, 0x00, 0x00, 0x00, 0x00, 0x00, 0x00, 0x00, 0x00,
    0x00, 0x00, 0x00, 0x00, 0x00, 0x00, 0x00, 0x00, 0x00, 0x00, 0x00, 0x00,
    0x00, 0x00, 0x00, 0x00, 0x00, 0x00, 0x00, 0x00, 0x00, 0x00, 0x00, 0x00,
    0x00, 0x00, 0x00, 0x00, 0x00, 0x00, 0x00, 0x00, 0x00, 0x00, 0x00, 0x00,
    0x00, 0x00, 0x00, 0x00, 0x00, 0x00, 0x00, 0x00, 0x00, 0x00, 0x00, 0x00,
    0x00, 0x00, 0x00, 0x00, 0x00, 0x00, 0x00, 0x00, 0x00, 0x00, 0x00, 0x00,
    0x00, 0x00, 0x00, 0x00, 0x00, 0x00, 0x00, 0x00, 0x00, 0x00, 0x00, 0x00,
    0x00, 0x00, 0x00, 0x00, 0x00, 0x00, 0x00, 0x00, 0x00, 0x00, 0x00, 0x00,
    0x00, 0x00, 0x00, 0x00, 0x00, 0x00, 0x00, 0x00, 0x00, 0x00, 0x00, 0x00,
    0x00, 0x00, 0x00, 0x00, 0x00, 0x00, 0x00, 0x00, 0x00, 0x00, 0x00, 0x00,
    0x00, 0x00, 0x00, 0x00, 0x00, 0x00, 0x00, 0x00, 0x00, 0x00, 0x00, 0x00,
    0x00, 0x00, 0x00, 0x00, 0x00, 0x00, 0x00, 0x00, 0x00, 0x00, 0x00, 0x00,
    0x00, 0x00, 0x00, 0x00, 0x00, 0x00, 0x00, 0x00, 0x00, 0x00, 0x00, 0x00,
    0x00, 0x00, 0x00, 0x00, 0x00, 0x00, 0x00, 0x00, 0x00, 0x00, 0x00, 0x00,
    0x00, 0x00, 0x00, 0x00, 0x00, 0x00, 0x00, 0x00, 0x00, 0x00, 0x00, 0x00,
    0x00, 0x00, 0x00, 0x00, 0x00, 0x00, 0x00, 0x00, 0x00, 0x00, 0x00, 0x00,
    0x00, 0x00, 0x00, 0x00, 0x00, 0x00, 0x00, 0x00, 0x00, 0x00, 0x00, 0x00,
    0x00, 0x00, 0x00, 0x00, 0x00, 0x00, 0x00, 0x00, 0x00, 0x00, 0x00, 0x00,
    0x00, 0x00, 0x00, 0x00, 0x00, 0x00, 0x00, 0x00, 0x00, 0x00, 0x00, 0x00,
    0x00, 0x00, 0x00, 0x00, 0x00, 0x00, 0x00, 0x00, 0x00, 0x00, 0x00, 0x00,
    0x00, 0x00, 0x00, 0x00, 0x00, 0x00, 0x00, 0x00, 0x00, 0x00, 0x00, 0x00,
    0x00, 0x00, 0x00, 0x00, 0x00, 0x00, 0x00, 0x00, 0x00, 0x00, 0x00, 0x00,
    0x00, 0x00, 0x00, 0x00, 0x00, 0x00, 0x00, 0x00, 0x00, 0x00, 0x00, 0x00,
    0x00, 0x00, 0x00, 0x00, 0x00, 0x00, 0x00, 0x00, 0x00, 0x00, 0x00, 0x00,
    0x00, 0x00, 0x00, 0x00, 0x00, 0x00, 0x00, 0x00, 0x00, 0x00, 0x00, 0x00,
    0x00, 0x00, 0x00, 0x00, 0x00, 0x00, 0x00, 0x00, 0x00, 0x00, 0x00, 0x00,
    0x00, 0x00, 0x00, 0x00, 0x00, 0x00, 0x00, 0x00, 0x00, 0x00, 0x00, 0x00,
    0x00, 0x00, 0x00, 0x00, 0x00, 0x00, 0x00, 0x00, 0x00, 0x00, 0x00, 0x00,
    0x00, 0x00, 0x00, 0x00, 0x00, 0x00, 0x00, 0x00, 0x00, 0x00, 0x00, 0x00,
    0x00, 0x00, 0x00, 0x00, 0x00, 0x00, 0x00, 0x00, 0x00, 0x00, 0x00, 0x00,
    0x00, 0x00, 0x00, 0x00, 0x00, 0x00, 0x00, 0x00, 0x00, 0x00, 0x00, 0x00,
    0x00, 0x00, 0x00, 0x00, 0x00, 0x00, 0x00, 0x00, 0x00, 0x00, 0x00, 0x00,
    0x00, 0x00, 0x00, 0x00, 0x00, 0x00, 0x00, 0x00, 0x00, 0x00, 0x00, 0x00,
    0x00, 0x00, 0x00, 0x00, 0x00, 0x00, 0x00, 0x00, 0x00, 0x00, 0x00, 0x00,
    0x00, 0x00, 0x00, 0x00, 0x00, 0x00, 0x00, 0x00, 0x00, 0x00, 0x00, 0x00,
    0x00, 0x00, 0x00, 0x00, 0x00, 0x00, 0x00, 0x00, 0x00, 0x00, 0x00, 0x00,
    0x00, 0x00, 0x00, 0x00, 0x00, 0x00, 0x00, 0x00, 0x1a, 0x84, 0xff, 0xff,
    0x04, 0x00, 0x00, 0x00, 0x80, 0x07, 0x00, 0x00, 0x00, 0x00, 0x00, 0x00,
    0x00, 0x00, 0x00, 0x00, 0x00, 0x00, 0x00, 0x00, 0x00, 0x00, 0x00, 0x00,
    0x00, 0x00, 0x00, 0x00, 0x00, 0x00, 0x00, 0x00, 0x00, 0x00, 0x00, 0x00,
    0x00, 0x00, 0x00, 0x00, 0x00, 0x00, 0x00, 0x00, 0x00, 0x00, 0x00, 0x00,
    0x00, 0x00, 0x00, 0x00, 0x00, 0x00, 0x00, 0x00, 0x00, 0x00, 0x00, 0x00,
    0x00, 0x00, 0x00, 0x00, 0x00, 0x00, 0x00, 0x00, 0x00, 0x00, 0x00, 0x00,
    0x00, 0x00, 0x00, 0x00, 0x00, 0x00, 0x00, 0x00, 0x00, 0x00, 0x00, 0x00,
    0x00, 0x00, 0x00, 0x00, 0x00, 0x00, 0x00, 0x00, 0x00, 0x00, 0x00, 0x00,
    0x00, 0x00, 0x00, 0x00, 0x00, 0x00, 0x00, 0x00, 0x00, 0x00, 0x00, 0x00,
    0x00, 0x00, 0x00, 0x00, 0x00, 0x00, 0x00, 0x00, 0x00, 0x00, 0x00, 0x00,
    0x00, 0x00, 0x00, 0x00, 0x00, 0x00, 0x00, 0x00, 0x00, 0x00, 0x00, 0x00,
    0x00, 0x00, 0x00, 0x00, 0x00, 0x00, 0x00, 0x00, 0x00, 0x00, 0x00, 0x00,
    0x00, 0x00, 0x00, 0x00, 0x00, 0x00, 0x00, 0x00, 0x00, 0x00, 0x00, 0x00,
    0x00, 0x00, 0x00, 0x00, 0x00, 0x00, 0x00, 0x00, 0x00, 0x00, 0x00, 0x00,
    0x00, 0x00, 0x00, 0x00, 0x00, 0x00, 0x00, 0x00, 0x00, 0x00, 0x00, 0x00,
    0x00, 0x00, 0x00, 0x00, 0x00, 0x00, 0x00, 0x00, 0x00, 0x00, 0x00, 0x00,
    0x00, 0x00, 0x00, 0x00, 0x00, 0x00, 0x00, 0x00, 0x00, 0x00, 0x00, 0x00,
    0x00, 0x00, 0x00, 0x00, 0x00, 0x00, 0x00, 0x00, 0x00, 0x00, 0x00, 0x00,
    0x00, 0x00, 0x00, 0x00, 0x00, 0x00, 0x00, 0x00, 0x00, 0x00, 0x00, 0x00,
    0x00, 0x00, 0x00, 0x00, 0x00, 0x00, 0x00, 0x00, 0x00, 0x00, 0x00, 0x00,
    0x00, 0x00, 0x00, 0x00, 0x00, 0x00, 0x00, 0x00, 0x00, 0x00, 0x00, 0x00,
    0x00, 0x00, 0x00, 0x00, 0x00, 0x00, 0x00, 0x00, 0x00, 0x00, 0x00, 0x00,
    0x00, 0x00, 0x00, 0x00, 0x00, 0x00, 0x00, 0x00, 0x00, 0x00, 0x00, 0x00,
    0x00, 0x00, 0x00, 0x00, 0x00, 0x00, 0x00, 0x00, 0x00, 0x00, 0x00, 0x00,
    0x00, 0x00, 0x00, 0x00, 0x00, 0x00, 0x00, 0x00, 0x00, 0x00, 0x00, 0x00,
    0x00, 0x00, 0x00, 0x00, 0x00, 0x00, 0x00, 0x00, 0x00, 0x00, 0x00, 0x00,
    0x00, 0x00, 0x00, 0x00, 0x00, 0x00, 0x00, 0x00, 0x00, 0x00, 0x00, 0x00,
    0x00, 0x00, 0x00, 0x00, 0x00, 0x00, 0x00, 0x00, 0x00, 0x00, 0x00, 0x00,
    0x00, 0x00, 0x00, 0x00, 0x00, 0x00, 0x00, 0x00, 0x00, 0x00, 0x00, 0x00,
    0x00, 0x00, 0x00, 0x00, 0x00, 0x00, 0x00, 0x00, 0x00, 0x00, 0x00, 0x00,
    0x00, 0x00, 0x00, 0x00, 0x00, 0x00, 0x00, 0x00, 0x00, 0x00, 0x00, 0x00,
    0x00, 0x00, 0x00, 0x00, 0x00, 0x00, 0x00, 0x00, 0x00, 0x00, 0x00, 0x00,
    0x00, 0x00, 0x00, 0x00, 0x00, 0x00, 0x00, 0x00, 0x00, 0x00, 0x00, 0x00,
    0x00, 0x00, 0x00, 0x00, 0x00, 0x00, 0x00, 0x00, 0x00, 0x00, 0x00, 0x00,
    0x00, 0x00, 0x00, 0x00, 0x00, 0x00, 0x00, 0x00, 0x00, 0x00, 0x00, 0x00,
    0x00, 0x00, 0x00, 0x00, 0x00, 0x00, 0x00, 0x00, 0x00, 0x00, 0x00, 0x00,
    0x00, 0x00, 0x00, 0x00, 0x00, 0x00, 0x00, 0x00, 0x00, 0x00, 0x00, 0x00,
    0x00, 0x00, 0x00, 0x00, 0x00, 0x00, 0x00, 0x00, 0x00, 0x00, 0x00, 0x00,
    0x00, 0x00, 0x00, 0x00, 0x00, 0x00, 0x00, 0x00, 0x00, 0x00, 0x00, 0x00,
    0x00, 0x00, 0x00, 0x00, 0x00, 0x00, 0x00, 0x00, 0x00, 0x00, 0x00, 0x00,
    0x00, 0x00, 0x00, 0x00, 0x00, 0x00, 0x00, 0x00, 0x00, 0x00, 0x00, 0x00,
    0x00, 0x00, 0x00, 0x00, 0x00, 0x00, 0x00, 0x00, 0x00, 0x00, 0x00, 0x00,
    0x00, 0x00, 0x00, 0x00, 0x00, 0x00, 0x00, 0x00, 0x00, 0x00, 0x00, 0x00,
    0x00, 0x00, 0x00, 0x00, 0x00, 0x00, 0x00, 0x00, 0x00, 0x00, 0x00, 0x00,
    0x00, 0x00, 0x00, 0x00, 0x00, 0x00, 0x00, 0x00, 0x00, 0x00, 0x00, 0x00,
    0x00, 0x00, 0x00, 0x00, 0x00, 0x00, 0x00, 0x00, 0x00, 0x00, 0x00, 0x00,
    0x00, 0x00, 0x00, 0x00, 0x00, 0x00, 0x00, 0x00, 0x00, 0x00, 0x00, 0x00,
    0x00, 0x00, 0x00, 0x00, 0x00, 0x00, 0x00, 0x00, 0x00, 0x00, 0x00, 0x00,
    0x00, 0x00, 0x00, 0x00, 0x00, 0x00, 0x00, 0x00, 0x00, 0x00, 0x00, 0x00,
    0x00, 0x00, 0x00, 0x00, 0x00, 0x00, 0x00, 0x00, 0x00, 0x00, 0x00, 0x00,
    0x00, 0x00, 0x00, 0x00, 0x00, 0x00, 0x00, 0x00, 0x00, 0x00, 0x00, 0x00,
    0x00, 0x00, 0x00, 0x00, 0x00, 0x00, 0x00, 0x00, 0x00, 0x00, 0x00, 0x00,
    0x00, 0x00, 0x00, 0x00, 0x00, 0x00, 0x00, 0x00, 0x00, 0x00, 0x00, 0x00,
    0x00, 0x00, 0x00, 0x00, 0x00, 0x00, 0x00, 0x00, 0x00, 0x00, 0x00, 0x00,
    0x00, 0x00, 0x00, 0x00, 0x00, 0x00, 0x00, 0x00, 0x00, 0x00, 0x00, 0x00,
    0x00, 0x00, 0x00, 0x00, 0x00, 0x00, 0x00, 0x00, 0x00, 0x00, 0x00, 0x00,
    0x00, 0x00, 0x00, 0x00, 0x00, 0x00, 0x00, 0x00, 0x00, 0x00, 0x00, 0x00,
    0x00, 0x00, 0x00, 0x00, 0x00, 0x00, 0x00, 0x00, 0x00, 0x00, 0x00, 0x00,
    0x00, 0x00, 0x00, 0x00, 0x00, 0x00, 0x00, 0x00, 0x00, 0x00, 0x00, 0x00,
    0x00, 0x00, 0x00, 0x00, 0x00, 0x00, 0x00, 0x00, 0x00, 0x00, 0x00, 0x00,
    0x00, 0x00, 0x00, 0x00, 0x00, 0x00, 0x00, 0x00, 0x00, 0x00, 0x00, 0x00,
    0x00, 0x00, 0x00, 0x00, 0x00, 0x00, 0x00, 0x00, 0x00, 0x00, 0x00, 0x00,
    0x00, 0x00, 0x00, 0x00, 0x00, 0x00, 0x00, 0x00, 0x00, 0x00, 0x00, 0x00,
    0x00, 0x00, 0x00, 0x00, 0x00, 0x00, 0x00, 0x00, 0x00, 0x00, 0x00, 0x00,
    0x00, 0x00, 0x00, 0x00, 0x00, 0x00, 0x00, 0x00, 0x00, 0x00, 0x00, 0x00,
    0x00, 0x00, 0x00, 0x00, 0x00, 0x00, 0x00, 0x00, 0x00, 0x00, 0x00, 0x00,
    0x00, 0x00, 0x00, 0x00, 0x00, 0x00, 0x00, 0x00, 0x00, 0x00, 0x00, 0x00,
    0x00, 0x00, 0x00, 0x00, 0x00, 0x00, 0x00, 0x00, 0x00, 0x00, 0x00, 0x00,
    0x00, 0x00, 0x00, 0x00, 0x00, 0x00, 0x00, 0x00, 0x00, 0x00, 0x00, 0x00,
    0x00, 0x00, 0x00, 0x00, 0x00, 0x00, 0x00, 0x00, 0x00, 0x00, 0x00, 0x00,
    0x00, 0x00, 0x00, 0x00, 0x00, 0x00, 0x00, 0x00, 0x00, 0x00, 0x00, 0x00,
    0x00, 0x00, 0x00, 0x00, 0x00, 0x00, 0x00, 0x00, 0x00, 0x00, 0x00, 0x00,
    0x00, 0x00, 0x00, 0x00, 0x00, 0x00, 0x00, 0x00, 0x00, 0x00, 0x00, 0x00,
    0x00, 0x00, 0x00, 0x00, 0x00, 0x00, 0x00, 0x00, 0x00, 0x00, 0x00, 0x00,
    0x00, 0x00, 0x00, 0x00, 0x00, 0x00, 0x00, 0x00, 0x00, 0x00, 0x00, 0x00,
    0x00, 0x00, 0x00, 0x00, 0x00, 0x00, 0x00, 0x00, 0x00, 0x00, 0x00, 0x00,
    0x00, 0x00, 0x00, 0x00, 0x00, 0x00, 0x00, 0x00, 0x00, 0x00, 0x00, 0x00,
    0x00, 0x00, 0x00, 0x00, 0x00, 0x00, 0x00, 0x00, 0x00, 0x00, 0x00, 0x00,
    0x00, 0x00, 0x00, 0x00, 0x00, 0x00, 0x00, 0x00, 0x00, 0x00, 0x00, 0x00,
    0x00, 0x00, 0x00, 0x00, 0x00, 0x00, 0x00, 0x00, 0x00, 0x00, 0x00, 0x00,
    0x00, 0x00, 0x00, 0x00, 0x00, 0x00, 0x00, 0x00, 0x00, 0x00, 0x00, 0x00,
    0x00, 0x00, 0x00, 0x00, 0x00, 0x00, 0x00, 0x00, 0x00, 0x00, 0x00, 0x00,
    0x00, 0x00, 0x00, 0x00, 0x00, 0x00, 0x00, 0x00, 0x00, 0x00, 0x00, 0x00,
    0x00, 0x00, 0x00, 0x00, 0x00, 0x00, 0x00, 0x00, 0x00, 0x00, 0x00, 0x00,
    0x00, 0x00, 0x00, 0x00, 0x00, 0x00, 0x00, 0x00, 0x00, 0x00, 0x00, 0x00,
    0x00, 0x00, 0x00, 0x00, 0x00, 0x00, 0x00, 0x00, 0x00, 0x00, 0x00, 0x00,
    0x00, 0x00, 0x00, 0x00, 0x00, 0x00, 0x00, 0x00, 0x00, 0x00, 0x00, 0x00,
    0x00, 0x00, 0x00, 0x00, 0x00, 0x00, 0x00, 0x00, 0x00, 0x00, 0x00, 0x00,
    0x00, 0x00, 0x00, 0x00, 0x00, 0x00, 0x00, 0x00, 0x00, 0x00, 0x00, 0x00,
    0x00, 0x00, 0x00, 0x00, 0x00, 0x00, 0x00, 0x00, 0x00, 0x00, 0x00, 0x00,
    0x00, 0x00, 0x00, 0x00, 0x00, 0x00, 0x00, 0x00, 0x00, 0x00, 0x00, 0x00,
    0x00, 0x00, 0x00, 0x00, 0x00, 0x00, 0x00, 0x00, 0x00, 0x00, 0x00, 0x00,
    0x00, 0x00, 0x00, 0x00, 0x00, 0x00, 0x00, 0x00, 0x00, 0x00, 0x00, 0x00,
    0x00, 0x00, 0x00, 0x00, 0x00, 0x00, 0x00, 0x00, 0x00, 0x00, 0x00, 0x00,
    0x00, 0x00, 0x00, 0x00, 0x00, 0x00, 0x00, 0x00, 0x00, 0x00, 0x00, 0x00,
    0x00, 0x00, 0x00, 0x00, 0x00, 0x00, 0x00, 0x00, 0x00, 0x00, 0x00, 0x00,
    0x00, 0x00, 0x00, 0x00, 0x00, 0x00, 0x00, 0x00, 0x00, 0x00, 0x00, 0x00,
    0x00, 0x00, 0x00, 0x00, 0x00, 0x00, 0x00, 0x00, 0x00, 0x00, 0x00, 0x00,
    0x00, 0x00, 0x00, 0x00, 0x00, 0x00, 0x00, 0x00, 0x00, 0x00, 0x00, 0x00,
    0x00, 0x00, 0x00, 0x00, 0x00, 0x00, 0x00, 0x00, 0x00, 0x00, 0x00, 0x00,
    0x00, 0x00, 0x00, 0x00, 0x00, 0x00, 0x00, 0x00, 0x00, 0x00, 0x00, 0x00,
    0x00, 0x00, 0x00, 0x00, 0x00, 0x00, 0x00, 0x00, 0x00, 0x00, 0x00, 0x00,
    0x00, 0x00, 0x00, 0x00, 0x00, 0x00, 0x00, 0x00, 0x00, 0x00, 0x00, 0x00,
    0x00, 0x00, 0x00, 0x00, 0x00, 0x00, 0x00, 0x00, 0x00, 0x00, 0x00, 0x00,
    0x00, 0x00, 0x00, 0x00, 0x00, 0x00, 0x00, 0x00, 0x00, 0x00, 0x00, 0x00,
    0x00, 0x00, 0x00, 0x00, 0x00, 0x00, 0x00, 0x00, 0x00, 0x00, 0x00, 0x00,
    0x00, 0x00, 0x00, 0x00, 0x00, 0x00, 0x00, 0x00, 0x00, 0x00, 0x00, 0x00,
    0x00, 0x00, 0x00, 0x00, 0x00, 0x00, 0x00, 0x00, 0x00, 0x00, 0x00, 0x00,
    0x00, 0x00, 0x00, 0x00, 0x00, 0x00, 0x00, 0x00, 0x00, 0x00, 0x00, 0x00,
    0x00, 0x00, 0x00, 0x00, 0x00, 0x00, 0x00, 0x00, 0x00, 0x00, 0x00, 0x00,
    0x00, 0x00, 0x00, 0x00, 0x00, 0x00, 0x00, 0x00, 0x00, 0x00, 0x00, 0x00,
    0x00, 0x00, 0x00, 0x00, 0x00, 0x00, 0x00, 0x00, 0x00, 0x00, 0x00, 0x00,
    0x00, 0x00, 0x00, 0x00, 0x00, 0x00, 0x00, 0x00, 0x00, 0x00, 0x00, 0x00,
    0x00, 0x00, 0x00, 0x00, 0x00, 0x00, 0x00, 0x00, 0x00, 0x00, 0x00, 0x00,
    0x00, 0x00, 0x00, 0x00, 0x00, 0x00, 0x00, 0x00, 0x00, 0x00, 0x00, 0x00,
    0x00, 0x00, 0x00, 0x00, 0x00, 0x00, 0x00, 0x00, 0x00, 0x00, 0x00, 0x00,
    0x00, 0x00, 0x00, 0x00, 0x00, 0x00, 0x00, 0x00, 0x00, 0x00, 0x00, 0x00,
    0x00, 0x00, 0x00, 0x00, 0x00, 0x00, 0x00, 0x00, 0x00, 0x00, 0x00, 0x00,
    0x00, 0x00, 0x00, 0x00, 0x00, 0x00, 0x00, 0x00, 0x00, 0x00, 0x00, 0x00,
    0x00, 0x00, 0x00, 0x00, 0x00, 0x00, 0x00, 0x00, 0x00, 0x00, 0x00, 0x00,
    0x00, 0x00, 0x00, 0x00, 0x00, 0x00, 0x00, 0x00, 0x00, 0x00, 0x00, 0x00,
    0x00, 0x00, 0x00, 0x00, 0x00, 0x00, 0x00, 0x00, 0x00, 0x00, 0x00, 0x00,
    0x00, 0x00, 0x00, 0x00, 0x00, 0x00, 0x00, 0x00, 0x00, 0x00, 0x00, 0x00,
    0x00, 0x00, 0x00, 0x00, 0x00, 0x00, 0x00, 0x00, 0x00, 0x00, 0x00, 0x00,
    0x00, 0x00, 0x00, 0x00, 0x00, 0x00, 0x00, 0x00, 0x00, 0x00, 0x00, 0x00,
    0x00, 0x00, 0x00, 0x00, 0x00, 0x00, 0x00, 0x00, 0x00, 0x00, 0x00, 0x00,
    0x00, 0x00, 0x00, 0x00, 0x00, 0x00, 0x00, 0x00, 0x00, 0x00, 0x00, 0x00,
    0x00, 0x00, 0x00, 0x00, 0x00, 0x00, 0x00, 0x00, 0x00, 0x00, 0x00, 0x00,
    0x00, 0x00, 0x00, 0x00, 0x00, 0x00, 0x00, 0x00, 0x00, 0x00, 0x00, 0x00,
    0x00, 0x00, 0x00, 0x00, 0x00, 0x00, 0x00, 0x00, 0x00, 0x00, 0x00, 0x00,
    0x00, 0x00, 0x00, 0x00, 0x00, 0x00, 0x00, 0x00, 0x00, 0x00, 0x00, 0x00,
    0x00, 0x00, 0x00, 0x00, 0x00, 0x00, 0x00, 0x00, 0x00, 0x00, 0x00, 0x00,
    0x00, 0x00, 0x00, 0x00, 0x00, 0x00, 0x00, 0x00, 0x00, 0x00, 0x00, 0x00,
    0x00, 0x00, 0x00, 0x00, 0x00, 0x00, 0x00, 0x00, 0x00, 0x00, 0x00, 0x00,
    0x00, 0x00, 0x00, 0x00, 0x00, 0x00, 0x00, 0x00, 0x00, 0x00, 0x00, 0x00,
    0x00, 0x00, 0x00, 0x00, 0x00, 0x00, 0x00, 0x00, 0x00, 0x00, 0x00, 0x00,
    0x00, 0x00, 0x00, 0x00, 0x00, 0x00, 0x00, 0x00, 0x00, 0x00, 0x00, 0x00,
    0x00, 0x00, 0x00, 0x00, 0x00, 0x00, 0x00, 0x00, 0x00, 0x00, 0x00, 0x00,
    0x00, 0x00, 0x00, 0x00, 0x00, 0x00, 0x00, 0x00, 0x00, 0x00, 0x00, 0x00,
    0x00, 0x00, 0x00, 0x00, 0x00, 0x00, 0x00, 0x00, 0x00, 0x00, 0x00, 0x00,
    0x00, 0x00, 0x00, 0x00, 0x00, 0x00, 0x00, 0x00, 0x00, 0x00, 0x00, 0x00,
    0x00, 0x00, 0x00, 0x00, 0x00, 0x00, 0x00, 0x00, 0x00, 0x00, 0x00, 0x00,
    0x00, 0x00, 0x00, 0x00, 0x00, 0x00, 0x00, 0x00, 0x00, 0x00, 0x00, 0x00,
    0x00, 0x00, 0x00, 0x00, 0x00, 0x00, 0x00, 0x00, 0x00, 0x00, 0x00, 0x00,
    0x00, 0x00, 0x00, 0x00, 0x00, 0x00, 0x00, 0x00, 0x00, 0x00, 0x00, 0x00,
    0x00, 0x00, 0x00, 0x00, 0x00, 0x00, 0x00, 0x00, 0x00, 0x00, 0x00, 0x00,
    0x00, 0x00, 0x00, 0x00, 0x00, 0x00, 0x00, 0x00, 0x00, 0x00, 0x00, 0x00,
    0x00, 0x00, 0x00, 0x00, 0x00, 0x00, 0x00, 0x00, 0x00, 0x00, 0x00, 0x00,
    0x00, 0x00, 0x00, 0x00, 0x00, 0x00, 0x00, 0x00, 0x00, 0x00, 0x00, 0x00,
    0x00, 0x00, 0x00, 0x00, 0x00, 0x00, 0x00, 0x00, 0x00, 0x00, 0x00, 0x00,
    0x00, 0x00, 0x00, 0x00, 0x00, 0x00, 0x00, 0x00, 0x00, 0x00, 0x00, 0x00,
    0x00, 0x00, 0x00, 0x00, 0x00, 0x00, 0x00, 0x00, 0x00, 0x00, 0x00, 0x00,
    0x00, 0x00, 0x00, 0x00, 0x00, 0x00, 0x00, 0x00, 0x00, 0x00, 0x00, 0x00,
    0x00, 0x00, 0x00, 0x00, 0x00, 0x00, 0x00, 0x00, 0x00, 0x00, 0x00, 0x00,
    0x00, 0x00, 0x00, 0x00, 0x00, 0x00, 0x00, 0x00, 0x00, 0x00, 0x00, 0x00,
    0x00, 0x00, 0x00, 0x00, 0x00, 0x00, 0x00, 0x00, 0x00, 0x00, 0x00, 0x00,
    0x00, 0x00, 0x00, 0x00, 0x00, 0x00, 0x00, 0x00, 0x00, 0x00, 0x00, 0x00,
    0x00, 0x00, 0x00, 0x00, 0x00, 0x00, 0x00, 0x00, 0x00, 0x00, 0x00, 0x00,
    0x00, 0x00, 0x00, 0x00, 0x00, 0x00, 0x00, 0x00, 0x00, 0x00, 0x00, 0x00,
    0x00, 0x00, 0x00, 0x00, 0x00, 0x00, 0x00, 0x00, 0x00, 0x00, 0x00, 0x00,
    0x00, 0x00, 0x00, 0x00, 0x00, 0x00, 0x00, 0x00, 0xa6, 0x8b, 0xff, 0xff,
    0x04, 0x00, 0x00, 0x00, 0xe0, 0x01, 0x00, 0x00, 0x00, 0x00, 0x00, 0x00,
    0x00, 0x00, 0x00, 0x00, 0x00, 0x00, 0x00, 0x00, 0x00, 0x00, 0x00, 0x00,
    0x00, 0x00, 0x00, 0x00, 0x00, 0x00, 0x00, 0x00, 0x00, 0x00, 0x00, 0x00,
    0x00, 0x00, 0x00, 0x00, 0x00, 0x00, 0x00, 0x00, 0x00, 0x00, 0x00, 0x00,
    0x00, 0x00, 0x00, 0x00, 0x00, 0x00, 0x00, 0x00, 0x00, 0x00, 0x00, 0x00,
    0x00, 0x00, 0x00, 0x00, 0x00, 0x00, 0x00, 0x00, 0x00, 0x00, 0x00, 0x00,
    0x00, 0x00, 0x00, 0x00, 0x00, 0x00, 0x00, 0x00, 0x00, 0x00, 0x00, 0x00,
    0x00, 0x00, 0x00, 0x00, 0x00, 0x00, 0x00, 0x00, 0x00, 0x00, 0x00, 0x00,
    0x00, 0x00, 0x00, 0x00, 0x00, 0x00, 0x00, 0x00, 0x00, 0x00, 0x00, 0x00,
    0x00, 0x00, 0x00, 0x00, 0x00, 0x00, 0x00, 0x00, 0x00, 0x00, 0x00, 0x00,
    0x00, 0x00, 0x00, 0x00, 0x00, 0x00, 0x00, 0x00, 0x00, 0x00, 0x00, 0x00,
    0x00, 0x00, 0x00, 0x00, 0x00, 0x00, 0x00, 0x00, 0x00, 0x00, 0x00, 0x00,
    0x00, 0x00, 0x00, 0x00, 0x00, 0x00, 0x00, 0x00, 0x00, 0x00, 0x00, 0x00,
    0x00, 0x00, 0x00, 0x00, 0x00, 0x00, 0x00, 0x00, 0x00, 0x00, 0x00, 0x00,
    0x00, 0x00, 0x00, 0x00, 0x00, 0x00, 0x00, 0x00, 0x00, 0x00, 0x00, 0x00,
    0x00, 0x00, 0x00, 0x00, 0x00, 0x00, 0x00, 0x00, 0x00, 0x00, 0x00, 0x00,
    0x00, 0x00, 0x00, 0x00, 0x00, 0x00, 0x00, 0x00, 0x00, 0x00, 0x00, 0x00,
    0x00, 0x00, 0x00, 0x00, 0x00, 0x00, 0x00, 0x00, 0x00, 0x00, 0x00, 0x00,
    0x00, 0x00, 0x00, 0x00, 0x00, 0x00, 0x00, 0x00, 0x00, 0x00, 0x00, 0x00,
    0x00, 0x00, 0x00, 0x00, 0x00, 0x00, 0x00, 0x00, 0x00, 0x00, 0x00, 0x00,
    0x00, 0x00, 0x00, 0x00, 0x00, 0x00, 0x00, 0x00, 0x00, 0x00, 0x00, 0x00,
    0x00, 0x00, 0x00, 0x00, 0x00, 0x00, 0x00, 0x00, 0x00, 0x00, 0x00, 0x00,
    0x00, 0x00, 0x00, 0x00, 0x00, 0x00, 0x00, 0x00, 0x00, 0x00, 0x00, 0x00,
    0x00, 0x00, 0x00, 0x00, 0x00, 0x00, 0x00, 0x00, 0x00, 0x00, 0x00, 0x00,
    0x00, 0x00, 0x00, 0x00, 0x00, 0x00, 0x00, 0x00, 0x00, 0x00, 0x00, 0x00,
    0x00, 0x00, 0x00, 0x00, 0x00, 0x00, 0x00, 0x00, 0x00, 0x00, 0x00, 0x00,
    0x00, 0x00, 0x00, 0x00, 0x00, 0x00, 0x00, 0x00, 0x00, 0x00, 0x00, 0x00,
    0x00, 0x00, 0x00, 0x00, 0x00, 0x00, 0x00, 0x00, 0x00, 0x00, 0x00, 0x00,
    0x00, 0x00, 0x00, 0x00, 0x00, 0x00, 0x00, 0x00, 0x00, 0x00, 0x00, 0x00,
    0x00, 0x00, 0x00, 0x00, 0x00, 0x00, 0x00, 0x00, 0x00, 0x00, 0x00, 0x00,
    0x00, 0x00, 0x00, 0x00, 0x00, 0x00, 0x00, 0x00, 0x00, 0x00, 0x00, 0x00,
    0x00, 0x00, 0x00, 0x00, 0x00, 0x00, 0x00, 0x00, 0x00, 0x00, 0x00, 0x00,
    0x00, 0x00, 0x00, 0x00, 0x00, 0x00, 0x00, 0x00, 0x00, 0x00, 0x00, 0x00,
    0x00, 0x00, 0x00, 0x00, 0x00, 0x00, 0x00, 0x00, 0x00, 0x00, 0x00, 0x00,
    0x00, 0x00, 0x00, 0x00, 0x00, 0x00, 0x00, 0x00, 0x00, 0x00, 0x00, 0x00,
    0x00, 0x00, 0x00, 0x00, 0x00, 0x00, 0x00, 0x00, 0x00, 0x00, 0x00, 0x00,
    0x00, 0x00, 0x00, 0x00, 0x00, 0x00, 0x00, 0x00, 0x00, 0x00, 0x00, 0x00,
    0x00, 0x00, 0x00, 0x00, 0x00, 0x00, 0x00, 0x00, 0x00, 0x00, 0x00, 0x00,
    0x00, 0x00, 0x00, 0x00, 0x00, 0x00, 0x00, 0x00, 0x00, 0x00, 0x00, 0x00,
    0x00, 0x00, 0x00, 0x00, 0x00, 0x00, 0x00, 0x00, 0x00, 0x00, 0x00, 0x00,
    0x00, 0x00, 0x00, 0x00, 0x00, 0x00, 0x00, 0x00, 0x92, 0x8d, 0xff, 0xff,
    0x04, 0x00, 0x00, 0x00, 0x40, 0x01, 0x00, 0x00, 0x00, 0x00, 0x00, 0x00,
    0x00, 0x00, 0x00, 0x00, 0x00, 0x00, 0x00, 0x00, 0x00, 0x00, 0x00, 0x00,
    0x00, 0x00, 0x00, 0x00, 0x00, 0x00, 0x00, 0x00, 0x00, 0x00, 0x00, 0x00,
    0x00, 0x00, 0x00, 0x00, 0x00, 0x00, 0x00, 0x00, 0x00, 0x00, 0x00, 0x00,
    0x00, 0x00, 0x00, 0x00, 0x00, 0x00, 0x00, 0x00, 0x00, 0x00, 0x00, 0x00,
    0x00, 0x00, 0x00, 0x00, 0x00, 0x00, 0x00, 0x00, 0x00, 0x00, 0x00, 0x00,
    0x00, 0x00, 0x00, 0x00, 0x00, 0x00, 0x00, 0x00, 0x00, 0x00, 0x00, 0x00,
    0x00, 0x00, 0x00, 0x00, 0x00, 0x00, 0x00, 0x00, 0x00, 0x00, 0x00, 0x00,
    0x00, 0x00, 0x00, 0x00, 0x00, 0x00, 0x00, 0x00, 0x00, 0x00, 0x00, 0x00,
    0x00, 0x00, 0x00, 0x00, 0x00, 0x00, 0x00, 0x00, 0x00, 0x00, 0x00, 0x00,
    0x00, 0x00, 0x00, 0x00, 0x00, 0x00, 0x00, 0x00, 0x00, 0x00, 0x00, 0x00,
    0x00, 0x00, 0x00, 0x00, 0x00, 0x00, 0x00, 0x00, 0x00, 0x00, 0x00, 0x00,
    0x00, 0x00, 0x00, 0x00, 0x00, 0x00, 0x00, 0x00, 0x00, 0x00, 0x00, 0x00,
    0x00, 0x00, 0x00, 0x00, 0x00, 0x00, 0x00, 0x00, 0x00, 0x00, 0x00, 0x00,
    0x00, 0x00, 0x00, 0x00, 0x00, 0x00, 0x00, 0x00, 0x00, 0x00, 0x00, 0x00,
    0x00, 0x00, 0x00, 0x00, 0x00, 0x00, 0x00, 0x00, 0x00, 0x00, 0x00, 0x00,
    0x00, 0x00, 0x00, 0x00, 0x00, 0x00, 0x00, 0x00, 0x00, 0x00, 0x00, 0x00,
    0x00, 0x00, 0x00, 0x00, 0x00, 0x00, 0x00, 0x00, 0x00, 0x00, 0x00, 0x00,
    0x00, 0x00, 0x00, 0x00, 0x00, 0x00, 0x00, 0x00, 0x00, 0x00, 0x00, 0x00,
    0x00, 0x00, 0x00, 0x00, 0x00, 0x00, 0x00, 0x00, 0x00, 0x00, 0x00, 0x00,
    0x00, 0x00, 0x00, 0x00, 0x00, 0x00, 0x00, 0x00, 0x00, 0x00, 0x00, 0x00,
    0x00, 0x00, 0x00, 0x00, 0x00, 0x00, 0x00, 0x00, 0x00, 0x00, 0x00, 0x00,
    0x00, 0x00, 0x00, 0x00, 0x00, 0x00, 0x00, 0x00, 0x00, 0x00, 0x00, 0x00,
    0x00, 0x00, 0x00, 0x00, 0x00, 0x00, 0x00, 0x00, 0x00, 0x00, 0x00, 0x00,
    0x00, 0x00, 0x00, 0x00, 0x00, 0x00, 0x00, 0x00, 0x00, 0x00, 0x00, 0x00,
    0x00, 0x00, 0x00, 0x00, 0x00, 0x00, 0x00, 0x00, 0x00, 0x00, 0x00, 0x00,
    0x00, 0x00, 0x00, 0x00, 0x00, 0x00, 0x00, 0x00, 0x00, 0x00, 0x00, 0x00,
    0x00, 0x00, 0x00, 0x00, 0x34, 0x45, 0xff, 0xff, 0x38, 0x45, 0xff, 0xff,
    0x3c, 0x45, 0xff, 0xff, 0x40, 0x45, 0xff, 0xff, 0x44, 0x45, 0xff, 0xff,
    0x48, 0x45, 0xff, 0xff, 0x4c, 0x45, 0xff, 0xff, 0x50, 0x45, 0xff, 0xff,
    0x54, 0x45, 0xff, 0xff, 0x58, 0x45, 0xff, 0xff, 0x5c, 0x45, 0xff, 0xff,
    0x60, 0x45, 0xff, 0xff, 0x64, 0x45, 0xff, 0xff, 0x68, 0x45, 0xff, 0xff,
    0x6c, 0x45, 0xff, 0xff, 0x70, 0x45, 0xff, 0xff, 0x74, 0x45, 0xff, 0xff,
    0x78, 0x45, 0xff, 0xff, 0x7c, 0x45, 0xff, 0xff, 0x80, 0x45, 0xff, 0xff,
    0x84, 0x45, 0xff, 0xff, 0x88, 0x45, 0xff, 0xff, 0x8c, 0x45, 0xff, 0xff,
    0x90, 0x45, 0xff, 0xff, 0x94, 0x45, 0xff, 0xff, 0x98, 0x45, 0xff, 0xff,
    0x9c, 0x45, 0xff, 0xff, 0xa0, 0x45, 0xff, 0xff, 0xa4, 0x45, 0xff, 0xff,
    0xa8, 0x45, 0xff, 0xff, 0xac, 0x45, 0xff, 0xff, 0xb0, 0x45, 0xff, 0xff,
    0xb4, 0x45, 0xff, 0xff, 0xb8, 0x45, 0xff, 0xff, 0xbc, 0x45, 0xff, 0xff,
    0xc0, 0x45, 0xff, 0xff, 0xc4, 0x45, 0xff, 0xff, 0xc8, 0x45, 0xff, 0xff,
    0xcc, 0x45, 0xff, 0xff, 0xd0, 0x45, 0xff, 0xff, 0xd4, 0x45, 0xff, 0xff,
    0xd8, 0x45, 0xff, 0xff, 0xdc, 0x45, 0xff, 0xff, 0xe0, 0x45, 0xff, 0xff,
    0xe4, 0x45, 0xff, 0xff, 0xe8, 0x45, 0xff, 0xff, 0xec, 0x45, 0xff, 0xff,
    0xf0, 0x45, 0xff, 0xff, 0xf4, 0x45, 0xff, 0xff, 0xf8, 0x45, 0xff, 0xff,
    0xfc, 0x45, 0xff, 0xff, 0x00, 0x46, 0xff, 0xff, 0x04, 0x46, 0xff, 0xff,
    0x08, 0x46, 0xff, 0xff, 0x0c, 0x46, 0xff, 0xff, 0xba, 0x8f, 0xff, 0xff,
    0x04, 0x00, 0x00, 0x00, 0x70, 0x17, 0x00, 0x00, 0x0f, 0xec, 0x61, 0x1e,
    0x04, 0xb6, 0x2f, 0x01, 0x57, 0x0d, 0xf3, 0x1b, 0xc6, 0x06, 0x41, 0xdc,
    0x04, 0xd7, 0x48, 0xcc, 0x1c, 0x19, 0x4b, 0x09, 0xb7, 0xaf, 0x30, 0xf3,
    0xee, 0xed, 0xe2, 0xf8, 0xcc, 0x09, 0xea, 0x3b, 0xeb, 0x14, 0x3b, 0x07,
    0x4e, 0xe8, 0xe4, 0x1a, 0xed, 0xd7, 0x38, 0xeb, 0xfa, 0xbc, 0x1a, 0x24,
    0x3e, 0xb9, 0x19, 0x01, 0x02, 0x1b, 0x09, 0xf6, 0x24, 0xf4, 0x0e, 0xb2,
    0xba, 0xc1, 0xc7, 0xdc, 0xee, 0x1c, 0xf0, 0xb3, 0x02, 0xfa, 0x12, 0x0f,
    0xa5, 0x35, 0x15, 0xf8, 0x1c, 0xdf, 0x3b, 0xe8, 0x0b, 0xf4, 0x7f, 0x19,
    0x01, 0x29, 0x08, 0x09, 0xfe, 0xe4, 0xfe, 0xdf, 0xb1, 0xcf, 0x1c, 0xf2,
    0x13, 0xda, 0x10, 0xb2, 0xc5, 0xc6, 0x1c, 0xb3, 0xe2, 0xea, 0xec, 0xae,
    0xc4, 0xf2, 0xd9, 0x2b, 0xf0, 0x13, 0xff, 0xf4, 0x33, 0xce, 0xec, 0xa9,
    0x43, 0xa5, 0x22, 0xc2, 0xf1, 0xdf, 0x1e, 0xea, 0x23, 0xbc, 0x00, 0x98,
    0x20, 0x1d, 0x20, 0xb1, 0x10, 0xc5, 0x06, 0xd5, 0xc8, 0x15, 0x0b, 0x25,
    0x3d, 0x29, 0xf9, 0xf9, 0xfe, 0x02, 0x27, 0x30, 0xed, 0xea, 0x1c, 0x3f,
    0x68, 0xfb, 0x2f, 0xdf, 0x28, 0xde, 0x53, 0x13, 0x41, 0xd3, 0xfe, 0x1f,
    0x27, 0xf4, 0x22, 0xea, 0x0e, 0xba, 0x18, 0xce, 0x0f, 0xbe, 0x25, 0x91,
    0x1d, 0xd2, 0x1c, 0x18, 0xe7, 0xe2, 0xc4, 0xfb, 0xfa, 0xd2, 0xae, 0xfc,
    0xc6, 0xeb, 0xec, 0xcf, 0xed, 0x04, 0x3d, 0x00, 0xe8, 0xbe, 0xb1, 0xbb,
    0x0b, 0x24, 0x3c, 0x48, 0x2c, 0xb8, 0xf2, 0xf0, 0xf1, 0x17, 0x0c, 0x9a,
    0xf4, 0x18, 0xdc, 0xce, 0xce, 0xd4, 0x1d, 0xd6, 0x0c, 0xf3, 0x03, 0xff,
    0xd6, 0xfd, 0xdd, 0x01, 0xe6, 0xdc, 0xdf, 0x37, 0xd5, 0xd9, 0xea, 0xe7,
    0x21, 0x25, 0xd6, 0xfe, 0x23, 0xa5, 0x09, 0x0b, 0x45, 0xc7, 0x27, 0xd5,
    0x36, 0xff, 0xbb, 0x03, 0x21, 0x1b, 0x11, 0xc5, 0xc7, 0xe3, 0xe3, 0x29,
    0xb3, 0x06, 0xd2, 0x08, 0xf8, 0x4b, 0x5a, 0x18, 0xeb, 0x48, 0xfe, 0x2c,
    0xdc, 0xf0, 0xde, 0xdd, 0xd8, 0xee, 0x0f, 0x11, 0x19, 0xe0, 0x0e, 0x0a,
    0x15, 0xcd, 0xd4, 0x9c, 0xe3, 0xe5, 0xdc, 0xf9, 0x36, 0xef, 0xf3, 0xd9,
    0xbf, 0x05, 0x40, 0xd8, 0xee, 0x7f, 0x15, 0x42, 0xf7, 0xbd, 0x3e, 0x15,
    0x03, 0x37, 0x23, 0xdd, 0xde, 0x27, 0xc4, 0x09, 0xf2, 0xc3, 0xd0, 0xb1,
    0x17, 0x2f, 0x12, 0x0b, 0x16, 0xf6, 0x2f, 0xc6, 0x0f, 0x34, 0x29, 0x10,
    0x5c, 0x02, 0x0a, 0x10, 0x28, 0xfe, 0xf9, 0xf8, 0xec, 0xed, 0xdd, 0xe1,
    0xe0, 0x11, 0x2c, 0x46, 0xe6, 0xc6, 0x10, 0x12, 0x3b, 0xd2, 0xbe, 0xb8,
    0x04, 0xf6, 0xde, 0xf6, 0xf3, 0xff, 0x20, 0xfb, 0xe5, 0xca, 0xe9, 0xd0,
    0xdb, 0x1f, 0xfe, 0xc5, 0xfd, 0xe3, 0x01, 0x19, 0xe6, 0xb1, 0x02, 0x08,
    0xd6, 0x29, 0x0e, 0x35, 0xdb, 0x12, 0x37, 0x06, 0x23, 0x44, 0xe6, 0x1e,
    0x1f, 0x77, 0xe9, 0x2b, 0x4f, 0x25, 0x0d, 0xf4, 0xbf, 0x17, 0xbe, 0xfb,
    0xc9, 0xe5, 0x1b, 0x17, 0xca, 0xfa, 0xc9, 0xd8, 0xd3, 0xba, 0x23, 0x00,
    0x18, 0x32, 0xf6, 0x0d, 0xda, 0xcf, 0x47, 0x16, 0x52, 0xf2, 0x7f, 0xde,
    0xb8, 0xec, 0xc3, 0x5c, 0x15, 0x15, 0xde, 0x71, 0x1e, 0xde, 0x15, 0x09,
    0xe5, 0xde, 0xf6, 0xd3, 0xb4, 0xd7, 0x0d, 0xc4, 0xfa, 0xb4, 0xe9, 0x83,
    0xc6, 0x28, 0x19, 0x36, 0x4b, 0x4c, 0x2b, 0x01, 0x10, 0xed, 0xfb, 0x42,
    0x45, 0x13, 0xe9, 0x0b, 0x0c, 0xfe, 0x10, 0xee, 0xf3, 0x34, 0xcf, 0x32,
    0x2d, 0xeb, 0x26, 0xfe, 0xdb, 0xd0, 0x29, 0xb2, 0xdf, 0xaf, 0xbf, 0xbd,
    0xf9, 0xff, 0xcc, 0xb3, 0x11, 0x25, 0x19, 0x56, 0x24, 0x15, 0xfe, 0x30,
    0x36, 0x46, 0x03, 0x08, 0x30, 0xf8, 0x1f, 0x1c, 0xec, 0xcc, 0xee, 0xe7,
    0x0e, 0xca, 0x06, 0x14, 0x1a, 0xcc, 0xe9, 0x23, 0xb4, 0xf4, 0xf0, 0xef,
    0xc9, 0xf5, 0x00, 0x08, 0x37, 0x0e, 0xf3, 0x1b, 0x12, 0xce, 0x03, 0xf8,
    0xef, 0x1f, 0x04, 0x6e, 0xe1, 0x1a, 0x10, 0xdd, 0xe8, 0x41, 0x32, 0xb1,
    0xc7, 0xff, 0xf9, 0xd6, 0x01, 0xd3, 0x09, 0x4d, 0xea, 0xc3, 0x2a, 0xdc,
    0xe3, 0xb7, 0x0f, 0xf9, 0x00, 0xbb, 0xd1, 0xfc, 0x0c, 0xe4, 0x1a, 0xb5,
    0x92, 0xe8, 0xf3, 0x0e, 0x3d, 0xa2, 0xca, 0xb3, 0x1b, 0x16, 0xe3, 0x23,
    0x32, 0x1a, 0x0c, 0x2a, 0xcc, 0xf8, 0xce, 0xb1, 0x07, 0xf5, 0xd7, 0x16,
    0x2c, 0xb5, 0xe7, 0xeb, 0xb8, 0x30, 0x0a, 0x62, 0x06, 0x32, 0x38, 0x38,
    0xfe, 0xe1, 0xe4, 0x2c, 0xd2, 0xfe, 0xdd, 0x21, 0x33, 0x2a, 0x0f, 0x20,
    0x2f, 0xf7, 0xf7, 0x1f, 0xe7, 0x0a, 0x4c, 0xfe, 0xa9, 0xcf, 0xaf, 0x22,
    0x0d, 0xeb, 0xcb, 0x15, 0xb2, 0x1c, 0x25, 0x09, 0xbd, 0x13, 0x18, 0x01,
    0x1e, 0x01, 0xe6, 0xce, 0xc6, 0x17, 0x02, 0xfe, 0xed, 0xe6, 0x07, 0xea,
    0xdc, 0x10, 0xfc, 0x47, 0x3a, 0x11, 0xd5, 0x1a, 0xfd, 0xc6, 0xd5, 0x08,
    0xd4, 0xc7, 0x1b, 0x2e, 0x63, 0x42, 0x0e, 0xdf, 0xc3, 0xdb, 0x0b, 0xc6,
    0xaa, 0x0e, 0x1a, 0xf2, 0x02, 0x43, 0x17, 0xf5, 0x1c, 0x23, 0x1f, 0x19,
    0xfc, 0xfa, 0xf9, 0x19, 0xf7, 0xfa, 0xee, 0xf4, 0xbd, 0x09, 0x04, 0xf5,
    0xde, 0xde, 0xfb, 0xc3, 0xc3, 0xc3, 0xdc, 0xf7, 0x0e, 0xd7, 0x32, 0x1b,
    0xf6, 0x20, 0xf2, 0xa6, 0x81, 0xfb, 0xad, 0xf7, 0x5b, 0x3d, 0x0d, 0x14,
    0xec, 0x22, 0xe1, 0xfb, 0x0d, 0x1f, 0x0d, 0x4d, 0xfd, 0x11, 0x2d, 0x11,
    0x0e, 0x6a, 0xda, 0xed, 0x16, 0x48, 0xe5, 0x08, 0x07, 0xfe, 0xb9, 0xb6,
    0x11, 0xf3, 0xe5, 0x06, 0x20, 0xde, 0xd8, 0xe7, 0xbd, 0x01, 0xd9, 0x3a,
    0x2d, 0x14, 0xec, 0xd9, 0xd8, 0x07, 0x1a, 0xbf, 0xd5, 0xf5, 0xde, 0x14,
    0x3a, 0x17, 0xcf, 0xc0, 0xff, 0x69, 0x50, 0x17, 0xfa, 0x3f, 0xca, 0x0f,
    0xd4, 0xea, 0xd1, 0xfd, 0x35, 0xfe, 0x06, 0xbd, 0x17, 0xfa, 0x46, 0xfa,
    0x27, 0xe5, 0xd4, 0xdd, 0xc2, 0xd2, 0x2d, 0xd4, 0x4a, 0x05, 0xe4, 0xd0,
    0x08, 0xee, 0xf2, 0xa6, 0x09, 0xf9, 0x04, 0xf8, 0x34, 0x22, 0x04, 0x33,
    0xc7, 0x18, 0x3a, 0x55, 0xdf, 0xfc, 0x3c, 0xc6, 0x66, 0x1e, 0x2f, 0x07,
    0x1f, 0xe9, 0x1e, 0xd8, 0xd9, 0xaf, 0xe8, 0x04, 0x05, 0xce, 0xfc, 0x0e,
    0xf4, 0xb9, 0x06, 0xd1, 0x25, 0xb3, 0xe5, 0xce, 0xdf, 0xd8, 0x08, 0xd5,
    0x14, 0xb2, 0x1c, 0x1c, 0xff, 0xfd, 0xe3, 0xbe, 0xde, 0x08, 0x2c, 0xdc,
    0x7f, 0x1a, 0x0e, 0x29, 0x7b, 0x3b, 0x1b, 0x25, 0x18, 0xdf, 0x1e, 0x30,
    0xef, 0x42, 0xf4, 0x29, 0x0f, 0xca, 0xee, 0x10, 0x04, 0x0c, 0x36, 0xde,
    0xdf, 0x04, 0xe1, 0x02, 0x21, 0xe1, 0xff, 0x2e, 0x02, 0x2d, 0x3e, 0x14,
    0x41, 0xe8, 0xe8, 0xbf, 0x28, 0x33, 0x39, 0x0b, 0x5b, 0x23, 0x15, 0x11,
    0x32, 0xe1, 0x04, 0xe3, 0xee, 0xc8, 0xfe, 0x0b, 0x2b, 0xf1, 0xf3, 0x09,
    0xfe, 0x01, 0x44, 0xd7, 0xc7, 0xec, 0xf1, 0x09, 0xe0, 0xdf, 0xd7, 0x10,
    0xca, 0xcf, 0x40, 0x29, 0x29, 0x02, 0xf3, 0xab, 0x60, 0xfd, 0x0a, 0xf7,
    0x55, 0x36, 0x0d, 0x4b, 0x30, 0xc3, 0x07, 0x04, 0xd3, 0xa9, 0x21, 0xe3,
    0xfe, 0x06, 0x1d, 0x07, 0xca, 0xf0, 0x1b, 0xbb, 0xe7, 0xd8, 0x01, 0xef,
    0xfc, 0xeb, 0xf8, 0xe6, 0xe3, 0xdd, 0xf3, 0xd3, 0xde, 0x19, 0xf8, 0xf4,
    0x06, 0x4d, 0xd2, 0xfa, 0xf6, 0xc5, 0x81, 0xa1, 0x00, 0xca, 0xee, 0x3a,
    0x2b, 0x3b, 0x31, 0x28, 0xd7, 0x3f, 0xf0, 0x1e, 0x4c, 0x38, 0x0f, 0xff,
    0xc7, 0xd2, 0xe3, 0x04, 0xca, 0xfc, 0x06, 0x1a, 0xbb, 0xdb, 0x03, 0x20,
    0x3e, 0xeb, 0xbd, 0xfa, 0x0c, 0x2c, 0xbd, 0x19, 0xe3, 0xf2, 0xbe, 0xf6,
    0xca, 0x2d, 0xc7, 0x1b, 0x41, 0xff, 0xe5, 0xd2, 0x06, 0xff, 0xff, 0xfd,
    0x46, 0xe3, 0x36, 0x35, 0xfb, 0xdf, 0x3f, 0x2a, 0xd5, 0xd8, 0xcb, 0x15,
    0x95, 0xde, 0xb4, 0xff, 0x49, 0x3b, 0x24, 0x07, 0x46, 0x31, 0x83, 0xe2,
    0xfd, 0x0b, 0x9d, 0xec, 0xe1, 0x1c, 0xea, 0xd4, 0xd4, 0xf7, 0xfe, 0x2e,
    0xdd, 0x34, 0x04, 0x3a, 0x20, 0x19, 0xd7, 0x2b, 0xec, 0xe5, 0xbf, 0xf8,
    0xed, 0xe0, 0xe8, 0x33, 0x0c, 0xb1, 0x1e, 0x2f, 0x60, 0x2b, 0x1d, 0x03,
    0x65, 0x20, 0x83, 0xdf, 0x21, 0xd7, 0xd7, 0xcc, 0xf4, 0x24, 0x03, 0xc1,
    0x17, 0xeb, 0xdf, 0x4e, 0x06, 0x19, 0x14, 0x79, 0x3e, 0x00, 0xd1, 0xf7,
    0xdf, 0xee, 0xd9, 0xfb, 0x29, 0xc7, 0x03, 0xd9, 0xd8, 0xdf, 0x33, 0xec,
    0xdc, 0x05, 0xcf, 0xc1, 0x19, 0x4d, 0x85, 0xd4, 0x00, 0x13, 0xcf, 0xf2,
    0xe7, 0x9c, 0xa3, 0xb0, 0x0b, 0xc5, 0xe4, 0x2d, 0xe2, 0xb3, 0xf4, 0xfe,
    0xf8, 0xc5, 0x12, 0xc1, 0xc3, 0xae, 0x0e, 0xea, 0xfa, 0xaa, 0xe2, 0xe3,
    0xd0, 0x8e, 0x2f, 0x11, 0x29, 0x29, 0x33, 0xe3, 0x00, 0x2d, 0xd7, 0x34,
    0x31, 0xf5, 0x12, 0xeb, 0xf3, 0xf6, 0x03, 0xda, 0x0f, 0x0a, 0x35, 0x00,
    0x08, 0x39, 0xec, 0xe4, 0x8e, 0xf9, 0x1d, 0xce, 0xdf, 0xb5, 0xf9, 0x4d,
    0xaa, 0x1b, 0xca, 0x2b, 0x07, 0x60, 0x20, 0x30, 0xe6, 0xf9, 0xf3, 0x2a,
    0x19, 0x12, 0xd3, 0xeb, 0x28, 0xcc, 0x2b, 0x02, 0xd5, 0x22, 0x35, 0xf5,
    0xff, 0xc8, 0xe0, 0x33, 0x25, 0x12, 0xf0, 0xcc, 0xeb, 0x2a, 0x21, 0xb9,
    0xe4, 0x23, 0xd3, 0xe9, 0xcd, 0xde, 0x5c, 0x02, 0x2c, 0x44, 0xe0, 0x0a,
    0xef, 0xdf, 0x1d, 0xef, 0x2e, 0xf2, 0xe4, 0xcd, 0xfa, 0x0d, 0xf1, 0xe8,
    0x02, 0x13, 0xfb, 0x4e, 0xcb, 0x15, 0x13, 0x14, 0x05, 0xe3, 0xcb, 0xde,
    0x02, 0x2e, 0x43, 0x07, 0xc0, 0x25, 0xff, 0x0b, 0xfe, 0x16, 0xdc, 0xf0,
    0x06, 0x14, 0xe9, 0xe3, 0xf3, 0xde, 0xfe, 0xff, 0xfd, 0x0c, 0xfc, 0xe9,
    0x08, 0xd9, 0xf0, 0xe3, 0xf6, 0xcb, 0xf6, 0xeb, 0xc2, 0xd7, 0x0c, 0xe6,
    0x32, 0xd6, 0x07, 0x3b, 0xc1, 0x02, 0x1a, 0xf4, 0xb9, 0xd3, 0xec, 0x0a,
    0xdc, 0x31, 0xf3, 0xee, 0xdd, 0x09, 0xf7, 0x14, 0xfc, 0xef, 0x2f, 0x2d,
    0x1f, 0xf7, 0xd3, 0xf3, 0xf5, 0xfc, 0x3f, 0x00, 0xfb, 0xdb, 0xe1, 0xe0,
    0x09, 0xcb, 0x03, 0x13, 0xcc, 0xec, 0xd1, 0xc7, 0xfb, 0x81, 0xa8, 0xc9,
    0xbc, 0xd6, 0x2f, 0xd0, 0x18, 0x07, 0x17, 0x11, 0xc4, 0x30, 0xd9, 0x47,
    0x28, 0x0c, 0x2c, 0x04, 0xec, 0x11, 0x07, 0x0a, 0xff, 0xec, 0x04, 0xf6,
    0xd7, 0xe8, 0x0f, 0x16, 0xdc, 0x0d, 0xe0, 0xe9, 0x09, 0x0b, 0x0f, 0x03,
    0xf3, 0xf9, 0x25, 0x01, 0xec, 0xf1, 0xd6, 0x42, 0xf2, 0x15, 0xf1, 0x39,
    0xeb, 0xfe, 0xfa, 0x0e, 0xf9, 0x1e, 0x00, 0x16, 0x12, 0xfd, 0x10, 0x19,
    0xfa, 0x04, 0xf5, 0xf9, 0xfb, 0xe9, 0x0d, 0xee, 0x09, 0x00, 0x15, 0x0c,
    0xdf, 0xfc, 0xf1, 0x08, 0x11, 0xf8, 0xdf, 0x0a, 0xf0, 0x40, 0x00, 0x2c,
    0xe7, 0x2c, 0x10, 0x18, 0x13, 0x3c, 0x04, 0x0c, 0x0d, 0x26, 0x00, 0x1e,
    0xf1, 0x2e, 0x05, 0x38, 0xfd, 0xd6, 0xf6, 0xda, 0xd7, 0xe6, 0x06, 0x21,
    0xea, 0x21, 0x07, 0x11, 0xef, 0x16, 0x06, 0xf6, 0xfe, 0xf4, 0x19, 0x25,
    0x0f, 0xf5, 0xea, 0xfa, 0xf7, 0x0b, 0xf2, 0x19, 0x33, 0x2d, 0x0d, 0x06,
    0x08, 0x52, 0x01, 0x1f, 0xe7, 0x0b, 0x10, 0x11, 0xee, 0xf5, 0xff, 0x0b,
    0xeb, 0xf9, 0xf6, 0x1e, 0x0e, 0x09, 0x00, 0xf0, 0xef, 0xf0, 0xdf, 0xfc,
    0x06, 0xfc, 0x0c, 0xed, 0xde, 0x19, 0xe4, 0x1a, 0xed, 0xfa, 0xed, 0x0b,
    0xef, 0x03, 0x13, 0xeb, 0xe1, 0x1a, 0x04, 0x12, 0x32, 0x18, 0x14, 0x29,
    0x0d, 0x41, 0x1c, 0x20, 0xf8, 0x26, 0x01, 0x26, 0x1d, 0x3c, 0x05, 0x03,
    0x01, 0x05, 0x30, 0xf3, 0x1d, 0x11, 0x27, 0x0c, 0x14, 0x7f, 0x22, 0x27,
    0xe6, 0x26, 0x1f, 0x11, 0x1e, 0x5d, 0x1a, 0x3d, 0x00, 0x35, 0x06, 0x01,
    0xee, 0xea, 0x41, 0xe1, 0xd5, 0xca, 0x16, 0x2f, 0xc4, 0xc5, 0x10, 0xd6,
    0xe6, 0x2c, 0xf4, 0x3d, 0x27, 0x2c, 0x0d, 0x20, 0xf7, 0x01, 0xe8, 0x28,
    0x26, 0xe9, 0xa9, 0x24, 0xe2, 0x01, 0xd5, 0x33, 0x17, 0x3e, 0xec, 0x08,
    0x07, 0xd9, 0xf5, 0x1a, 0xd8, 0x16, 0x47, 0x2a, 0x05, 0x0c, 0x05, 0xe7,
    0xd1, 0xdf, 0xdc, 0xf2, 0x56, 0x22, 0x08, 0x7f, 0x34, 0x7d, 0x31, 0x48,
    0x00, 0xfe, 0x06, 0xec, 0x01, 0xdb, 0x39, 0x76, 0xe2, 0xe9, 0x07, 0x2f,
    0x10, 0x40, 0x27, 0x22, 0x14, 0x3e, 0x0f, 0x02, 0x01, 0xc7, 0x2b, 0x39,
    0xbb, 0xe9, 0x09, 0xff, 0xc7, 0x09, 0x1c, 0xdf, 0x48, 0x54, 0x4f, 0x38,
    0x67, 0x26, 0x09, 0x33, 0x3b, 0xea, 0x17, 0x24, 0xe0, 0xf5, 0xea, 0x45,
    0x32, 0xef, 0x0e, 0xdd, 0x55, 0x06, 0x22, 0x25, 0x4a, 0x49, 0xe9, 0xec,
    0xce, 0xd6, 0x4a, 0x03, 0x0f, 0x19, 0x18, 0x0b, 0x0f, 0xc8, 0x01, 0xd9,
    0xef, 0xea, 0x34, 0x23, 0x39, 0x33, 0x37, 0x1a, 0x30, 0xf5, 0x22, 0x12,
    0x1d, 0x19, 0xbe, 0x08, 0xf1, 0xcb, 0x02, 0xfa, 0x1c, 0xf6, 0x35, 0x27,
    0xe7, 0xe7, 0xc7, 0xf4, 0xc6, 0x03, 0x2f, 0xe9, 0x05, 0x3a, 0xe6, 0xeb,
    0xdd, 0x09, 0xe8, 0xe5, 0x2a, 0x12, 0x46, 0x4b, 0x39, 0x58, 0x3c, 0x4a,
    0x26, 0x17, 0xe7, 0x12, 0x20, 0x12, 0x1b, 0x40, 0xfc, 0xe8, 0xf1, 0xfd,
    0xc1, 0xf3, 0x4b, 0x1e, 0x0f, 0xfe, 0xc9, 0xa2, 0xf3, 0xf8, 0x17, 0x0c,
    0x88, 0x29, 0xca, 0xf5, 0x0c, 0xe2, 0xf0, 0x2d, 0xec, 0x0c, 0x31, 0x11,
    0x90, 0xfd, 0xba, 0xc8, 0xe2, 0x15, 0xc3, 0xed, 0xef, 0x61, 0x46, 0x10,
    0x12, 0x28, 0x33, 0x48, 0x28, 0xe0, 0xe9, 0xd4, 0x13, 0x2b, 0x09, 0xff,
    0xe7, 0xd3, 0xf6, 0x57, 0xee, 0xfd, 0x98, 0xaa, 0x1f, 0xdd, 0xf5, 0x02,
    0x95, 0x0b, 0xcf, 0x01, 0x1d, 0xf0, 0x2a, 0xf6, 0xda, 0xfa, 0xfe, 0x2e,
    0x33, 0x23, 0xfb, 0xee, 0x13, 0x25, 0x03, 0x61, 0x44, 0xcd, 0x18, 0xbf,
    0xfa, 0xf4, 0x1d, 0x17, 0x2b, 0xe3, 0xb2, 0xc6, 0xf7, 0xe3, 0xbe, 0xca,
    0x01, 0xc5, 0x16, 0xa6, 0x0b, 0xce, 0x0a, 0xf1, 0x03, 0xfc, 0x0e, 0xe6,
    0xe0, 0x34, 0xc4, 0x1b, 0xfe, 0x2d, 0x4b, 0x38, 0xe1, 0xbf, 0xe2, 0x4a,
    0x99, 0x35, 0xbc, 0xd8, 0xf0, 0x54, 0xf1, 0x26, 0x17, 0xe1, 0xc6, 0x31,
    0xb7, 0xcb, 0xf5, 0xe6, 0xd7, 0x8e, 0xcb, 0xf5, 0x0c, 0xc9, 0xbb, 0xf5,
    0xeb, 0x05, 0xf2, 0x24, 0x09, 0x1a, 0xf6, 0x22, 0xe5, 0x5e, 0x0e, 0x0f,
    0x58, 0xfd, 0xfb, 0x56, 0xef, 0x10, 0x0a, 0x34, 0x08, 0xff, 0xdb, 0xd7,
    0xf2, 0xff, 0xd1, 0x08, 0xf3, 0xe5, 0xdf, 0x35, 0xf7, 0x48, 0xbd, 0x3f,
    0xd4, 0x23, 0xd2, 0xce, 0xc1, 0x17, 0x55, 0x70, 0xd7, 0x4a, 0xf1, 0x7f,
    0x12, 0x16, 0xd1, 0x2d, 0x7f, 0x27, 0xf4, 0x50, 0x3a, 0x3d, 0xf4, 0x1a,
    0xfc, 0xd2, 0xf8, 0x07, 0x4a, 0x2b, 0x27, 0x03, 0xfd, 0xc0, 0xee, 0x8a,
    0xd0, 0x09, 0x10, 0x6c, 0xfb, 0xbe, 0xf5, 0x17, 0xfd, 0x0c, 0x3e, 0x6f,
    0x48, 0xdc, 0xf0, 0x1c, 0x33, 0xe6, 0xee, 0x03, 0x62, 0x7f, 0x34, 0x33,
    0x5e, 0x26, 0x67, 0xbb, 0x2f, 0xf4, 0x4a, 0xd0, 0x44, 0xd0, 0xa8, 0xf2,
    0xd9, 0xeb, 0x24, 0x90, 0x22, 0xd0, 0x17, 0x5d, 0x4a, 0x15, 0xf5, 0xc2,
    0x13, 0xe5, 0x5e, 0x3f, 0x5d, 0x25, 0x21, 0x1b, 0xfc, 0x28, 0x09, 0xdf,
    0xec, 0x65, 0xe8, 0x01, 0xed, 0x3f, 0xc3, 0xc5, 0xc5, 0x1c, 0x02, 0x69,
    0x04, 0xde, 0x83, 0xa5, 0xd7, 0xa3, 0xac, 0xce, 0xb8, 0xd5, 0x03, 0xd1,
    0x21, 0xb1, 0xcd, 0xac, 0x48, 0x1a, 0x63, 0x33, 0xf4, 0xa3, 0x34, 0xb4,
    0xf2, 0x05, 0xd7, 0x91, 0xe0, 0xc5, 0x58, 0xef, 0x07, 0x07, 0xcd, 0x00,
    0xd7, 0x02, 0x44, 0xd9, 0x0c, 0x46, 0x1f, 0x0e, 0x23, 0xbf, 0x96, 0xd0,
    0xec, 0x4e, 0x24, 0xf6, 0x25, 0xbd, 0x14, 0x38, 0x14, 0x76, 0x2d, 0x10,
    0xdf, 0xb2, 0xfd, 0xd4, 0xc7, 0xd4, 0xbf, 0x01, 0x02, 0x06, 0x07, 0x42,
    0xc8, 0x02, 0xf5, 0xeb, 0xd3, 0xc7, 0xf3, 0x91, 0xec, 0xcd, 0x11, 0x3d,
    0x0d, 0x85, 0xd1, 0x01, 0xf3, 0xf2, 0x45, 0x17, 0xe4, 0xde, 0x4c, 0xe2,
    0x30, 0xd9, 0x11, 0x2e, 0xfd, 0xa0, 0xf2, 0xd7, 0xa7, 0xa6, 0x2b, 0xbf,
    0xf5, 0xd8, 0x14, 0xd6, 0x12, 0x09, 0x01, 0x92, 0xae, 0xea, 0xd2, 0xe9,
    0x24, 0x26, 0x05, 0xe0, 0x37, 0x07, 0xf1, 0xdd, 0xbd, 0x0d, 0xd3, 0xe0,
    0xd7, 0xd6, 0x0d, 0xf2, 0xc4, 0x07, 0xd5, 0xcf, 0xe9, 0xe5, 0xd5, 0xf8,
    0xbf, 0xd0, 0xf5, 0xfd, 0x0b, 0xea, 0xe7, 0xfb, 0xbc, 0x48, 0xf1, 0x21,
    0xb8, 0xe4, 0x28, 0x39, 0xe7, 0x12, 0x07, 0xde, 0x0b, 0x0b, 0xcd, 0x04,
    0xaa, 0xee, 0x87, 0x1d, 0xf6, 0x37, 0xd4, 0xe1, 0xa6, 0xe1, 0xf5, 0xfd,
    0xb9, 0xb6, 0xdf, 0xd4, 0xad, 0xed, 0xd1, 0xe9, 0xc9, 0xfa, 0xe0, 0xda,
    0xdf, 0xd4, 0xe2, 0x1a, 0xdb, 0x25, 0x00, 0x53, 0x4b, 0x67, 0x43, 0x2f,
    0x1e, 0x70, 0xfb, 0x2f, 0x01, 0xf1, 0xf0, 0x22, 0xe3, 0x1f, 0xe3, 0x22,
    0xcc, 0x33, 0x1a, 0xe7, 0xe7, 0xd2, 0xc5, 0xd1, 0x04, 0xff, 0xf6, 0xde,
    0x32, 0x7f, 0xe8, 0xe3, 0x22, 0x38, 0x26, 0x02, 0xf9, 0x59, 0x3b, 0x42,
    0x48, 0x1f, 0x1e, 0x33, 0xfa, 0x13, 0xf1, 0x02, 0xf2, 0x15, 0xee, 0x35,
    0xb5, 0xed, 0x0c, 0x0c, 0xd6, 0x07, 0x11, 0xdc, 0xe4, 0xd0, 0xd1, 0x19,
    0xb6, 0xf7, 0xdc, 0x0c, 0xd5, 0x11, 0xe4, 0x1a, 0x07, 0x54, 0xd8, 0x2e,
    0x0d, 0xdb, 0xf1, 0x20, 0x51, 0x32, 0x23, 0x1a, 0x10, 0x30, 0xde, 0x2c,
    0xe4, 0x0d, 0xe7, 0x08, 0xd6, 0xd4, 0xf7, 0xfb, 0xd4, 0x25, 0x15, 0x04,
    0x08, 0xf3, 0xd0, 0xe2, 0xef, 0xc6, 0xff, 0xfe, 0xe4, 0x41, 0x0a, 0x10,
    0xb5, 0xd6, 0xfc, 0xee, 0x15, 0xcf, 0x01, 0xc3, 0x15, 0xff, 0xee, 0x15,
    0xbe, 0x3d, 0x5c, 0x4a, 0xf6, 0x26, 0xfc, 0xca, 0xd8, 0xfc, 0x05, 0xf1,
    0xdf, 0xf6, 0x01, 0xfc, 0xbf, 0xe2, 0x05, 0x0c, 0x2e, 0x35, 0xef, 0x16,
    0xea, 0xf5, 0x20, 0x20, 0x2d, 0xcf, 0xc8, 0xfb, 0x29, 0xf9, 0xf7, 0xc3,
    0x30, 0xfb, 0xeb, 0x35, 0xd0, 0xf6, 0x1a, 0x5d, 0xed, 0xf9, 0xcc, 0xfc,
    0x12, 0x01, 0xf3, 0xf4, 0xbf, 0xfd, 0xed, 0xc0, 0xbd, 0xf4, 0xfe, 0x26,
    0xfa, 0x31, 0x18, 0xe9, 0x24, 0x08, 0xff, 0x03, 0x43, 0x0e, 0x49, 0xd8,
    0x28, 0xb2, 0xee, 0xdd, 0x39, 0x02, 0xee, 0xf8, 0xb9, 0x25, 0x2e, 0x7f,
    0x19, 0xe9, 0x14, 0x0d, 0xbf, 0xa9, 0x41, 0x04, 0x02, 0x37, 0x2a, 0xf5,
    0x07, 0x10, 0xf8, 0x5b, 0x1f, 0xe9, 0x1e, 0x47, 0x56, 0x38, 0x3f, 0x02,
    0x21, 0x07, 0x3b, 0x01, 0x46, 0x1a, 0x0b, 0x1e, 0x2b, 0x2c, 0xee, 0x09,
    0xdc, 0xff, 0x46, 0x52, 0x1d, 0xf1, 0xc1, 0xcd, 0xcf, 0xd0, 0xca, 0xe4,
    0x04, 0xec, 0xc7, 0x0e, 0xff, 0xf2, 0x0c, 0x25, 0x39, 0x1d, 0x4e, 0xff,
    0x28, 0x0f, 0x14, 0x10, 0x09, 0xba, 0x1a, 0xc3, 0x22, 0x07, 0x1b, 0xc7,
    0x3c, 0x22, 0xe5, 0xe0, 0xc8, 0x20, 0x0c, 0x48, 0x32, 0x19, 0x0e, 0xd2,
    0xb2, 0xd5, 0xdb, 0x02, 0x03, 0xe5, 0x13, 0xc5, 0xde, 0x14, 0xf3, 0x1e,
    0x12, 0x08, 0x53, 0x11, 0x27, 0x3e, 0x3f, 0x03, 0x30, 0x21, 0x13, 0xbe,
    0x4b, 0xc3, 0x04, 0xf6, 0xd7, 0x1e, 0xf8, 0xd5, 0x06, 0x06, 0xdc, 0x7f,
    0x08, 0x16, 0xe7, 0x04, 0x00, 0x1e, 0x5a, 0xee, 0x17, 0xec, 0x0c, 0xfc,
    0xb6, 0x00, 0xda, 0xd6, 0x13, 0xe7, 0xd4, 0x22, 0xe4, 0xe5, 0xdf, 0xe3,
    0xf3, 0x1c, 0xfc, 0xff, 0xb6, 0x1e, 0x0d, 0x49, 0xde, 0xd3, 0x52, 0xcd,
    0x20, 0xb8, 0xe4, 0xeb, 0x28, 0x39, 0xdd, 0xca, 0xf5, 0x3a, 0x13, 0x22,
    0x07, 0x2d, 0xec, 0xec, 0x02, 0xe3, 0xf0, 0xf5, 0xe6, 0xc3, 0xf8, 0xc9,
    0xda, 0x9a, 0x02, 0xcc, 0xf0, 0xed, 0x1d, 0xd6, 0x37, 0x14, 0xd1, 0x6d,
    0xd6, 0x3a, 0xfd, 0xa4, 0x01, 0xe3, 0x1a, 0x29, 0x4c, 0x38, 0xe1, 0xd2,
    0xcf, 0xe5, 0x1e, 0xdd, 0x00, 0xce, 0xd4, 0xb8, 0xe7, 0xf6, 0x19, 0xf0,
    0xa7, 0xe8, 0xe4, 0xc1, 0x38, 0x4f, 0x43, 0xfc, 0xe0, 0xb7, 0x07, 0x06,
    0x1a, 0x25, 0x15, 0x2d, 0xd8, 0x27, 0xc5, 0xc6, 0x06, 0x06, 0xf2, 0x4e,
    0x32, 0x13, 0x02, 0xea, 0xf1, 0xe5, 0x28, 0xd2, 0xf6, 0x03, 0xb9, 0xb4,
    0xc7, 0xaf, 0x36, 0x24, 0xd5, 0xd3, 0x0b, 0xd5, 0xab, 0xf7, 0xb7, 0x23,
    0xd8, 0x33, 0xe2, 0xfa, 0xe4, 0xf5, 0x15, 0x52, 0xfd, 0x11, 0x25, 0xf2,
    0x95, 0xc6, 0xfa, 0xee, 0xe9, 0x2a, 0xb4, 0xde, 0xff, 0xc5, 0xd8, 0x4f,
    0x10, 0x22, 0xa0, 0xe6, 0xcd, 0xe5, 0xed, 0xf7, 0xf9, 0x2a, 0xf3, 0xbc,
    0x9b, 0xa3, 0xa6, 0xbc, 0x9c, 0x48, 0xda, 0x3e, 0x18, 0x4a, 0xd0, 0x59,
    0xfd, 0x1f, 0xf2, 0xf4, 0x01, 0xf0, 0x1c, 0xeb, 0xeb, 0xb3, 0xff, 0xe4,
    0xed, 0xf0, 0x07, 0xc5, 0xe4, 0x00, 0x10, 0xd5, 0xc9, 0xd3, 0xee, 0x02,
    0x0d, 0xdd, 0xf7, 0xec, 0x15, 0x06, 0x1b, 0x40, 0x28, 0x0b, 0x01, 0xf8,
    0xe4, 0xd8, 0x02, 0xd6, 0x1e, 0xe9, 0xf0, 0x3e, 0x39, 0x00, 0x0c, 0x0e,
    0xe2, 0xd4, 0xd5, 0x28, 0xe6, 0xd6, 0x21, 0x06, 0x20, 0x22, 0xc3, 0xfd,
    0xf5, 0x19, 0x0a, 0x1d, 0x46, 0x29, 0x12, 0x10, 0xf9, 0x22, 0x0d, 0x31,
    0x22, 0x4a, 0x38, 0xf0, 0x11, 0x28, 0x00, 0x31, 0x2e, 0x20, 0xdc, 0x7f,
    0x32, 0x06, 0x25, 0x23, 0x40, 0x1a, 0xfd, 0x43, 0xbf, 0x2c, 0x38, 0x1a,
    0x38, 0x30, 0x16, 0x31, 0x61, 0x35, 0xe3, 0x1a, 0x28, 0x4b, 0x61, 0x41,
    0x52, 0x24, 0x3a, 0x24, 0x6d, 0x43, 0x2d, 0xf7, 0xfe, 0x14, 0x0c, 0x4a,
    0xf6, 0xe7, 0xec, 0x1c, 0x0b, 0x0b, 0xe2, 0x2e, 0xe1, 0xe5, 0xc2, 0x11,
    0xf4, 0x06, 0xd5, 0x0b, 0xd0, 0xdc, 0xcc, 0x2a, 0x2f, 0x55, 0xfd, 0x0b,
    0xd8, 0x48, 0x22, 0xe6, 0xd1, 0x22, 0x16, 0x36, 0x09, 0xdc, 0xf7, 0xe9,
    0x1e, 0x22, 0x31, 0x20, 0xf4, 0xff, 0xf8, 0x4e, 0xf6, 0x16, 0x0d, 0x12,
    0xd8, 0xe5, 0xd4, 0xef, 0xa9, 0x37, 0xef, 0x0d, 0xe1, 0x1f, 0x1b, 0x14,
    0x40, 0x57, 0x2f, 0x21, 0x01, 0x51, 0x2e, 0x19, 0xaf, 0x33, 0x4d, 0x4b,
    0xee, 0xdf, 0xba, 0xe5, 0xfc, 0x14, 0xe4, 0x08, 0x16, 0x02, 0x11, 0xd0,
    0x0b, 0xe7, 0x23, 0xde, 0xfe, 0xe4, 0xeb, 0xed, 0x0e, 0x0a, 0x0b, 0xaf,
    0xc3, 0xde, 0xe9, 0xc4, 0xde, 0xc8, 0x16, 0x23, 0xef, 0x33, 0x15, 0x29,
    0x0f, 0x18, 0x26, 0x1e, 0xfb, 0x3b, 0xe2, 0x29, 0x3c, 0xe4, 0x5d, 0x26,
    0x21, 0x0b, 0x06, 0x0f, 0x28, 0xd1, 0xf7, 0x27, 0xd8, 0xd8, 0xdc, 0x27,
    0xe1, 0xd7, 0xfe, 0xc0, 0x9c, 0xb6, 0xe0, 0xc8, 0xf0, 0xeb, 0xe8, 0x3b,
    0xfb, 0xfe, 0x2e, 0x07, 0x22, 0x1d, 0x40, 0x0f, 0xe7, 0xdb, 0x34, 0x25,
    0xfd, 0xe1, 0x3b, 0xf2, 0x22, 0x19, 0x14, 0xfe, 0x2b, 0xfa, 0x2d, 0x1f,
    0xf5, 0xad, 0x05, 0xc3, 0x11, 0xd5, 0xfc, 0xe8, 0x0e, 0x81, 0xef, 0xc7,
    0xbc, 0xf2, 0x24, 0xd5, 0xd7, 0xe4, 0x1f, 0x09, 0xee, 0x43, 0x2f, 0x21,
    0x1b, 0x45, 0xff, 0xe7, 0xe1, 0xff, 0x0c, 0x40, 0x24, 0x12, 0xd5, 0x05,
    0x35, 0xe1, 0xed, 0xc8, 0xe5, 0x9e, 0xba, 0x0c, 0xf1, 0x0d, 0x28, 0xfa,
    0x11, 0xca, 0xda, 0xb9, 0xea, 0x0b, 0xf7, 0x04, 0xbf, 0x37, 0xed, 0x62,
    0xeb, 0x02, 0xd1, 0xfb, 0xff, 0x3c, 0x0e, 0x42, 0x0e, 0xda, 0x33, 0x11,
    0xf9, 0x26, 0xf8, 0xfb, 0xfb, 0xe8, 0x04, 0xfa, 0xec, 0xbf, 0xf0, 0xe9,
    0xf1, 0xe7, 0xcc, 0xcd, 0xee, 0xf1, 0xb1, 0xc5, 0xbf, 0xbb, 0xa4, 0x1c,
    0xf6, 0x27, 0xd6, 0x22, 0xf3, 0xf5, 0x17, 0xc8, 0xc4, 0xf2, 0xda, 0x10,
    0x11, 0xe5, 0xe5, 0xd1, 0x23, 0x09, 0xe8, 0x98, 0xbc, 0x3a, 0x36, 0x38,
    0xeb, 0xcf, 0xf5, 0xe5, 0x19, 0xe0, 0xc1, 0xfe, 0x26, 0xd4, 0xf2, 0xff,
    0x01, 0xfa, 0x6a, 0x28, 0xde, 0x30, 0x26, 0x09, 0xc4, 0xf0, 0xc1, 0x4d,
    0x25, 0x22, 0x0c, 0x26, 0x2b, 0xfa, 0x2d, 0xfc, 0xeb, 0x0c, 0x0e, 0xe9,
    0x33, 0x41, 0xeb, 0x1f, 0xfd, 0xae, 0xea, 0xd5, 0x22, 0xee, 0xaf, 0x19,
    0xf4, 0xe6, 0xfd, 0x16, 0xe9, 0x14, 0x26, 0x7d, 0x22, 0x4c, 0x21, 0x3d,
    0x17, 0xd6, 0x0a, 0xd7, 0xfa, 0xc4, 0x81, 0xba, 0x20, 0x27, 0x16, 0xa0,
    0xfe, 0xe3, 0xca, 0x0b, 0x4e, 0x44, 0x06, 0xa6, 0xa6, 0xbb, 0x0d, 0x10,
    0xda, 0xcb, 0xbb, 0x14, 0x39, 0xe0, 0x15, 0x0b, 0x21, 0x11, 0x2a, 0x4c,
    0xca, 0xec, 0x19, 0x02, 0x0d, 0x08, 0x2b, 0x1d, 0x0f, 0xad, 0xcc, 0xe4,
    0xb2, 0xc1, 0xcf, 0xeb, 0xf7, 0xde, 0x90, 0x81, 0x14, 0xf6, 0xe9, 0xb0,
    0x0b, 0xf9, 0xba, 0xe7, 0x12, 0x1e, 0xe2, 0xe5, 0xe9, 0xec, 0xdf, 0xec,
    0xf4, 0xe0, 0x3b, 0x39, 0x15, 0xf9, 0x1d, 0xf3, 0xff, 0x31, 0xb5, 0xec,
    0xfe, 0xd9, 0xde, 0x0b, 0xe8, 0x98, 0x0c, 0xc1, 0xdf, 0x23, 0xe6, 0xdb,
    0xf7, 0x0a, 0xf6, 0xbb, 0xaa, 0xee, 0x3e, 0x23, 0xe2, 0xe9, 0x0c, 0x2f,
    0x12, 0x14, 0xae, 0xfb, 0x08, 0xac, 0x09, 0x2a, 0x19, 0xf9, 0x46, 0xfc,
    0xe4, 0x8d, 0xfa, 0xb6, 0x94, 0x92, 0xc8, 0xf7, 0x02, 0x25, 0x22, 0x02,
    0xe7, 0x09, 0xed, 0xeb, 0x0d, 0x0f, 0xdf, 0x0f, 0xd7, 0xe6, 0xf4, 0xe8,
    0x04, 0xfd, 0xe7, 0x26, 0x40, 0xf2, 0x05, 0x3a, 0x16, 0x1d, 0xe2, 0xdb,
    0x21, 0x0d, 0xd8, 0x00, 0xd5, 0xfd, 0x1d, 0x17, 0x07, 0xfa, 0xbe, 0xf9,
    0x09, 0xfb, 0x11, 0x09, 0xf4, 0x44, 0x17, 0x32, 0x02, 0x5e, 0xbb, 0x4a,
    0xcf, 0xff, 0xf5, 0x1c, 0xe0, 0xc1, 0x1b, 0x20, 0xea, 0x44, 0x24, 0x11,
    0x0d, 0x3b, 0xce, 0x15, 0xde, 0x3f, 0xed, 0xd3, 0xd3, 0xfd, 0xf0, 0x48,
    0x1d, 0xea, 0xa9, 0x22, 0x2d, 0x21, 0x3f, 0x38, 0x0d, 0x5e, 0x36, 0x4d,
    0x4e, 0x79, 0x0c, 0x27, 0xd5, 0x29, 0xec, 0x15, 0xf5, 0x19, 0x15, 0xdf,
    0xf8, 0xf9, 0x60, 0x10, 0x20, 0x53, 0xda, 0x12, 0x08, 0x46, 0x2d, 0x2d,
    0xfd, 0x04, 0xd7, 0x52, 0x2f, 0x1b, 0x00, 0xe9, 0x03, 0xf4, 0x00, 0x49,
    0xfc, 0x68, 0x40, 0x7f, 0x06, 0x4b, 0xe3, 0x19, 0x12, 0x45, 0x2f, 0xd3,
    0xdf, 0xa7, 0xba, 0xe2, 0xca, 0xe2, 0x15, 0x4c, 0x3f, 0x30, 0x0a, 0x16,
    0xef, 0x03, 0xf1, 0xf0, 0xf3, 0xe2, 0xfc, 0x4d, 0x23, 0x15, 0xf4, 0xd5,
    0xd3, 0x17, 0x0c, 0x43, 0x97, 0x21, 0x0c, 0x40, 0x1e, 0x10, 0x15, 0xf0,
    0xd0, 0xe7, 0xf5, 0xfa, 0xc6, 0xa6, 0xb7, 0xab, 0xd7, 0xb7, 0xdb, 0x09,
    0x4f, 0x06, 0x09, 0xfd, 0x39, 0xff, 0x03, 0xba, 0xed, 0xc3, 0x30, 0x08,
    0x2b, 0x29, 0xf1, 0xe1, 0xf0, 0x06, 0x2e, 0x3d, 0x17, 0xf7, 0x39, 0x17,
    0x19, 0x1d, 0x08, 0x27, 0xf9, 0xdc, 0xb4, 0xdf, 0xdb, 0xd1, 0x10, 0x31,
    0x31, 0xec, 0xd8, 0x3c, 0x2a, 0xec, 0xf4, 0xc2, 0xfa, 0xdc, 0x1c, 0x03,
    0x22, 0xeb, 0x11, 0x1a, 0x2b, 0x26, 0x3f, 0x11, 0x09, 0xb8, 0xd2, 0xaa,
    0xea, 0xe1, 0x03, 0xd4, 0x48, 0x15, 0x03, 0x04, 0xb7, 0x3b, 0xd1, 0xbb,
    0xbe, 0xde, 0x06, 0xf6, 0xe7, 0xf6, 0xd5, 0x49, 0xd9, 0xa9, 0x15, 0xf7,
    0x08, 0x06, 0x06, 0xc8, 0x11, 0x95, 0x09, 0xc2, 0x0a, 0x5d, 0xd2, 0xbf,
    0x18, 0xd3, 0xa6, 0xc7, 0xf5, 0x0d, 0xdc, 0x33, 0x45, 0x0f, 0x44, 0xdb,
    0xed, 0x03, 0xbe, 0x8c, 0x87, 0x53, 0xe2, 0xd2, 0xdc, 0xf9, 0xda, 0x46,
    0x04, 0xab, 0xdf, 0xff, 0x14, 0xf0, 0x3d, 0x1a, 0xfc, 0xae, 0x11, 0x9d,
    0xce, 0xc5, 0xe0, 0xfb, 0xee, 0x31, 0x1b, 0x46, 0x20, 0x10, 0x2c, 0x08,
    0x4f, 0xfe, 0x37, 0xf0, 0xcf, 0xd8, 0xe8, 0xd0, 0xe3, 0x05, 0x04, 0xf4,
    0x4f, 0xef, 0x43, 0xe5, 0xff, 0xca, 0x17, 0xba, 0x34, 0x18, 0x2d, 0x45,
    0xec, 0x0d, 0xf3, 0x27, 0xbb, 0xe6, 0x12, 0x01, 0xf4, 0x27, 0xe9, 0xb9,
    0xd4, 0xcb, 0xe5, 0x01, 0xf9, 0xcb, 0x22, 0xf7, 0xe1, 0x2b, 0xde, 0xb7,
    0xd2, 0xa1, 0x16, 0x21, 0x0d, 0xbc, 0x0d, 0x1c, 0x0b, 0xc1, 0xdd, 0x0a,
    0xc9, 0x56, 0xbd, 0xef, 0xe2, 0x89, 0x36, 0x06, 0xaf, 0x26, 0xfa, 0xa3,
    0x08, 0x81, 0xc9, 0xc6, 0xb6, 0xe3, 0x0e, 0xcb, 0xd4, 0xf8, 0xc2, 0xed,
    0x19, 0xf3, 0xeb, 0xf6, 0x06, 0x32, 0x26, 0xae, 0x02, 0x1c, 0xdc, 0xe2,
    0xca, 0xe7, 0xe4, 0xf5, 0x1b, 0x1f, 0x0d, 0xc4, 0x81, 0xd1, 0x1a, 0xd0,
    0x05, 0x25, 0xf5, 0x34, 0xcd, 0xfb, 0xfe, 0x34, 0xcf, 0xf1, 0x14, 0xa1,
    0x21, 0xf4, 0xf5, 0xdd, 0xae, 0xae, 0xbd, 0xd3, 0xfb, 0x07, 0x33, 0xee,
    0x17, 0x16, 0xf9, 0xf0, 0xf6, 0x19, 0xef, 0x0c, 0x12, 0x3c, 0x1a, 0x1b,
    0xda, 0x1e, 0xf1, 0x15, 0xd6, 0x19, 0xe9, 0x16, 0xc5, 0xef, 0xf4, 0xd5,
    0xb5, 0x6b, 0xf7, 0x18, 0xfc, 0xd2, 0xe6, 0xd1, 0xfc, 0xe4, 0xeb, 0x0b,
    0xef, 0xc3, 0x30, 0x2a, 0x26, 0x23, 0x1b, 0xfc, 0x56, 0x19, 0xcb, 0x33,
    0xd6, 0x05, 0x28, 0xf0, 0x0e, 0xfd, 0x96, 0xdf, 0x28, 0x0f, 0x12, 0x09,
    0x07, 0x0f, 0x00, 0x25, 0xbf, 0x35, 0x2d, 0xf0, 0x02, 0xcf, 0xc7, 0xc1,
    0xf3, 0xf6, 0xe9, 0xe8, 0xec, 0x36, 0x2a, 0x1b, 0x15, 0x4a, 0x09, 0x25,
    0x5c, 0xed, 0xd1, 0x1b, 0xeb, 0x33, 0x40, 0x21, 0xe1, 0x34, 0x0c, 0xcf,
    0xe1, 0xe8, 0xda, 0xca, 0xfe, 0x2f, 0xbf, 0xfd, 0xfa, 0x13, 0x10, 0xe4,
    0xf7, 0x00, 0x08, 0x0b, 0xb2, 0xec, 0x01, 0x11, 0x06, 0x12, 0x0a, 0x47,
    0x3b, 0x56, 0x45, 0xec, 0x03, 0x07, 0xee, 0xab, 0x0e, 0x1b, 0x0e, 0xf0,
    0x08, 0x19, 0xfd, 0xfc, 0xdc, 0xc2, 0xfd, 0x09, 0xdf, 0xf5, 0xf4, 0xdb,
    0x15, 0x09, 0xda, 0x3c, 0xf9, 0xfa, 0xcf, 0xef, 0xc6, 0xfd, 0xf8, 0x09,
    0x0c, 0x40, 0xcf, 0x00, 0xf7, 0x19, 0xfd, 0x05, 0xe2, 0xcf, 0xeb, 0xd3,
    0xe5, 0x41, 0xe4, 0xd5, 0x01, 0xbd, 0xf4, 0xc6, 0x25, 0xd7, 0xee, 0xe5,
    0xfc, 0x01, 0xfc, 0xa0, 0xd2, 0xf1, 0xd8, 0xcc, 0xf3, 0x00, 0xc9, 0x1f,
    0xda, 0xee, 0xe1, 0x08, 0xf5, 0xf9, 0x04, 0xee, 0x1d, 0xd9, 0x27, 0xfb,
    0x0d, 0xf9, 0x18, 0xea, 0x0b, 0xf1, 0xee, 0xf8, 0xdf, 0xf3, 0xe6, 0xfc,
    0x49, 0xd8, 0x03, 0xdb, 0xf4, 0xac, 0xf7, 0xb7, 0x1a, 0xce, 0xe4, 0x02,
    0xf9, 0xef, 0xe7, 0xf3, 0xd4, 0xb3, 0x27, 0xc8, 0x15, 0x63, 0xd2, 0x12,
    0x1f, 0xf0, 0x2f, 0xe8, 0xec, 0xd9, 0xd9, 0x04, 0x27, 0x07, 0xd1, 0x1d,
    0xc8, 0x8e, 0xe8, 0xdf, 0xe1, 0xf4, 0xd6, 0x35, 0x18, 0x96, 0xb6, 0x81,
    0xf9, 0xc2, 0xc9, 0xe1, 0xe7, 0x1d, 0xf4, 0x20, 0xf1, 0xba, 0x26, 0xb3,
    0x08, 0x29, 0xe0, 0xf6, 0xea, 0x0f, 0x07, 0x03, 0xf4, 0x0c, 0xed, 0x2d,
    0xee, 0x06, 0xca, 0xdb, 0x20, 0x29, 0xf2, 0xcd, 0xd0, 0xb2, 0x19, 0x09,
    0x0c, 0xc3, 0xff, 0xce, 0x36, 0x3f, 0x03, 0x0d, 0x1b, 0x53, 0x0c, 0x17,
    0xf1, 0xde, 0xff, 0x1b, 0xed, 0x02, 0x0a, 0x14, 0xe7, 0xe6, 0x59, 0x20,
    0xd0, 0x3d, 0x06, 0x42, 0x12, 0x45, 0x10, 0x4c, 0x1d, 0x2b, 0xe8, 0xf8,
    0x25, 0x3e, 0x16, 0xcf, 0xe7, 0x36, 0x50, 0x0a, 0x3a, 0x1a, 0x29, 0x03,
    0xd7, 0x33, 0x25, 0x00, 0x4d, 0xf0, 0x0a, 0x1e, 0xfb, 0xf9, 0xf8, 0xfe,
    0x02, 0x02, 0xda, 0xe1, 0xd2, 0x11, 0x13, 0x04, 0xc6, 0x00, 0xcb, 0x09,
    0x0b, 0x1a, 0x31, 0x0f, 0xf1, 0x00, 0xaf, 0xd1, 0xc4, 0xfb, 0x18, 0xf8,
    0x58, 0x52, 0x4e, 0x49, 0x0a, 0x2d, 0x12, 0x5d, 0x4b, 0x24, 0x2b, 0x45,
    0x1b, 0x0d, 0xd9, 0xdd, 0xbc, 0xd2, 0xb1, 0xb4, 0xb8, 0x0f, 0x19, 0x24,
    0xf2, 0xf8, 0xd5, 0xe2, 0x12, 0xea, 0x11, 0xf0, 0xdf, 0xd5, 0xf8, 0xfb,
    0xef, 0xf2, 0x0e, 0x19, 0x12, 0x4e, 0xe7, 0x4e, 0xd2, 0x1e, 0x46, 0x51,
    0x05, 0xfb, 0x04, 0xf6, 0x0b, 0xb9, 0xe0, 0xef, 0xb9, 0xa5, 0xe1, 0x13,
    0xb1, 0xbb, 0x16, 0x31, 0xb7, 0xe3, 0xef, 0xec, 0x02, 0xd3, 0x18, 0xa8,
    0xb5, 0xb7, 0xeb, 0xc8, 0xc1, 0xdd, 0xee, 0xbf, 0x1f, 0x31, 0x34, 0x05,
    0xe0, 0x5e, 0x52, 0x1e, 0x4f, 0xfb, 0xfa, 0x1d, 0x0d, 0x0a, 0xee, 0x0b,
    0x17, 0xf1, 0xcc, 0xf8, 0x08, 0x1e, 0x1d, 0x33, 0xfa, 0x37, 0x16, 0x00,
    0x0c, 0xd8, 0x04, 0x12, 0x01, 0xf5, 0x0b, 0xfe, 0xb7, 0x0f, 0xd7, 0xee,
    0x21, 0x1b, 0x25, 0xe0, 0x02, 0x45, 0x7f, 0x57, 0x3f, 0x0f, 0x0c, 0x13,
    0x06, 0xfe, 0x14, 0xe1, 0xf0, 0xfe, 0xd5, 0xe6, 0x0c, 0x2e, 0x2c, 0x03,
    0x1f, 0x21, 0x17, 0x0e, 0x2c, 0xe0, 0x08, 0xd0, 0xea, 0xe5, 0xfb, 0xf7,
    0x3b, 0x46, 0xea, 0x34, 0xd5, 0x0b, 0xc2, 0x08, 0x1c, 0x34, 0x1c, 0xdc,
    0xac, 0xef, 0xd8, 0x10, 0x0c, 0xeb, 0xd0, 0x23, 0xf7, 0xf0, 0xef, 0xfc,
    0xe3, 0xea, 0x13, 0xdc, 0xe3, 0x28, 0x34, 0x0d, 0xe2, 0xcd, 0xda, 0xfe,
    0x54, 0xeb, 0x07, 0xf2, 0x28, 0xb2, 0xe9, 0xae, 0x03, 0xd9, 0xec, 0x27,
    0x12, 0xf8, 0x22, 0x09, 0xac, 0xee, 0x07, 0x0b, 0x26, 0x08, 0x13, 0xdf,
    0xd9, 0x04, 0xe0, 0x37, 0xe8, 0xec, 0x08, 0xd7, 0x01, 0x1a, 0x02, 0x2f,
    0x11, 0xc6, 0xe6, 0xf8, 0xe9, 0x1c, 0xd4, 0xda, 0x16, 0xcd, 0xf3, 0xb8,
    0xef, 0x0c, 0xe3, 0x3b, 0x09, 0xe8, 0x0b, 0xdd, 0xe7, 0x1a, 0x1e, 0xdf,
    0xdb, 0x10, 0x1f, 0x10, 0xfe, 0x38, 0xf9, 0x43, 0x14, 0xd7, 0x32, 0xcf,
    0xea, 0xc4, 0xf6, 0x25, 0xec, 0xb6, 0xde, 0x01, 0x2f, 0xe3, 0xfd, 0x08,
    0xf4, 0xc8, 0x12, 0xcb, 0xf9, 0xfb, 0x14, 0xdc, 0x02, 0xf0, 0xb6, 0x1a,
    0xcf, 0xef, 0x0b, 0xfb, 0x09, 0x14, 0xf2, 0x1c, 0xf9, 0xd9, 0x06, 0x29,
    0xe6, 0xcf, 0x0c, 0xbc, 0xdc, 0x17, 0xfa, 0x21, 0xd6, 0xcc, 0xdd, 0xd7,
    0x17, 0xec, 0x15, 0xed, 0x20, 0x19, 0xf1, 0xe4, 0x12, 0x0b, 0x0a, 0x10,
    0xe4, 0xcc, 0xc3, 0xdf, 0xed, 0x08, 0x15, 0xed, 0x06, 0xbb, 0xe9, 0x2a,
    0xd3, 0xe3, 0xf3, 0xf8, 0x1d, 0xdf, 0x2b, 0xf7, 0xf3, 0xb8, 0xd6, 0xfc,
    0xe2, 0x81, 0xe0, 0xf5, 0xb6, 0xf7, 0xe8, 0x00, 0x13, 0xc3, 0x12, 0xdf,
    0xfa, 0xc3, 0xda, 0xed, 0xe3, 0xe7, 0x3f, 0x1f, 0x38, 0x14, 0x3a, 0x05,
    0x14, 0x1f, 0x19, 0x3c, 0x30, 0x29, 0x3b, 0x12, 0x19, 0xdc, 0xee, 0xe2,
    0xe8, 0xc7, 0x07, 0xf0, 0xda, 0xd9, 0x08, 0xf4, 0xc1, 0xe8, 0xde, 0xf5,
    0x11, 0x0b, 0x28, 0xe0, 0xc2, 0x0a, 0x10, 0xee, 0x10, 0xd4, 0x29, 0xfb,
    0x20, 0x1c, 0x6a, 0x24, 0x17, 0x2f, 0x12, 0x23, 0x43, 0xe7, 0x09, 0x05,
    0x0e, 0xf2, 0x17, 0xeb, 0x02, 0xee, 0x24, 0xf1, 0x00, 0xa1, 0x36, 0xf6,
    0x09, 0xea, 0xeb, 0xe6, 0xe5, 0xc5, 0x11, 0xc5, 0xc6, 0xf0, 0x20, 0xf5,
    0xfe, 0xda, 0x25, 0x1c, 0x44, 0x0f, 0x1f, 0x1e, 0x42, 0x63, 0x3d, 0x24,
    0x0b, 0xd5, 0xeb, 0xf6, 0x1c, 0xf9, 0x1f, 0xea, 0x26, 0x18, 0xf8, 0xf6,
    0x0e, 0xd1, 0x05, 0xf5, 0xe0, 0xc7, 0xeb, 0xbd, 0xf9, 0xd5, 0x02, 0xda,
    0xed, 0xdf, 0x08, 0xe9, 0xee, 0x08, 0x1d, 0xef, 0x33, 0x46, 0x03, 0xfb,
    0x34, 0x27, 0x44, 0xfd, 0x20, 0x0e, 0x23, 0x01, 0x0e, 0x07, 0x1b, 0x20,
    0x0e, 0x17, 0xe5, 0xdf, 0xfe, 0xed, 0xfc, 0xd8, 0xf1, 0xdc, 0x13, 0xb0,
    0x2a, 0xe5, 0x14, 0xf2, 0xd5, 0x16, 0x21, 0x08, 0x0a, 0x01, 0x4e, 0x18,
    0x71, 0xfb, 0x17, 0x15, 0x4e, 0x7f, 0x14, 0x0c, 0xe8, 0x0f, 0x31, 0x19,
    0x45, 0x13, 0x3e, 0x33, 0x26, 0x30, 0x27, 0x36, 0xed, 0xe5, 0x0f, 0xde,
    0x23, 0xdf, 0x4c, 0x15, 0x12, 0xeb, 0x2b, 0x11, 0x23, 0x08, 0xe3, 0xaa,
    0x47, 0x04, 0xf7, 0x11, 0xb4, 0x82, 0xb1, 0xc8, 0xf5, 0xfa, 0x3b, 0x2f,
    0x08, 0x2a, 0xee, 0xf1, 0xb9, 0x32, 0xe4, 0x12, 0x32, 0x50, 0x51, 0x5b,
    0x17, 0x44, 0x1d, 0x56, 0x11, 0x03, 0x10, 0x26, 0xd4, 0x00, 0xfd, 0xb2,
    0x4c, 0xbc, 0x1c, 0xbe, 0xee, 0x22, 0x06, 0xaa, 0xcb, 0xb0, 0xfb, 0xdb,
    0xd1, 0xa6, 0x01, 0xb8, 0x12, 0x4a, 0xf3, 0x68, 0xf2, 0xc6, 0x09, 0xdc,
    0x06, 0x32, 0x4a, 0x52, 0xda, 0x01, 0xd2, 0x0f, 0xe9, 0xc8, 0xb1, 0x09,
    0xfb, 0xed, 0xac, 0xd3, 0x28, 0x02, 0x03, 0x3f, 0xe5, 0xa8, 0x2a, 0x12,
    0x01, 0x21, 0xf6, 0xbe, 0xba, 0x1b, 0x34, 0x18, 0x51, 0x4e, 0xec, 0x26,
    0xd1, 0x22, 0xd5, 0xfd, 0x53, 0x08, 0x60, 0x75, 0x3a, 0x3f, 0x06, 0x1a,
    0x4d, 0xbb, 0xb4, 0xcc, 0xdc, 0x30, 0xa5, 0xfe, 0xe3, 0x24, 0xc9, 0xf3,
    0xbd, 0x8d, 0x1f, 0xdc, 0xbf, 0xf3, 0xc8, 0xdc, 0xd7, 0x40, 0x2d, 0x43,
    0x10, 0xff, 0x16, 0x45, 0xbe, 0xda, 0xd4, 0x06, 0x39, 0x7f, 0xea, 0x4e,
    0xd4, 0x55, 0xe6, 0x51, 0x0f, 0x5c, 0xc1, 0x3c, 0xa4, 0x26, 0x99, 0xf9,
    0x0a, 0x1a, 0xd6, 0x12, 0x27, 0xd3, 0x10, 0xfe, 0x0c, 0xd8, 0xfd, 0x29,
    0x16, 0x1f, 0xb6, 0x2b, 0x00, 0x3d, 0xf3, 0x09, 0xcf, 0xa9, 0x18, 0xe1,
    0x1c, 0x77, 0x0b, 0x46, 0x0a, 0x3c, 0x07, 0xd9, 0xee, 0x01, 0xc2, 0x2c,
    0xf1, 0xb2, 0xc3, 0x08, 0x15, 0x16, 0xde, 0xf1, 0xec, 0x22, 0xd1, 0xef,
    0xe4, 0x0d, 0x36, 0x1c, 0xd6, 0x04, 0x07, 0x12, 0x04, 0x01, 0xcb, 0xdd,
    0xd4, 0xe2, 0x15, 0xcf, 0xfe, 0xdb, 0xf6, 0xe6, 0x22, 0x1b, 0x4a, 0xec,
    0x2c, 0x1a, 0x1b, 0xcc, 0x04, 0xa8, 0xd2, 0xfd, 0x1b, 0x4a, 0x24, 0x07,
    0x2b, 0x16, 0x07, 0xf1, 0x08, 0x0c, 0x0f, 0x2d, 0xc0, 0xe5, 0x21, 0xf2,
    0x1c, 0xe3, 0x10, 0xe2, 0xd8, 0x4c, 0x18, 0x50, 0xfc, 0xfe, 0x0f, 0xe9,
    0x08, 0x01, 0x49, 0x0a, 0x29, 0xec, 0x1e, 0x34, 0x0f, 0x42, 0x25, 0x02,
    0x1f, 0x40, 0x64, 0x2b, 0xfa, 0xf7, 0x2a, 0x52, 0x49, 0x0a, 0x29, 0x34,
    0xf4, 0x45, 0x3c, 0x28, 0x4e, 0xec, 0x13, 0x29, 0x5d, 0x12, 0x75, 0xd9,
    0x0a, 0xf4, 0xd4, 0xef, 0x7f, 0x60, 0x23, 0x22, 0x2a, 0x26, 0x70, 0x2c,
    0x31, 0x08, 0x21, 0x43, 0x15, 0x1d, 0x35, 0xce, 0xf7, 0x0b, 0xf9, 0x02,
    0x3c, 0xfa, 0x29, 0xd2, 0xa5, 0xd7, 0x23, 0x2e, 0xee, 0xd2, 0x1f, 0x0c,
    0xef, 0x0d, 0xf2, 0xc8, 0xc8, 0xe5, 0x0b, 0x13, 0x64, 0x24, 0x13, 0x1d,
    0x35, 0xfd, 0x12, 0xe9, 0xe2, 0x29, 0x36, 0xe7, 0xf4, 0x1b, 0x32, 0x12,
    0x2d, 0xec, 0x2e, 0x2e, 0xf4, 0xe8, 0x27, 0xf6, 0x0d, 0xe0, 0x18, 0x28,
    0x2d, 0xda, 0x3a, 0x06, 0xee, 0xf0, 0xfd, 0x2a, 0x01, 0xda, 0x05, 0x06,
    0x15, 0x38, 0x05, 0x1c, 0x16, 0x13, 0x14, 0x08, 0xfa, 0x1a, 0x4a, 0x01,
    0xf8, 0x1a, 0x0e, 0xf5, 0xf8, 0xd0, 0xb7, 0xfa, 0x0b, 0xdd, 0x0f, 0x7c,
    0x26, 0x3f, 0x22, 0xb6, 0xd0, 0xb2, 0xa1, 0xbe, 0xc6, 0x01, 0xb4, 0x02,
    0xca, 0x2f, 0x07, 0x7f, 0x07, 0x27, 0xcc, 0xc5, 0x26, 0xfe, 0xee, 0x0b,
    0xfd, 0xd8, 0xab, 0xa3, 0x3e, 0x13, 0xf9, 0x35, 0xce, 0xe3, 0xd8, 0xa5,
    0xd3, 0xcf, 0x0f, 0x61, 0x20, 0x0a, 0xf5, 0xa0, 0x95, 0xdc, 0xfc, 0xd0,
    0xcf, 0xd8, 0x24, 0x1d, 0xda, 0x5e, 0xf0, 0x4c, 0x26, 0x59, 0xf6, 0xc3,
    0xd4, 0x1e, 0xc4, 0xf2, 0x20, 0x1e, 0xda, 0xee, 0x31, 0xd1, 0x35, 0xee,
    0x16, 0x2f, 0xd8, 0x37, 0x1e, 0x4c, 0x4c, 0x5f, 0x40, 0x75, 0x0f, 0x00,
    0xf8, 0xf9, 0xc6, 0x9a, 0xc1, 0x93, 0xf5, 0x15, 0x0c, 0x62, 0x0e, 0x4b,
    0xe5, 0x0d, 0xf0, 0xdf, 0xd4, 0x0c, 0xfb, 0xa7, 0xe3, 0xf8, 0x03, 0xdf,
    0x04, 0x3e, 0x2b, 0xd0, 0xbe, 0xc5, 0xc6, 0xcd, 0xf4, 0x0d, 0x38, 0x02,
    0x18, 0x1d, 0x35, 0x29, 0x0d, 0x18, 0x01, 0x8d, 0xc5, 0x01, 0xf8, 0x0d,
    0xde, 0xef, 0xf8, 0x1e, 0x24, 0x31, 0x09, 0x01, 0xd6, 0x03, 0xeb, 0xce,
    0xef, 0xdf, 0xed, 0xe1, 0x3a, 0x38, 0xbd, 0x4b, 0x1e, 0xd2, 0xdd, 0x07,
    0xdd, 0xef, 0x4f, 0x5d, 0x75, 0x22, 0x53, 0x11, 0xe4, 0x0e, 0xec, 0xdf,
    0xb6, 0xe6, 0xf7, 0x37, 0xe4, 0x36, 0x2f, 0x2a, 0x3c, 0x2e, 0x23, 0x02,
    0xc1, 0x20, 0xf5, 0xea, 0xca, 0xec, 0xc8, 0xbb, 0xef, 0x09, 0xde, 0x23,
    0xfe, 0xba, 0xe4, 0xe1, 0xf8, 0xf6, 0x3a, 0x31, 0x3b, 0x20, 0xeb, 0x1b,
    0xf6, 0x0e, 0xef, 0x28, 0x1b, 0x03, 0x10, 0x0a, 0xe2, 0xe4, 0x09, 0x22,
    0x44, 0x01, 0x3d, 0x10, 0x54, 0x34, 0x41, 0x7b, 0x62, 0x16, 0x2c, 0xdd,
    0xdc, 0xe6, 0x90, 0xae, 0xd5, 0xdb, 0xde, 0x88, 0x5c, 0xab, 0xdc, 0x2d,
    0x15, 0x2e, 0xc0, 0xdf, 0x0f, 0xe4, 0xe6, 0x22, 0x36, 0xd7, 0xb7, 0x38,
    0xe5, 0xf6, 0xe1, 0x35, 0x2d, 0xff, 0x34, 0x19, 0x3d, 0x6a, 0x26, 0x3e,
    0x0a, 0xaa, 0x25, 0x48, 0xf4, 0x05, 0xec, 0x81, 0xfe, 0xe1, 0xfc, 0x81,
    0x30, 0xee, 0xf3, 0xee, 0xef, 0x1e, 0xc9, 0x09, 0xcf, 0x3d, 0x05, 0xfb,
    0x35, 0xd0, 0xf1, 0xa8, 0xd4, 0x25, 0xd6, 0xe7, 0xe8, 0x04, 0x51, 0x1f,
    0x1f, 0xe1, 0xd6, 0xc9, 0xf5, 0xda, 0xbf, 0xe0, 0x48, 0x21, 0xb3, 0xd1,
    0x06, 0x33, 0xe3, 0xd5, 0x20, 0x30, 0x34, 0xb0, 0x08, 0x0d, 0x23, 0xf4,
    0x1b, 0x20, 0xf2, 0x31, 0x39, 0xad, 0xfb, 0xfc, 0x22, 0xff, 0xea, 0x2b,
    0xe1, 0xea, 0x23, 0xf3, 0x34, 0xe3, 0x10, 0x29, 0x0a, 0xff, 0x2c, 0x65,
    0x1d, 0xc4, 0xe8, 0xb1, 0x0c, 0x1e, 0x09, 0x17, 0x4c, 0x56, 0x2a, 0xf6,
    0xc8, 0xf5, 0x36, 0x06, 0xe9, 0x33, 0x56, 0x06, 0xf8, 0xf9, 0x23, 0xf7,
    0x3b, 0x51, 0xd3, 0x17, 0xdb, 0x0d, 0xea, 0xb1, 0xe0, 0xc4, 0xe7, 0xf4,
    0x10, 0x2d, 0x06, 0xf5, 0xc4, 0xdb, 0x43, 0x30, 0xf0, 0xf7, 0xd4, 0xb4,
    0x81, 0xc8, 0xb5, 0xec, 0xd7, 0x0b, 0xdc, 0xc9, 0xef, 0x3f, 0xf3, 0xa3,
    0x0e, 0x23, 0x29, 0xe9, 0xee, 0xf2, 0x57, 0xf5, 0x58, 0x13, 0xea, 0xd3,
    0x2d, 0xe8, 0xf4, 0x11, 0xa9, 0xf3, 0xeb, 0x3d, 0xf5, 0x1d, 0x20, 0x2a,
    0xff, 0xd8, 0x07, 0xe3, 0x9c, 0x4b, 0x18, 0xe3, 0x15, 0x38, 0xf5, 0xe1,
    0xff, 0x27, 0x02, 0x26, 0x0f, 0xd3, 0xec, 0xb0, 0xd0, 0x09, 0x46, 0x24,
    0xe5, 0x2f, 0x11, 0x1f, 0xed, 0x33, 0xd6, 0x0f, 0x0c, 0xf7, 0xeb, 0x61,
    0xe5, 0xd2, 0x11, 0x16, 0xfa, 0xb6, 0xe1, 0xb9, 0xc3, 0x2a, 0xc6, 0x20,
    0xdf, 0xfa, 0xb8, 0xde, 0x2b, 0xdb, 0xb6, 0x0f, 0x35, 0x2d, 0xff, 0x33,
    0xef, 0x14, 0x13, 0x30, 0xfa, 0xcd, 0x04, 0xfb, 0xe6, 0x05, 0xe3, 0x29,
    0xcb, 0x22, 0xe4, 0xe1, 0xdd, 0xfc, 0xfc, 0xd1, 0x34, 0xdc, 0xde, 0xca,
    0x8d, 0x19, 0x01, 0xff, 0x15, 0x34, 0xcd, 0x1c, 0x0a, 0xeb, 0x13, 0xeb,
    0x20, 0x27, 0x2a, 0xf9, 0xcb, 0xf3, 0x40, 0xec, 0x19, 0x03, 0xc3, 0xb2,
    0xdb, 0x14, 0xd4, 0xf4, 0xe9, 0xe7, 0x01, 0x2a, 0xbd, 0x0e, 0xd6, 0xdd,
    0xf1, 0xfd, 0x06, 0xdb, 0xa1, 0x29, 0x1f, 0x19, 0x18, 0x20, 0xf1, 0xfa,
    0xec, 0xef, 0xb0, 0xff, 0xf4, 0x20, 0xfe, 0xbb, 0xe4, 0xd7, 0xf1, 0xed,
    0x33, 0x1f, 0x12, 0xd3, 0xba, 0x30, 0xec, 0x15, 0xeb, 0x10, 0xee, 0x76,
    0x2f, 0x0b, 0x09, 0x1e, 0x09, 0x01, 0xef, 0xdb, 0x51, 0x81, 0x1c, 0xd6,
    0xd4, 0xe6, 0x34, 0xe7, 0x3d, 0xec, 0x1a, 0xa9, 0x14, 0xee, 0xec, 0xff,
    0xdc, 0xd6, 0xbd, 0x07, 0x0d, 0xfd, 0x07, 0x19, 0x24, 0xd9, 0xd3, 0x12,
    0x28, 0x21, 0x2a, 0x32, 0x3d, 0x1b, 0xd9, 0xe1, 0x18, 0xe7, 0xf9, 0x00,
    0xd0, 0xfd, 0x0c, 0xdf, 0xeb, 0xe2, 0x30, 0xf0, 0x2a, 0x00, 0x23, 0xf0,
    0xe4, 0xf6, 0xc6, 0x22, 0xe5, 0xfe, 0x21, 0x4e, 0xf7, 0xf2, 0xe7, 0xf0,
    0xe3, 0x2a, 0xf2, 0xd7, 0xe2, 0xf1, 0x29, 0xaa, 0xe3, 0xfd, 0xda, 0xe8,
    0xed, 0xc6, 0x26, 0x2b, 0xf1, 0x00, 0xf5, 0x00, 0xf6, 0xce, 0x15, 0x26,
    0x1a, 0xb8, 0x24, 0xde, 0x1f, 0x25, 0xdf, 0xd3, 0xea, 0x09, 0xdd, 0x10,
    0x09, 0x33, 0x4f, 0x10, 0x0e, 0xb7, 0xf8, 0xfd, 0xf0, 0xc8, 0x12, 0x81,
    0xd5, 0xfd, 0xde, 0x09, 0x0e, 0xd2, 0xe3, 0xf3, 0x2a, 0xc7, 0x2b, 0x8a,
    0x04, 0xe7, 0x17, 0xe1, 0xef, 0xc8, 0xef, 0xcf, 0xfe, 0x09, 0xf5, 0xcc,
    0x16, 0xf0, 0xda, 0xa3, 0xd7, 0xe0, 0x01, 0xbd, 0xf4, 0xe0, 0x2c, 0x27,
    0xfa, 0x01, 0x29, 0x0d, 0xf8, 0x3e, 0x1b, 0xff, 0x31, 0xf9, 0x28, 0xed,
    0x0a, 0xf9, 0x37, 0xdf, 0x61, 0x32, 0x2b, 0xec, 0xfe, 0xdb, 0xfa, 0xdc,
    0xf4, 0xe1, 0xe9, 0xcf, 0xe5, 0xea, 0xe4, 0x2f, 0xcc, 0x1f, 0x08, 0x15,
    0x13, 0x3f, 0x05, 0x1f, 0xe4, 0x03, 0x46, 0xf0, 0x36, 0xa7, 0xff, 0xff,
    0x04, 0x00, 0x00, 0x00, 0x78, 0x00, 0x00, 0x00, 0xaa, 0x5b, 0x00, 0x00,
    0x73, 0xb3, 0x00, 0x00, 0xdb, 0x67, 0x00, 0x00, 0x67, 0x53, 0x00, 0x00,
    0xd0, 0x60, 0xff, 0xff, 0xba, 0xfe, 0x00, 0x00, 0xa2, 0xa3, 0x00, 0x00,
    0x84, 0x08, 0xff, 0xff, 0xbc, 0x4d, 0xfe, 0xff, 0xc0, 0x5a, 0x00, 0x00,
    0x68, 0x8b, 0x00, 0x00, 0x5e, 0x57, 0x00, 0x00, 0x67, 0xf9, 0xfe, 0xff,
    0xdd, 0x23, 0x01, 0x00, 0x7c, 0x8e, 0xfe, 0xff, 0x47, 0xbf, 0x00, 0x00,
    0x79, 0xe2, 0x00, 0x00, 0x2d, 0x30, 0xff, 0xff, 0x83, 0xe5, 0x00, 0x00,
    0x1f, 0x85, 0x00, 0x00, 0x1d, 0xc2, 0x00, 0x00, 0x2a, 0x93, 0xff, 0xff,
    0xfa, 0x35, 0x01, 0x00, 0x23, 0x86, 0xfe, 0xff, 0x48, 0xd4, 0xff, 0xff,
    0xdb, 0xe2, 0xfd, 0xff, 0x7c, 0xf7, 0xff, 0xff, 0x54, 0x66, 0xff, 0xff,
    0x30, 0xdc, 0x00, 0x00, 0x99, 0x67, 0x00, 0x00, 0xba, 0xa7, 0xff, 0xff,
    0x04, 0x00, 0x00, 0x00, 0x96, 0x00, 0x00, 0x00, 0x4c, 0xf0, 0x3c, 0xaf,
    0xe4, 0x77, 0x03, 0x0e, 0x87, 0xc6, 0x48, 0x0a, 0xf2, 0xaf, 0xea, 0xf4,
    0x06, 0x32, 0xc3, 0x10, 0x35, 0x18, 0xea, 0x44, 0x4e, 0x7f, 0x39, 0x83,
    0x03, 0x7f, 0x81, 0x81, 0x95, 0x5a, 0x81, 0x0e, 0x85, 0x04, 0x81, 0x16,
    0x7f, 0x3d, 0x81, 0x99, 0xb5, 0x06, 0xa5, 0x37, 0xdb, 0x7f, 0x85, 0x37,
    0x26, 0x11, 0xd8, 0xfc, 0x3b, 0x5a, 0x2d, 0x35, 0x72, 0xed, 0x9b, 0xba,
    0x54, 0x12, 0x0d, 0xf5, 0xc4, 0xf7, 0xe9, 0x10, 0x83, 0x7f, 0x7f, 0x78,
    0x28, 0x8a, 0xf6, 0x0a, 0x7f, 0xfa, 0xd4, 0x5f, 0x99, 0xbc, 0x79, 0x52,
    0x7f, 0x05, 0x01, 0xa3, 0x8b, 0x7f, 0x95, 0x3d, 0x52, 0x12, 0x53, 0x16,
    0xc2, 0xe6, 0x31, 0xb8, 0xe3, 0x7f, 0x7f, 0x81, 0xdc, 0x08, 0x0f, 0xb3,
    0xa3, 0x24, 0x7f, 0xe7, 0xf6, 0x81, 0x23, 0x8e, 0x59, 0x69, 0x7f, 0xe5,
    0x03, 0x81, 0x81, 0x81, 0x14, 0x7f, 0x96, 0x7f, 0x1c, 0xa0, 0xae, 0x25,
    0x46, 0x26, 0x81, 0x8c, 0x78, 0x81, 0x81, 0x7f, 0x2f, 0xd8, 0x7f, 0x14,
    0xf9, 0xad, 0x00, 0x00, 0x5e, 0xa8, 0xff, 0xff, 0x04, 0x00, 0x00, 0x00,
    0x78, 0x00, 0x00, 0x00, 0xff, 0x02, 0x00, 0x00, 0x5d, 0x00, 0x00, 0x00,
    0xee, 0xfc, 0xff, 0xff, 0xe3, 0xff, 0xff, 0xff, 0x55, 0xff, 0xff, 0xff,
    0x12, 0x06, 0x00, 0x00, 0x01, 0xfd, 0xff, 0xff, 0x6e, 0xfe, 0xff, 0xff,
    0xbd, 0xfe, 0xff, 0xff, 0x79, 0x03, 0x00, 0x00, 0x35, 0x02, 0x00, 0x00,
    0x0f, 0x00, 0x00, 0x00, 0xf2, 0x00, 0x00, 0x00, 0x85, 0xfb, 0xff, 0xff,
    0xba, 0x02, 0x00, 0x00, 0xee, 0x01, 0x00, 0x00, 0x98, 0xfd, 0xff, 0xff,
    0x1c, 0x00, 0x00, 0x00, 0x30, 0x01, 0x00, 0x00, 0x51, 0xff, 0xff, 0xff,
    0xd0, 0x04, 0x00, 0x00, 0x76, 0x00, 0x00, 0x00, 0x20, 0x04, 0x00, 0x00,
    0x43, 0x06, 0x00, 0x00, 0x94, 0xfa, 0xff, 0xff, 0x5c, 0x01, 0x00, 0x00,
    0xf3, 0xfb, 0xff, 0xff, 0x59, 0x01, 0x00, 0x00, 0x0f, 0x00, 0x00, 0x00,
    0x6c, 0xfd, 0xff, 0xff, 0xe2, 0xa8, 0xff, 0xff, 0x04, 0x00, 0x00, 0x00,
    0x08, 0x07, 0x00, 0x00, 0xe1, 0xf3, 0xe4, 0x1f, 0xe5, 0x56, 0xf2, 0x1b,
    0x14, 0xe9, 0x38, 0x48, 0x60, 0x22, 0x49, 0xe3, 0xb9, 0x4e, 0x1a, 0xdd,
    0x0f, 0x36, 0x05, 0x38, 0x12, 0xfb, 0x08, 0x0b, 0xc3, 0x81, 0x62, 0xd0,
    0xf4, 0x1f, 0xef, 0x24, 0x0e, 0x29, 0xfd, 0xb4, 0xf4, 0x4c, 0x62, 0x01,
    0xe9, 0x0a, 0x0f, 0x35, 0x5b, 0x01, 0x7f, 0x18, 0x47, 0xac, 0xbf, 0xcb,
    0x20, 0x60, 0x1d, 0xba, 0x81, 0x2c, 0xb6, 0x84, 0xd1, 0xae, 0x98, 0xc0,
    0x2f, 0x5f, 0xc6, 0x10, 0xb5, 0x1a, 0x0c, 0x1e, 0x29, 0x1e, 0xbd, 0xce,
    0x76, 0xe9, 0x94, 0x18, 0x96, 0x3e, 0xeb, 0x35, 0x0a, 0x04, 0x6f, 0x37,
    0xcc, 0x57, 0x9d, 0xfc, 0x2e, 0xe2, 0x00, 0x3c, 0x19, 0x55, 0x60, 0xc7,
    0xe6, 0x35, 0x97, 0x31, 0xd5, 0x7f, 0x21, 0xb9, 0x53, 0xdd, 0x51, 0x62,
    0x51, 0x0f, 0x4f, 0xd8, 0xed, 0x59, 0xf1, 0x0d, 0x37, 0x19, 0xc1, 0x59,
    0x1f, 0x1e, 0x14, 0xe2, 0xfc, 0xca, 0x12, 0xc3, 0xcc, 0x45, 0xe9, 0xb9,
    0x81, 0x15, 0x07, 0xd4, 0xed, 0x0b, 0xdb, 0xe9, 0xd7, 0x3e, 0x1e, 0xe8,
    0x06, 0x8c, 0x46, 0x04, 0x1c, 0x18, 0x1d, 0x10, 0xc8, 0x0b, 0x19, 0xea,
    0xc9, 0x59, 0x14, 0xde, 0x15, 0x2b, 0xc4, 0x3f, 0x53, 0xd1, 0xdf, 0x9e,
    0x1b, 0x42, 0x7f, 0x67, 0x20, 0xd5, 0xd6, 0x00, 0xf7, 0xed, 0xed, 0x0d,
    0xc9, 0xe3, 0xed, 0x76, 0xd3, 0x4f, 0x7f, 0xe7, 0xf3, 0x8b, 0xdb, 0x3c,
    0xe2, 0xc1, 0xb3, 0xcb, 0x54, 0xb8, 0xc1, 0xda, 0x1c, 0xba, 0x0a, 0xeb,
    0x47, 0x7c, 0x3c, 0x9c, 0x74, 0xa1, 0xa1, 0xe9, 0x0a, 0xf5, 0xf8, 0xba,
    0xa8, 0x02, 0xd6, 0xf8, 0x0a, 0xdf, 0xd4, 0x81, 0xfb, 0x29, 0x15, 0x8b,
    0xb5, 0xc5, 0xff, 0xeb, 0xb1, 0xb7, 0x3d, 0x19, 0x20, 0xfd, 0x1b, 0xbc,
    0x1d, 0x96, 0xd9, 0x68, 0x9a, 0x1c, 0x07, 0xe1, 0xb6, 0x74, 0x97, 0xde,
    0x0f, 0xa9, 0xd4, 0xed, 0x81, 0xd8, 0xba, 0x13, 0x3a, 0x63, 0x01, 0x4e,
    0xf6, 0x23, 0xd9, 0xbb, 0x27, 0xcc, 0x1f, 0x14, 0x6a, 0xa4, 0x11, 0x7f,
    0xcc, 0xe9, 0x35, 0xe5, 0xb3, 0x20, 0x6d, 0x1e, 0x0a, 0xec, 0x3d, 0xf7,
    0xf0, 0xe4, 0x00, 0xe2, 0x51, 0xf3, 0xd0, 0xe1, 0x81, 0xd3, 0xef, 0x26,
    0xf9, 0xc2, 0x10, 0x44, 0xcf, 0x57, 0xf0, 0xd0, 0xcb, 0xd6, 0x28, 0xe3,
    0x06, 0xcc, 0xd0, 0xbc, 0xb8, 0xf5, 0x30, 0xe4, 0xe6, 0x98, 0x73, 0xc2,
    0xcc, 0xfa, 0x15, 0x19, 0xbb, 0x1b, 0xf1, 0x94, 0x08, 0x81, 0x64, 0xec,
    0xca, 0xa3, 0xde, 0xe3, 0x1b, 0xcf, 0xde, 0x98, 0xde, 0x21, 0x00, 0x39,
    0x03, 0x11, 0xcb, 0xaa, 0x06, 0xca, 0xf4, 0xf9, 0x24, 0x4d, 0x6e, 0x61,
    0xd4, 0xff, 0x7f, 0xda, 0x4d, 0x36, 0x65, 0x22, 0xd0, 0x38, 0x6f, 0x2e,
    0x3d, 0xc7, 0x27, 0xa8, 0xc0, 0x07, 0xa3, 0x7e, 0xff, 0x4f, 0xce, 0x09,
    0x22, 0xda, 0x46, 0x48, 0x10, 0xfc, 0xfb, 0xac, 0x48, 0xad, 0xc5, 0xf2,
    0x0b, 0x12, 0x44, 0x21, 0x9b, 0x0d, 0x66, 0xec, 0x81, 0xd6, 0x12, 0xbe,
    0xd2, 0x11, 0xf4, 0xd4, 0xe9, 0xf0, 0xda, 0x3a, 0xf2, 0x22, 0x09, 0xc4,
    0x48, 0xbf, 0x1d, 0xc9, 0xe6, 0x03, 0x34, 0xc2, 0x81, 0xb6, 0x06, 0x03,
    0xb6, 0x22, 0x01, 0xd3, 0xbf, 0xe0, 0xe8, 0x2e, 0x0c, 0x05, 0x00, 0x28,
    0xcc, 0xff, 0x42, 0x0f, 0xf0, 0xe0, 0x31, 0xf6, 0x14, 0x81, 0x1d, 0xc4,
    0x3b, 0xe8, 0xea, 0x1c, 0xe3, 0x11, 0x17, 0xd3, 0x0e, 0x05, 0xdd, 0xec,
    0xe6, 0x07, 0xd4, 0xb2, 0xf9, 0x81, 0xea, 0x0e, 0x41, 0x28, 0xe2, 0xfe,
    0xb6, 0x43, 0xb4, 0xd1, 0x4c, 0xe7, 0xec, 0x36, 0xea, 0xab, 0x5b, 0x5e,
    0xee, 0x70, 0x54, 0xa8, 0xfe, 0xfa, 0xb5, 0xf8, 0x2d, 0x0c, 0x51, 0xbc,
    0x2e, 0xf5, 0xb7, 0x52, 0x1a, 0x09, 0x74, 0x08, 0x3b, 0x7f, 0x43, 0xdd,
    0xd2, 0x08, 0x3e, 0x04, 0xcb, 0x93, 0x2d, 0xb1, 0xfa, 0x27, 0x5e, 0x8c,
    0x31, 0xb1, 0x93, 0x1e, 0xdb, 0x53, 0x33, 0xfb, 0xb8, 0x4c, 0x5e, 0xf5,
    0x9b, 0x0a, 0x7f, 0x25, 0x06, 0xe9, 0xbe, 0xfc, 0x53, 0xc0, 0x9c, 0xc7,
    0x05, 0x86, 0xe7, 0xa8, 0xa7, 0xd8, 0xfa, 0xa0, 0xcb, 0x52, 0x3d, 0xf1,
    0xe6, 0x9e, 0x05, 0xdc, 0x77, 0xf1, 0xf5, 0xf0, 0x91, 0xe9, 0x9f, 0xea,
    0x2f, 0x06, 0xb9, 0x1c, 0xc3, 0xea, 0xb3, 0x17, 0x23, 0xca, 0x81, 0x17,
    0xd7, 0xfb, 0x11, 0xb4, 0xd2, 0xf2, 0x2c, 0xb3, 0x25, 0x59, 0x0f, 0x2a,
    0x07, 0x0c, 0x11, 0xf3, 0xe4, 0x29, 0xf8, 0x81, 0xa8, 0xd4, 0xed, 0xd1,
    0x11, 0x37, 0xcc, 0xa3, 0xa6, 0xe1, 0xd5, 0xe6, 0x46, 0x57, 0xcc, 0x09,
    0x9b, 0x5c, 0x44, 0x11, 0x5e, 0xe4, 0x57, 0x20, 0x16, 0x1f, 0x53, 0x6f,
    0xde, 0x32, 0x26, 0xe6, 0xed, 0x81, 0x4b, 0x51, 0xa9, 0x2a, 0xb8, 0x22,
    0xf7, 0x29, 0xfc, 0xc4, 0xeb, 0x31, 0x81, 0x1b, 0xf1, 0xfe, 0xb5, 0xda,
    0xda, 0xeb, 0xf4, 0x28, 0x09, 0x35, 0xb8, 0x47, 0xec, 0x40, 0xc2, 0x03,
    0x17, 0xe7, 0xd6, 0x03, 0x05, 0x04, 0xe0, 0xe3, 0xfe, 0xfd, 0xad, 0xf4,
    0xae, 0x28, 0x11, 0x1e, 0x53, 0x53, 0xc9, 0x0d, 0x1d, 0x42, 0x14, 0xe9,
    0xab, 0x06, 0xd0, 0x4f, 0xc0, 0x7f, 0x43, 0x41, 0xa5, 0xb0, 0x3d, 0x29,
    0x8c, 0xae, 0x19, 0x59, 0xe5, 0x0b, 0xaf, 0xe9, 0xed, 0x46, 0x59, 0x8e,
    0x5e, 0x43, 0x4d, 0x42, 0xe4, 0xca, 0xbb, 0x83, 0xef, 0xaf, 0x5a, 0x45,
    0xdf, 0xd8, 0x0d, 0xcc, 0x50, 0xcb, 0x7f, 0xb3, 0x17, 0x53, 0xe5, 0x61,
    0x32, 0xf2, 0xfe, 0x05, 0xf0, 0xe1, 0xbf, 0xa7, 0x20, 0xd5, 0x24, 0xb2,
    0xf7, 0x98, 0xb8, 0x3d, 0xe9, 0xde, 0xf9, 0x22, 0x0c, 0x2e, 0xc2, 0x1d,
    0xcd, 0x20, 0xe5, 0x81, 0x29, 0x1d, 0xd3, 0xf2, 0xd9, 0x57, 0xb1, 0x26,
    0x29, 0xb1, 0x1f, 0x27, 0x9e, 0xf8, 0xee, 0x16, 0x58, 0x38, 0x4b, 0x7f,
    0xb1, 0x3e, 0x2e, 0xb5, 0xb3, 0xd6, 0xf8, 0xf8, 0xb7, 0x0d, 0xce, 0x1a,
    0x30, 0xbe, 0x4a, 0xf0, 0x7d, 0xa9, 0x6d, 0x74, 0xf1, 0x61, 0xc7, 0xe1,
    0xeb, 0x74, 0x74, 0x40, 0x69, 0x81, 0x13, 0xe8, 0x15, 0x9f, 0x64, 0x88,
    0x42, 0x2e, 0x9f, 0xf0, 0x50, 0xd2, 0x29, 0xb1, 0x2d, 0x03, 0x0f, 0xd0,
    0x2d, 0x9a, 0x0b, 0xa2, 0x0a, 0x31, 0xc6, 0x99, 0xe6, 0xe5, 0x1a, 0xa3,
    0xd9, 0xda, 0x7f, 0x44, 0xf9, 0xcb, 0x3c, 0xf5, 0xc1, 0x14, 0x21, 0x99,
    0x29, 0xa5, 0x7f, 0xbe, 0x3d, 0xc9, 0x1a, 0xab, 0xf5, 0xe0, 0x2a, 0x03,
    0x07, 0x4e, 0xda, 0x19, 0xb5, 0x0e, 0x1a, 0xdd, 0x21, 0x1b, 0x05, 0x8e,
    0xff, 0x68, 0x30, 0xda, 0xe2, 0x5b, 0x31, 0xd6, 0x19, 0x1d, 0xcc, 0x7f,
    0x1f, 0x0e, 0x0a, 0xef, 0xf7, 0x47, 0x4e, 0x2f, 0xea, 0x02, 0x76, 0x0e,
    0x64, 0x28, 0x4c, 0x2c, 0xb0, 0xbe, 0xcf, 0xab, 0x51, 0x17, 0xd5, 0xb4,
    0x03, 0x7d, 0x5e, 0xde, 0x04, 0xfc, 0x34, 0xbd, 0x1c, 0xd7, 0xd7, 0x4d,
    0xe6, 0x34, 0x7f, 0x1a, 0x60, 0xac, 0x3b, 0x3e, 0xc6, 0xbc, 0x49, 0xad,
    0x18, 0x0a, 0x5d, 0x04, 0xb2, 0x0d, 0xad, 0xc8, 0xd1, 0x28, 0x1d, 0xd1,
    0xd9, 0x4f, 0x15, 0x2e, 0x67, 0x5b, 0xc9, 0x6c, 0xf2, 0x3f, 0xc1, 0xad,
    0xb9, 0xeb, 0x81, 0xf5, 0x53, 0xc2, 0x50, 0xfb, 0x46, 0xe8, 0x47, 0xcc,
    0x06, 0xf8, 0xe1, 0x52, 0x22, 0x27, 0x07, 0x15, 0xd2, 0x04, 0x32, 0xf4,
    0x19, 0x0d, 0x11, 0x1c, 0x7f, 0xec, 0x22, 0x2b, 0x1e, 0x2e, 0xfd, 0xf4,
    0xff, 0xee, 0xd4, 0xf0, 0x06, 0xbd, 0x45, 0xb3, 0x04, 0x03, 0x02, 0x28,
    0xac, 0x20, 0x04, 0xdc, 0x2f, 0x3b, 0xcd, 0xcc, 0xed, 0x7f, 0xb8, 0xba,
    0x56, 0x40, 0x2e, 0xe1, 0x31, 0x34, 0x16, 0x1f, 0xb3, 0xd1, 0xb7, 0x95,
    0x6c, 0x2b, 0xf4, 0xac, 0x28, 0x19, 0x7f, 0xeb, 0xb2, 0x2e, 0x15, 0x9d,
    0xe0, 0x3a, 0x5a, 0x0a, 0xef, 0x43, 0xf0, 0x3c, 0x5b, 0x42, 0x35, 0x1c,
    0x08, 0xe0, 0x3a, 0x5a, 0x34, 0xca, 0x04, 0x7b, 0x6f, 0x29, 0x27, 0x7c,
    0xb1, 0xd6, 0x94, 0xd4, 0xe1, 0x54, 0xd6, 0x81, 0xca, 0xd2, 0xff, 0x7c,
    0x18, 0x27, 0x9b, 0xcd, 0xe0, 0xc7, 0x1e, 0x06, 0x5f, 0x9d, 0x19, 0x3b,
    0x3d, 0x4e, 0x81, 0x8d, 0x1b, 0x02, 0xb1, 0x49, 0x14, 0xeb, 0xcb, 0xda,
    0xca, 0x00, 0xfb, 0x98, 0x06, 0x4a, 0xda, 0xf9, 0x1a, 0x4b, 0xdb, 0x35,
    0xd0, 0x49, 0x84, 0x68, 0x13, 0xb0, 0x4e, 0x06, 0xe7, 0x5a, 0xd6, 0xe2,
    0xb4, 0xbf, 0x6a, 0x9b, 0x19, 0xee, 0xbb, 0x1a, 0x08, 0xca, 0xa7, 0xac,
    0xea, 0x81, 0x40, 0xf0, 0x9d, 0x41, 0x00, 0x04, 0xad, 0x13, 0xd6, 0x56,
    0xc7, 0xbd, 0x1c, 0x2c, 0x2e, 0x38, 0x3c, 0xd7, 0x18, 0xed, 0x06, 0xeb,
    0xcc, 0x81, 0xfc, 0xa2, 0x32, 0xdb, 0x3f, 0xf4, 0x93, 0xdf, 0x37, 0xe8,
    0x08, 0x1d, 0x3a, 0xe0, 0x03, 0xdd, 0x3a, 0xcf, 0xcb, 0x5a, 0x30, 0x2d,
    0x02, 0x81, 0x42, 0xc3, 0x20, 0xa8, 0x69, 0xbb, 0xca, 0x33, 0x2f, 0x26,
    0xe7, 0xf5, 0xb6, 0xcc, 0xac, 0x54, 0x3c, 0x4a, 0xda, 0xf7, 0x1e, 0xc4,
    0xf6, 0x1d, 0xec, 0x06, 0xe7, 0x36, 0x28, 0x03, 0x31, 0xf0, 0xef, 0xb8,
    0x24, 0xa3, 0xe4, 0xd4, 0x19, 0xed, 0x4e, 0xe2, 0x42, 0xed, 0x0a, 0x2c,
    0xc6, 0x7f, 0xe7, 0x05, 0xac, 0x0e, 0x1b, 0x05, 0x1e, 0x10, 0x7f, 0xe1,
    0x2a, 0xc8, 0x1e, 0x44, 0x0a, 0x08, 0x34, 0x38, 0x10, 0xe9, 0x30, 0x05,
    0xd3, 0xcd, 0xe6, 0xed, 0x10, 0x14, 0x41, 0x43, 0x03, 0xad, 0x3d, 0x3b,
    0xac, 0xe7, 0x06, 0x0d, 0xba, 0x49, 0x4a, 0xbb, 0xe2, 0xdd, 0xbb, 0xad,
    0x7f, 0x2b, 0xa1, 0x5f, 0x14, 0x01, 0x3c, 0xdd, 0x19, 0x9e, 0xf3, 0x12,
    0x99, 0xb2, 0xc5, 0xac, 0x4e, 0xdc, 0xf4, 0xf3, 0x1a, 0x7f, 0x31, 0x18,
    0xcc, 0xcc, 0xe1, 0x43, 0xf7, 0xf1, 0x21, 0xf5, 0x4c, 0x0e, 0x42, 0xac,
    0x43, 0x5d, 0x50, 0x0b, 0x1b, 0x12, 0xcb, 0x11, 0x06, 0x38, 0xab, 0x35,
    0x21, 0x7b, 0x70, 0xb5, 0x37, 0x17, 0x3d, 0x38, 0x35, 0x34, 0x4f, 0x4c,
    0x14, 0xe9, 0x09, 0x8f, 0xed, 0xd3, 0x81, 0x32, 0xb9, 0x0f, 0x9b, 0xdf,
    0x3b, 0xf7, 0xb9, 0x4b, 0x2c, 0xc2, 0xda, 0xf0, 0xfc, 0xe7, 0xf6, 0xb6,
    0xe9, 0x2e, 0x13, 0x33, 0x31, 0x1e, 0x7f, 0xf2, 0xed, 0x21, 0x2e, 0x83,
    0x19, 0xaf, 0x9b, 0x63, 0x21, 0x7d, 0x72, 0xed, 0xb2, 0xa4, 0xe8, 0xf7,
    0x16, 0xfc, 0x14, 0x20, 0xb7, 0xb3, 0x57, 0xcd, 0x8f, 0x4d, 0xab, 0x81,
    0x15, 0x08, 0x34, 0xf7, 0xed, 0x3c, 0x13, 0xd0, 0xae, 0xd0, 0xad, 0xc6,
    0xf9, 0xf1, 0x68, 0x2d, 0x1d, 0x0c, 0x38, 0x5c, 0x13, 0x0c, 0x8a, 0x26,
    0x20, 0x81, 0xec, 0x20, 0xc9, 0x96, 0xdf, 0x46, 0x41, 0x28, 0xfe, 0xcf,
    0xf1, 0x11, 0x9d, 0xd2, 0x09, 0xcb, 0xef, 0x22, 0x21, 0x16, 0xc9, 0xe9,
    0x7f, 0xf8, 0x05, 0x0a, 0xaa, 0x97, 0x38, 0xd1, 0x10, 0xd5, 0x35, 0xe4,
    0xbe, 0xb7, 0x25, 0xf3, 0xba, 0xae, 0x00, 0x1d, 0xe0, 0xba, 0x47, 0xf1,
    0x0d, 0x01, 0x43, 0xd7, 0x32, 0xec, 0x1f, 0xdc, 0xdf, 0xdc, 0x48, 0xd1,
    0xff, 0x26, 0x1f, 0xad, 0x0a, 0x12, 0x0f, 0xf3, 0x12, 0xe2, 0x28, 0xac,
    0x20, 0xce, 0x3e, 0x44, 0xcc, 0x81, 0x1a, 0x2b, 0xd2, 0xd3, 0x29, 0xb9,
    0x0e, 0x20, 0xe2, 0xfa, 0xa6, 0x78, 0x33, 0x41, 0x95, 0xd4, 0x1a, 0xa9,
    0x7f, 0xa1, 0xa5, 0x2b, 0x26, 0x72, 0xc7, 0x00, 0x1b, 0xd1, 0x15, 0xd5,
    0x3a, 0xea, 0xb7, 0xe7, 0x68, 0x58, 0x11, 0x2e, 0xdc, 0xc5, 0xb8, 0x1a,
    0x49, 0x81, 0x3e, 0x29, 0x5d, 0x3f, 0x71, 0xb0, 0x05, 0xc4, 0xaf, 0x4f,
    0x5b, 0xa5, 0xe1, 0xf9, 0xb2, 0x2a, 0x15, 0x03, 0x08, 0x15, 0xf6, 0xa2,
    0xb9, 0x30, 0x20, 0x39, 0x3e, 0xf9, 0x02, 0x72, 0x92, 0x08, 0x29, 0x22,
    0x43, 0xad, 0xe0, 0x29, 0xe1, 0xa7, 0x2c, 0x99, 0x3d, 0xc5, 0x10, 0x16,
    0x0a, 0x11, 0x65, 0x7f, 0x2c, 0x47, 0x20, 0x11, 0xcc, 0x04, 0x0f, 0x0f,
    0xef, 0xdc, 0xc2, 0xeb, 0x1c, 0x19, 0x2a, 0x4d, 0x5f, 0xbe, 0xb6, 0x81,
    0xf8, 0x02, 0xa6, 0x2a, 0xff, 0x32, 0xed, 0x0a, 0xce, 0xda, 0x38, 0xbf,
    0x24, 0xa1, 0x0c, 0x4e, 0xa3, 0x81, 0xaa, 0xfb, 0xe9, 0x67, 0x42, 0xa4,
    0xbd, 0xda, 0xfd, 0x2a, 0x4c, 0x1f, 0xdc, 0x47, 0xfd, 0x84, 0x0f, 0xf2,
    0xab, 0x62, 0x96, 0x5c, 0x36, 0x1c, 0x15, 0xd2, 0xfd, 0x97, 0x03, 0x2e,
    0xe0, 0x2a, 0xd2, 0xf3, 0xa1, 0x5a, 0x28, 0x13, 0xba, 0x2d, 0xd2, 0xde,
    0xe6, 0xa2, 0x28, 0xce, 0x2b, 0xff, 0x05, 0x4a, 0xc6, 0x81, 0x77, 0x04,
    0x5c, 0x42, 0xe1, 0x87, 0x72, 0xc7, 0x15, 0x00, 0xda, 0xd3, 0x72, 0x6c,
    0xd6, 0xf4, 0xe4, 0x7f, 0x36, 0x4e, 0x3a, 0xd5, 0xd5, 0x1b, 0x15, 0x27,
    0x3e, 0x96, 0x51, 0xfc, 0x1a, 0xf0, 0x34, 0x16, 0xc2, 0x9b, 0xbb, 0x47,
    0x35, 0xe2, 0x11, 0x38, 0xe3, 0xb3, 0x3f, 0x1e, 0x39, 0x7f, 0x51, 0x19,
    0xb4, 0x49, 0xea, 0xc0, 0xcd, 0xe0, 0xc4, 0x02, 0x3a, 0xe4, 0xf0, 0x13,
    0x3f, 0x24, 0x2e, 0x22, 0x2a, 0xfd, 0xe1, 0x20, 0xf0, 0x1d, 0xf8, 0xd3,
    0x3d, 0xf3, 0x81, 0xe0, 0x1a, 0xfc, 0x11, 0xf8, 0x03, 0xd5, 0x17, 0xfb,
    0x1c, 0xd6, 0xf3, 0xe4, 0xf6, 0xaf, 0xff, 0xff, 0x04, 0x00, 0x00, 0x00,
    0xf0, 0x00, 0x00, 0x00, 0x41, 0x0b, 0x00, 0x00, 0xb8, 0x0a, 0x00, 0x00,
    0xba, 0xd2, 0xff, 0xff, 0x4f, 0xef, 0xff, 0xff, 0xcc, 0x1c, 0x00, 0x00,
    0xd8, 0x00, 0x00, 0x00, 0xe0, 0xe9, 0xff, 0xff, 0xf1, 0xf5, 0xff, 0xff,
    0xc9, 0xfc, 0xff, 0xff, 0x6f, 0x05, 0x00, 0x00, 0x8b, 0xff, 0xff, 0xff,
    0x59, 0xfc, 0xff, 0xff, 0x83, 0x25, 0x00, 0x00, 0x55, 0xe5, 0xff, 0xff,
    0x0e, 0x19, 0x00, 0x00, 0xe1, 0x05, 0x00, 0x00, 0x26, 0x09, 0x00, 0x00,
    0x25, 0xe8, 0xff, 0xff, 0xef, 0xf4, 0xff, 0xff, 0x34, 0x0f, 0x00, 0x00,
    0x4a, 0x11, 0x00, 0x00, 0xe6, 0xf7, 0xff, 0xff, 0x4b, 0xe4, 0xff, 0xff,
    0xde, 0xfa, 0xff, 0xff, 0xd4, 0x05, 0x00, 0x00, 0xfa, 0x0c, 0x00, 0x00,
    0x23, 0x10, 0x00, 0x00, 0x9e, 0x0f, 0x00, 0x00, 0xeb, 0x20, 0x00, 0x00,
    0x35, 0xfa, 0xff, 0xff, 0xa8, 0x0f, 0x00, 0x00, 0x31, 0x04, 0x00, 0x00,
    0x54, 0xe2, 0xff, 0xff, 0x67, 0x08, 0x00, 0x00, 0x7a, 0x0c, 0x00, 0x00,
    0xc8, 0xfe, 0xff, 0xff, 0x63, 0x09, 0x00, 0x00, 0x3e, 0xf8, 0xff, 0xff,
    0xf3, 0xf0, 0xff, 0xff, 0x80, 0x04, 0x00, 0x00, 0x2f, 0x17, 0x00, 0x00,
    0xe0, 0x04, 0x00, 0x00, 0xf3, 0x0a, 0x00, 0x00, 0x65, 0x10, 0x00, 0x00,
    0x41, 0x04, 0x00, 0x00, 0xac, 0x1c, 0x00, 0x00, 0xe4, 0xe2, 0xff, 0xff,
    0x41, 0xe0, 0xff, 0xff, 0x78, 0xeb, 0xff, 0xff, 0xc3, 0xfc, 0xff, 0xff,
    0xa6, 0x03, 0x00, 0x00, 0xbf, 0x19, 0x00, 0x00, 0xc4, 0xfc, 0xff, 0xff,
    0x1d, 0x00, 0x00, 0x00, 0xf6, 0xe6, 0xff, 0xff, 0x7c, 0x03, 0x00, 0x00,
    0x36, 0x10, 0x00, 0x00, 0x27, 0x0c, 0x00, 0x00, 0x69, 0x0b, 0x00, 0x00,
    0x18, 0x0c, 0x00, 0x00, 0xf2, 0xb0, 0xff, 0xff, 0x04, 0x00, 0x00, 0x00,
    0x1c, 0x02, 0x00, 0x00, 0x09, 0x7f, 0xdc, 0x37, 0x61, 0xed, 0xdd, 0x1c,
    0x2d, 0x78, 0x72, 0x14, 0xb0, 0x20, 0x14, 0xe9, 0xe7, 0x41, 0x39, 0xe9,
    0x17, 0x17, 0x26, 0xda, 0xa9, 0x52, 0x4d, 0xfb, 0xf4, 0xaf, 0xf4, 0xae,
    0x2a, 0x22, 0x99, 0x92, 0x36, 0x59, 0x02, 0xb1, 0x91, 0x81, 0xdf, 0x24,
    0xb1, 0xa4, 0x2b, 0x31, 0xf4, 0xf8, 0x3c, 0xa0, 0x07, 0x19, 0x81, 0x5e,
    0x81, 0x81, 0xbd, 0x0a, 0xdd, 0xec, 0x28, 0x0d, 0x1d, 0x57, 0xce, 0x22,
    0xb3, 0x27, 0x3a, 0xf0, 0xcb, 0x45, 0x7f, 0x7f, 0xfb, 0x45, 0xe7, 0x23,
    0xe9, 0x2a, 0xf5, 0x18, 0x07, 0x73, 0x7f, 0x9e, 0x0c, 0xa1, 0x01, 0xe6,
    0x2a, 0xaf, 0xeb, 0xfe, 0x85, 0x4e, 0xd6, 0x81, 0x81, 0x17, 0x58, 0x5e,
    0x4e, 0x0d, 0x97, 0xec, 0x18, 0x12, 0xf7, 0x93, 0x72, 0x34, 0x92, 0x19,
    0x87, 0x9a, 0xe6, 0xeb, 0xef, 0xb8, 0x73, 0x3c, 0xf6, 0xcc, 0xb9, 0x62,
    0x20, 0x95, 0x2e, 0xb1, 0x81, 0x22, 0xbf, 0x71, 0x11, 0x7f, 0xbf, 0x27,
    0xdf, 0x4f, 0x1a, 0x5d, 0xb6, 0x7f, 0x21, 0x41, 0xb3, 0xe5, 0xe3, 0x48,
    0xbe, 0x33, 0x49, 0xd7, 0xdb, 0x27, 0x35, 0x23, 0xa2, 0x39, 0xb9, 0x41,
    0x2e, 0x3f, 0x8f, 0x0a, 0xed, 0xd9, 0xbe, 0x60, 0xfb, 0xe8, 0xd8, 0x39,
    0x35, 0x83, 0xec, 0xb8, 0x03, 0xf8, 0x9e, 0xe4, 0x2e, 0x81, 0x81, 0x16,
    0x41, 0x56, 0x3f, 0xf4, 0x94, 0x13, 0x81, 0x0b, 0x14, 0x12, 0x9b, 0x26,
    0x9a, 0x47, 0x31, 0x6e, 0xa4, 0x51, 0xd3, 0x7f, 0x0e, 0xdf, 0x11, 0xaf,
    0xea, 0x60, 0x48, 0x2d, 0xba, 0x53, 0x06, 0xbe, 0x11, 0x8c, 0x6e, 0xd0,
    0x64, 0x55, 0x81, 0xea, 0xff, 0x0d, 0x81, 0x6b, 0x3e, 0xdf, 0x17, 0x12,
    0x32, 0xcf, 0xf5, 0xfd, 0x81, 0xcf, 0x1b, 0xf8, 0xf1, 0x32, 0x51, 0x66,
    0xd2, 0x7f, 0x2b, 0x13, 0x72, 0xf7, 0x8f, 0x27, 0xf2, 0x9d, 0xfd, 0x15,
    0x81, 0x5c, 0x1b, 0x42, 0xce, 0xdf, 0x3a, 0xfe, 0x55, 0x24, 0xf2, 0xb8,
    0x35, 0x60, 0x08, 0x21, 0xd3, 0xa6, 0xf9, 0xe0, 0xd9, 0xf4, 0xd2, 0xc0,
    0x23, 0x9e, 0x32, 0x1a, 0x0c, 0xf4, 0xa6, 0xd3, 0x64, 0x18, 0x44, 0x7f,
    0x4a, 0xcf, 0x31, 0xbb, 0xc4, 0x1b, 0x27, 0x28, 0xd2, 0xe8, 0x1d, 0x4d,
    0x0a, 0x53, 0x6f, 0x18, 0x55, 0xda, 0xd3, 0x32, 0x0c, 0xba, 0x12, 0xd0,
    0xfa, 0x7f, 0x03, 0xdb, 0xd9, 0x23, 0xbc, 0xb8, 0x54, 0x7f, 0xfb, 0x81,
    0x27, 0x2b, 0xaf, 0x69, 0x7f, 0x81, 0xb1, 0xf9, 0x39, 0x58, 0x87, 0xe7,
    0x04, 0x81, 0x37, 0xa3, 0x1c, 0xeb, 0x0b, 0x3a, 0x7f, 0xfd, 0x56, 0x50,
    0xfd, 0x42, 0x1f, 0x45, 0x40, 0x15, 0xf1, 0xae, 0x9d, 0xf1, 0x61, 0xa3,
    0x5d, 0x08, 0xd2, 0x3b, 0x35, 0xbf, 0x14, 0xc1, 0x2f, 0xb2, 0xd5, 0xe5,
    0x1e, 0xa9, 0xf3, 0xe7, 0xe4, 0x21, 0xd5, 0x09, 0x6c, 0xd3, 0xcb, 0xab,
    0x42, 0x2c, 0xfb, 0x78, 0x24, 0x9c, 0xeb, 0x1f, 0x4f, 0x08, 0x01, 0x81,
    0x81, 0xe7, 0x04, 0xbc, 0x19, 0x28, 0xb2, 0xa2, 0x11, 0x50, 0x41, 0xf4,
    0xf4, 0x14, 0x2f, 0x7f, 0x63, 0xd6, 0x7f, 0xda, 0x81, 0x41, 0xf2, 0x81,
    0x9c, 0xe4, 0xc7, 0x7f, 0xdb, 0x81, 0x0e, 0x0b, 0x3e, 0x01, 0x36, 0xc9,
    0xdc, 0x13, 0xb9, 0xb0, 0xab, 0xd3, 0x8e, 0xa0, 0x1c, 0xf7, 0x23, 0xc6,
    0x1f, 0xea, 0x9b, 0x7f, 0xfa, 0x9e, 0x49, 0xc1, 0x2d, 0x2c, 0x7f, 0x9f,
    0xab, 0xc6, 0x18, 0x35, 0xe5, 0xfb, 0xc0, 0xbc, 0x30, 0x2b, 0xf8, 0x53,
    0xe3, 0xb5, 0x18, 0xd6, 0x1b, 0xd8, 0xc9, 0x81, 0x09, 0x46, 0x16, 0x4e,
    0x7f, 0x0d, 0x81, 0x18, 0x75, 0x8e, 0xda, 0xe7, 0x7f, 0x23, 0x7f, 0x81,
    0x0e, 0xdd, 0x81, 0x81, 0x81, 0xc0, 0xd1, 0xc1, 0x7f, 0x4a, 0x7f, 0x9c,
    0x81, 0x81, 0x81, 0xcb, 0xb0, 0xcf, 0x7f, 0x96, 0xb5, 0x67, 0x59, 0xc9,
    0xc0, 0x3c, 0x48, 0x7f, 0x81, 0x7f, 0xcb, 0x7f, 0x39, 0x7f, 0x04, 0x14,
    0x20, 0x03, 0x7f, 0xe2, 0x1a, 0xb3, 0xff, 0xff, 0x04, 0x00, 0x00, 0x00,
    0xf0, 0x00, 0x00, 0x00, 0x0a, 0x00, 0x00, 0x00, 0xd0, 0xff, 0xff, 0xff,
    0x94, 0x01, 0x00, 0x00, 0x06, 0x00, 0x00, 0x00, 0x94, 0xfe, 0xff, 0xff,
    0x56, 0xff, 0xff, 0xff, 0x8a, 0xff, 0xff, 0xff, 0x8d, 0xff, 0xff, 0xff,
    0x9d, 0xff, 0xff, 0xff, 0x27, 0x00, 0x00, 0x00, 0x49, 0x01, 0x00, 0x00,
    0x99, 0xff, 0xff, 0xff, 0xdd, 0x01, 0x00, 0x00, 0x10, 0x00, 0x00, 0x00,
    0x3e, 0x00, 0x00, 0x00, 0xf0, 0xfe, 0xff, 0xff, 0xef, 0xff, 0xff, 0xff,
    0xbf, 0x01, 0x00, 0x00, 0x56, 0x00, 0x00, 0x00, 0x03, 0x00, 0x00, 0x00,
    0x4e, 0x00, 0x00, 0x00, 0x22, 0x01, 0x00, 0x00, 0xf0, 0xff, 0xff, 0xff,
    0x41, 0x00, 0x00, 0x00, 0x34, 0x03, 0x00, 0x00, 0x8c, 0xff, 0xff, 0xff,
    0x02, 0xfe, 0xff, 0xff, 0x41, 0x00, 0x00, 0x00, 0x54, 0x01, 0x00, 0x00,
    0x6a, 0x02, 0x00, 0x00, 0x24, 0xff, 0xff, 0xff, 0xdc, 0x01, 0x00, 0x00,
    0x4d, 0x00, 0x00, 0x00, 0xc0, 0xfd, 0xff, 0xff, 0xbe, 0xfe, 0xff, 0xff,
    0x69, 0xff, 0xff, 0xff, 0x27, 0x01, 0x00, 0x00, 0x5b, 0x02, 0x00, 0x00,
    0x76, 0x00, 0x00, 0x00, 0xfb, 0xfe, 0xff, 0xff, 0x36, 0x01, 0x00, 0x00,
    0xe6, 0xff, 0xff, 0xff, 0x0f, 0x01, 0x00, 0x00, 0x4d, 0x01, 0x00, 0x00,
    0x83, 0x01, 0x00, 0x00, 0xc1, 0xff, 0xff, 0xff, 0x8b, 0x01, 0x00, 0x00,
    0x29, 0xff, 0xff, 0xff, 0xb3, 0x00, 0x00, 0x00, 0xc9, 0xff, 0xff, 0xff,
    0xa5, 0x00, 0x00, 0x00, 0x37, 0xff, 0xff, 0xff, 0x25, 0x01, 0x00, 0x00,
    0x09, 0x02, 0x00, 0x00, 0x6e, 0x00, 0x00, 0x00, 0x76, 0xfe, 0xff, 0xff,
    0xe1, 0x00, 0x00, 0x00, 0xc2, 0xfe, 0xff, 0xff, 0x0c, 0x01, 0x00, 0x00,
    0x34, 0x00, 0x00, 0x00, 0x16, 0xb4, 0xff, 0xff, 0x04, 0x00, 0x00, 0x00,
    0x10, 0x0e, 0x00, 0x00, 0xd3, 0xd0, 0x1b, 0xc4, 0xf7, 0xf3, 0x19, 0x58,
    0x33, 0xf4, 0xc8, 0xb2, 0xbf, 0x0f, 0xd9, 0xe7, 0xc4, 0xea, 0xe4, 0xbb,
    0x04, 0x35, 0x54, 0x2c, 0xf5, 0xfb, 0xb4, 0xa9, 0x94, 0x26, 0x10, 0xea,
    0xda, 0x02, 0xdb, 0x37, 0x54, 0x53, 0xb3, 0xd4, 0xf0, 0xe7, 0x7f, 0x3b,
    0xdc, 0x3e, 0xd0, 0x6d, 0xdf, 0xe4, 0x14, 0xc8, 0xef, 0xc0, 0xb4, 0x2f,
    0xaa, 0xe1, 0xfc, 0xff, 0x45, 0xe3, 0xd1, 0xd1, 0x1b, 0xfc, 0x1b, 0x0d,
    0xea, 0x36, 0xc0, 0x1c, 0x44, 0x1b, 0xb6, 0x5a, 0x7f, 0xc1, 0xfc, 0x48,
    0x2f, 0x50, 0xd7, 0xd6, 0x0e, 0xca, 0x2e, 0xe4, 0x0f, 0x0f, 0x17, 0xd1,
    0xe7, 0x0d, 0xf4, 0x36, 0x36, 0x0b, 0x16, 0x33, 0x2c, 0x28, 0x1a, 0x0b,
    0xcc, 0xfc, 0xd4, 0x35, 0xed, 0x35, 0x09, 0x12, 0xfa, 0xf6, 0x39, 0x11,
    0xd9, 0x58, 0xeb, 0xc2, 0xeb, 0xd6, 0xe9, 0x37, 0x18, 0xe5, 0xf2, 0xde,
    0xd9, 0x15, 0x94, 0x2e, 0x0f, 0xf7, 0x7f, 0x40, 0xf2, 0x13, 0x13, 0xf7,
    0x31, 0x09, 0xfa, 0xf9, 0x2b, 0xee, 0x0b, 0x26, 0x3e, 0xcd, 0xc2, 0x42,
    0xe4, 0x40, 0xf1, 0xd0, 0x08, 0x1e, 0x49, 0xca, 0xe3, 0x44, 0x46, 0xd2,
    0x00, 0xef, 0xf2, 0x3b, 0xff, 0xc8, 0x08, 0xf8, 0xe2, 0x17, 0x26, 0xfc,
    0x14, 0x3e, 0x16, 0x25, 0x3a, 0x46, 0x3d, 0xfa, 0x2a, 0x03, 0x07, 0xe9,
    0x32, 0xea, 0xd9, 0x11, 0xdb, 0x81, 0xd7, 0xc3, 0xec, 0x29, 0x01, 0x08,
    0xd7, 0x57, 0x3a, 0xbc, 0x16, 0xbb, 0x20, 0x37, 0x26, 0x10, 0xc8, 0xb2,
    0x2d, 0x02, 0x57, 0xa6, 0xcd, 0xd0, 0xd9, 0xec, 0x25, 0xe8, 0x0d, 0xd3,
    0xff, 0x23, 0x16, 0x25, 0xcb, 0x38, 0x10, 0xb7, 0x05, 0xcd, 0xe7, 0xf1,
    0x24, 0xd5, 0xb4, 0x08, 0xf1, 0xe6, 0x1e, 0xdd, 0xa2, 0x21, 0xd7, 0xc0,
    0xf0, 0xdf, 0x49, 0xa0, 0xfc, 0xf2, 0xf9, 0x14, 0xb3, 0x1a, 0x31, 0x67,
    0xce, 0x3f, 0x27, 0xe9, 0x3c, 0xf9, 0xd8, 0x30, 0x2a, 0x62, 0xa8, 0xb8,
    0x0c, 0x39, 0x3c, 0x6b, 0xf5, 0xc2, 0xee, 0x25, 0x16, 0xfd, 0xfd, 0xef,
    0x95, 0x13, 0xa6, 0xdf, 0xcd, 0x11, 0x41, 0x48, 0xc6, 0xcd, 0xa2, 0x17,
    0x8e, 0x42, 0x34, 0x81, 0xd9, 0xe4, 0xf2, 0x3d, 0xfa, 0x60, 0x38, 0x21,
    0xfd, 0x5a, 0xe1, 0xf8, 0x20, 0x08, 0x73, 0x0c, 0x38, 0x1b, 0x3c, 0x12,
    0xf9, 0x4b, 0xf5, 0x22, 0x32, 0x1c, 0xb0, 0xed, 0x06, 0xcf, 0x2a, 0xdc,
    0x36, 0x4c, 0x5b, 0xcf, 0x54, 0xa8, 0x81, 0x23, 0x70, 0x03, 0xd4, 0x10,
    0x13, 0x29, 0x06, 0xda, 0x08, 0xe8, 0x2d, 0x67, 0x2b, 0xd8, 0xd8, 0x73,
    0x4e, 0x69, 0x32, 0x01, 0x11, 0x47, 0xe9, 0xef, 0x66, 0xfb, 0x56, 0x25,
    0x16, 0x19, 0xc3, 0xe1, 0x4d, 0xf8, 0x96, 0xcd, 0xba, 0x05, 0x01, 0x91,
    0xef, 0x65, 0xe7, 0x17, 0xc1, 0xed, 0xca, 0xd8, 0xed, 0x1e, 0x0d, 0xc9,
    0x01, 0xe7, 0x99, 0xd4, 0x39, 0xe2, 0x1d, 0xda, 0x81, 0x1a, 0x19, 0x6a,
    0xa8, 0xe3, 0xd0, 0x12, 0x3f, 0xf8, 0x56, 0xa2, 0xef, 0x68, 0x60, 0xe6,
    0xb6, 0xcb, 0xee, 0xc7, 0xb8, 0xdc, 0x1d, 0xef, 0x81, 0xb4, 0x36, 0x50,
    0x2d, 0x18, 0x6d, 0xf5, 0x4d, 0x3b, 0x31, 0x88, 0x05, 0x08, 0x19, 0x61,
    0x67, 0x23, 0x30, 0x46, 0x4a, 0x18, 0xa4, 0x0b, 0xee, 0x2c, 0xad, 0x24,
    0x28, 0x42, 0x2d, 0xa1, 0xae, 0xbf, 0x13, 0x2c, 0x13, 0x5d, 0xd9, 0xc5,
    0x89, 0x07, 0xd4, 0xf0, 0xa8, 0x0a, 0xeb, 0x47, 0x27, 0xbe, 0x49, 0x72,
    0xb3, 0x32, 0x14, 0x6a, 0x10, 0xbf, 0x14, 0x24, 0xf0, 0x36, 0x61, 0x58,
    0x21, 0x0a, 0xa0, 0x12, 0x1b, 0x0a, 0x11, 0x3d, 0xe8, 0xd2, 0x0d, 0xab,
    0xdd, 0xc6, 0xa0, 0xe7, 0x12, 0xfb, 0x81, 0xd9, 0x07, 0xf8, 0xed, 0xdd,
    0xe6, 0x96, 0x72, 0x9a, 0x49, 0xfa, 0xe4, 0xbc, 0x04, 0x1a, 0xc0, 0x8c,
    0xa9, 0xb6, 0xec, 0x3d, 0xb5, 0x49, 0xe0, 0x17, 0xad, 0xb3, 0x2e, 0xc6,
    0x0f, 0xda, 0x10, 0xa8, 0xdf, 0xfb, 0x97, 0x25, 0xcd, 0xec, 0x0e, 0x06,
    0xe2, 0xb6, 0x47, 0xdf, 0xcc, 0x21, 0xb2, 0xd0, 0x4e, 0x17, 0x12, 0xc9,
    0xe7, 0xea, 0xd6, 0x2f, 0x2a, 0x09, 0x62, 0x7f, 0x03, 0xe2, 0x19, 0xc5,
    0x21, 0x1e, 0x57, 0xf5, 0x53, 0x17, 0x1c, 0xe9, 0x3d, 0xe0, 0x31, 0x3d,
    0xe3, 0x0f, 0x28, 0x1d, 0x24, 0x20, 0x40, 0x5e, 0x0c, 0xf3, 0x0d, 0xd3,
    0xf8, 0x3d, 0xd8, 0xd0, 0xa3, 0xbc, 0x9c, 0xc7, 0x0e, 0x40, 0x34, 0xab,
    0xe7, 0x09, 0xf0, 0x43, 0x0a, 0x0c, 0xcb, 0xab, 0x52, 0x27, 0x2a, 0xdc,
    0x4c, 0xf2, 0x82, 0x44, 0x86, 0x3a, 0xad, 0xbf, 0x05, 0x39, 0xe1, 0x23,
    0xa5, 0x06, 0xd3, 0xe0, 0x59, 0x3b, 0xf5, 0xef, 0xd2, 0x68, 0xbf, 0x32,
    0x26, 0xf2, 0x60, 0xd7, 0xd4, 0xc4, 0x39, 0x81, 0x4f, 0x43, 0x3c, 0x2d,
    0xbf, 0xe2, 0xdc, 0xec, 0xf6, 0xd0, 0x12, 0x23, 0xda, 0x14, 0x15, 0x28,
    0xeb, 0x18, 0xcb, 0xf1, 0xeb, 0x19, 0xc0, 0x43, 0x1b, 0x23, 0x2c, 0xcb,
    0xf5, 0x1e, 0xfe, 0x51, 0x15, 0xc0, 0x03, 0xbe, 0x0c, 0x1f, 0x3e, 0x04,
    0xe1, 0xe2, 0x08, 0x16, 0xf2, 0xfe, 0x31, 0x81, 0xaa, 0x13, 0xca, 0xd1,
    0x2b, 0x2e, 0xc0, 0xd7, 0xd2, 0x16, 0xfd, 0x28, 0xe9, 0xfb, 0xdf, 0x11,
    0xf3, 0x15, 0x35, 0xb1, 0xdb, 0xca, 0x51, 0xf5, 0x98, 0x0a, 0xb6, 0xd6,
    0x12, 0x29, 0xc8, 0xf9, 0x05, 0xc7, 0xfb, 0xdb, 0x4f, 0xbe, 0xfd, 0x38,
    0xf3, 0xd6, 0x2a, 0xcd, 0x0e, 0xd5, 0x3a, 0x19, 0xb2, 0xed, 0x7f, 0xa4,
    0x39, 0xca, 0xe6, 0x17, 0xb9, 0xec, 0xca, 0xcc, 0x18, 0xff, 0x24, 0xe4,
    0x28, 0x23, 0xd9, 0xca, 0x6b, 0xb3, 0x39, 0xe8, 0x05, 0x19, 0x98, 0x70,
    0xe9, 0x28, 0xba, 0x03, 0xc0, 0xe2, 0xa6, 0x5b, 0xa4, 0xea, 0x2c, 0xbb,
    0xe1, 0x6d, 0xf4, 0xec, 0x1c, 0x48, 0xb9, 0x72, 0x13, 0xc4, 0x28, 0x41,
    0x24, 0xf2, 0xcc, 0xcd, 0x2b, 0x97, 0xfc, 0x1e, 0xee, 0x8e, 0xc0, 0xef,
    0x5c, 0x23, 0x21, 0x91, 0xf1, 0x90, 0xef, 0x19, 0x61, 0xf6, 0xa3, 0xdd,
    0xe6, 0x44, 0x2f, 0x59, 0xad, 0x23, 0xc4, 0x0c, 0x35, 0x2c, 0x2f, 0xaa,
    0x1c, 0x89, 0x2c, 0x7f, 0x3d, 0x48, 0x03, 0x81, 0x2f, 0x51, 0xf2, 0xfe,
    0xb7, 0x50, 0xdc, 0xf8, 0xf7, 0x1d, 0xb5, 0x31, 0x2a, 0xfc, 0x10, 0x3b,
    0x56, 0x15, 0xb9, 0x11, 0xe9, 0x9b, 0xff, 0xf7, 0xb9, 0xe2, 0xfd, 0x5a,
    0x28, 0x1e, 0xdf, 0xfa, 0xf2, 0x29, 0x1c, 0x5f, 0xd8, 0x0d, 0x55, 0xef,
    0xda, 0x5c, 0xdf, 0x6b, 0xce, 0xb4, 0x19, 0xc9, 0x72, 0x34, 0xec, 0xcf,
    0xf0, 0xbb, 0xd7, 0x70, 0x4b, 0xee, 0xed, 0xd8, 0xaf, 0x34, 0x08, 0x40,
    0x5a, 0xb3, 0xfd, 0xfe, 0xc1, 0x14, 0xb6, 0xd8, 0xf6, 0x09, 0x27, 0xc9,
    0xe2, 0xd4, 0x14, 0x52, 0x02, 0xe8, 0x03, 0xc6, 0xd4, 0x4a, 0xa3, 0xfc,
    0x94, 0x07, 0xe4, 0xd0, 0x7f, 0xdc, 0xdd, 0x01, 0xfb, 0x59, 0x48, 0x96,
    0xd0, 0x18, 0x09, 0x26, 0xcd, 0x1b, 0x1e, 0xb4, 0xcf, 0x51, 0x12, 0xd7,
    0x24, 0xf8, 0xd1, 0x1a, 0xfa, 0xbe, 0x1a, 0xbe, 0x19, 0x15, 0xee, 0xea,
    0xba, 0x36, 0xeb, 0xd3, 0x35, 0xcc, 0xf7, 0xe3, 0xec, 0x07, 0xf0, 0x01,
    0xfd, 0xfa, 0x19, 0xf7, 0x33, 0xd8, 0xf8, 0x11, 0xf2, 0xe8, 0x7f, 0x14,
    0x0b, 0xf6, 0xea, 0x18, 0xe4, 0x09, 0xe9, 0xdf, 0x1b, 0x26, 0xdc, 0x0b,
    0xe1, 0xc6, 0xfc, 0xcc, 0x7f, 0x88, 0x50, 0x4e, 0xea, 0x20, 0xf8, 0x06,
    0x31, 0x1a, 0xd9, 0xd8, 0xec, 0xdc, 0x17, 0x53, 0x0f, 0x0c, 0xf3, 0xee,
    0xc9, 0x02, 0xea, 0x05, 0x15, 0x81, 0x02, 0xe2, 0xc0, 0x20, 0xf7, 0x3c,
    0xc7, 0x14, 0x33, 0x2a, 0x0f, 0xe4, 0xd0, 0xe3, 0xb7, 0xe4, 0xe7, 0xf7,
    0x36, 0x0b, 0x1e, 0x10, 0xfc, 0xf0, 0xe0, 0xc8, 0x33, 0xbc, 0x0e, 0xf7,
    0x2c, 0x0a, 0xd5, 0xf7, 0xc9, 0x4e, 0x18, 0x3d, 0x0d, 0xc5, 0xd9, 0x0a,
    0x2b, 0x9b, 0x21, 0xf6, 0xd8, 0xf2, 0xbc, 0x36, 0x1a, 0xda, 0x2b, 0xc8,
    0x06, 0xd9, 0xe3, 0xfb, 0xe2, 0xb2, 0x21, 0x9e, 0xc4, 0x31, 0xf5, 0x09,
    0xf1, 0x4a, 0xce, 0xd2, 0xe9, 0x81, 0xdf, 0x00, 0x1f, 0x46, 0x0e, 0xba,
    0xb9, 0x4a, 0x24, 0xfe, 0xf1, 0x03, 0x02, 0xeb, 0xf1, 0xb9, 0x0e, 0xdb,
    0x18, 0xa4, 0x39, 0xfe, 0xe2, 0x2b, 0x0f, 0xd2, 0xf0, 0x13, 0xd9, 0x33,
    0x4d, 0xef, 0x99, 0xad, 0x37, 0x33, 0x1a, 0xb0, 0x42, 0x16, 0xd9, 0xd9,
    0x57, 0xc5, 0xee, 0x0d, 0xb9, 0x0c, 0x1b, 0x0c, 0xd6, 0xd0, 0x02, 0x0a,
    0xc5, 0xca, 0xe5, 0x59, 0xce, 0xdc, 0x4c, 0x1c, 0x34, 0x36, 0xbe, 0xbb,
    0x2f, 0xfb, 0x22, 0x1d, 0xef, 0xdb, 0xb9, 0xaf, 0xfc, 0xc5, 0xf1, 0x4d,
    0x1c, 0xec, 0x12, 0x2e, 0xdc, 0x7f, 0xf7, 0x6e, 0xef, 0x55, 0x4e, 0xb9,
    0x0d, 0x5f, 0xdc, 0xf9, 0x07, 0xc6, 0xd6, 0x20, 0x53, 0xf4, 0x20, 0xfd,
    0xf4, 0x1d, 0xba, 0xfa, 0xbf, 0xcc, 0x0e, 0xe8, 0x1d, 0xf7, 0xe1, 0x16,
    0xeb, 0x41, 0x1a, 0xfb, 0x18, 0xbb, 0x1a, 0xd6, 0x21, 0x9c, 0xc9, 0xc5,
    0xd8, 0x02, 0xa5, 0xe5, 0x17, 0x13, 0x11, 0xf4, 0x73, 0x06, 0x4c, 0xf4,
    0xe2, 0x7f, 0x05, 0x03, 0xf0, 0x23, 0xb4, 0x52, 0xff, 0xe3, 0x2a, 0x4a,
    0xc0, 0xa9, 0x58, 0x4c, 0x03, 0xfd, 0x10, 0x9d, 0xf8, 0xfa, 0x19, 0x15,
    0xdd, 0xf1, 0xa8, 0xf6, 0xcc, 0x45, 0x0a, 0x40, 0x33, 0x81, 0x43, 0x0a,
    0xd6, 0x2c, 0xd1, 0x1e, 0xe3, 0x0e, 0xf4, 0x4b, 0x23, 0x2a, 0x0f, 0x08,
    0xf1, 0xfa, 0xe1, 0xbd, 0x3d, 0xf3, 0xf3, 0x33, 0xe4, 0xd1, 0xd7, 0xe6,
    0xe4, 0xa0, 0xe0, 0xfa, 0x93, 0xf0, 0xdd, 0x28, 0x09, 0xe0, 0x15, 0x0d,
    0x71, 0xd5, 0x43, 0x10, 0xa1, 0x2c, 0x5b, 0x4b, 0xf6, 0xf2, 0xcf, 0x04,
    0xf8, 0x28, 0x64, 0xc6, 0xd9, 0x36, 0x32, 0x13, 0xe4, 0x29, 0xc3, 0xfa,
    0xfb, 0xfd, 0xfe, 0xed, 0xcd, 0x07, 0x32, 0xf7, 0x48, 0x51, 0xf2, 0x40,
    0x5f, 0x59, 0x58, 0x0f, 0xe3, 0xce, 0xfa, 0xef, 0x28, 0xe2, 0x12, 0x19,
    0x0d, 0xdb, 0xc9, 0xcc, 0x4f, 0x30, 0x81, 0x2d, 0xfc, 0x25, 0xd8, 0x27,
    0xa1, 0xf2, 0xe9, 0xf4, 0xd4, 0x7f, 0xe3, 0x10, 0xe7, 0x22, 0x33, 0xbe,
    0xee, 0x20, 0xf2, 0xfb, 0x17, 0x28, 0x1b, 0x19, 0x56, 0x3b, 0x02, 0x3f,
    0xf6, 0x00, 0xeb, 0x4a, 0xeb, 0x05, 0x1f, 0xed, 0x3c, 0xf6, 0xed, 0x10,
    0xad, 0x1f, 0x45, 0xf7, 0x13, 0xe0, 0x02, 0xa2, 0xe4, 0xd5, 0xa0, 0x25,
    0xe4, 0x36, 0x25, 0xd1, 0xd3, 0x4f, 0x06, 0xb8, 0x02, 0x25, 0xef, 0xc9,
    0x05, 0xe7, 0x0c, 0x33, 0x49, 0xd9, 0x28, 0xe6, 0x4d, 0x2c, 0x40, 0x1c,
    0xfa, 0x13, 0xb6, 0xb3, 0x41, 0x05, 0x29, 0x7f, 0xda, 0xe6, 0x23, 0xea,
    0x3b, 0x1d, 0xbe, 0x07, 0x4a, 0x0a, 0xd7, 0xf8, 0x1e, 0x05, 0xf7, 0x3b,
    0xe4, 0xdd, 0x3b, 0x1b, 0xe1, 0xeb, 0xe7, 0xc8, 0xfc, 0xbb, 0x09, 0x13,
    0xd3, 0xbf, 0xd0, 0xf3, 0xec, 0x1d, 0xcd, 0x33, 0x16, 0xe5, 0x1b, 0xd2,
    0xd0, 0xcc, 0x2e, 0xf3, 0x29, 0x38, 0x0b, 0x81, 0x9a, 0x58, 0x3f, 0xe7,
    0x20, 0x3a, 0x1c, 0xe9, 0x18, 0x65, 0x2d, 0xe9, 0x3a, 0x0f, 0xc5, 0x1c,
    0x28, 0x21, 0x1e, 0x17, 0x1b, 0xfe, 0x0f, 0xfa, 0xc7, 0xcd, 0x26, 0x0c,
    0x1a, 0xcf, 0xea, 0xe8, 0xc1, 0xd0, 0xe4, 0xa9, 0xae, 0x38, 0x05, 0x4d,
    0x1f, 0xcb, 0x59, 0xc4, 0x0c, 0xa3, 0x29, 0xb9, 0x3c, 0x4c, 0x4e, 0x2f,
    0x0e, 0x35, 0xcc, 0xdd, 0xfc, 0xdd, 0xd5, 0x31, 0x01, 0x19, 0xf5, 0xfb,
    0xbd, 0xe2, 0x22, 0xf5, 0xee, 0x15, 0x41, 0xf6, 0x4b, 0xd9, 0xea, 0x0f,
    0xe8, 0xda, 0xd3, 0x31, 0xd8, 0x42, 0xff, 0x81, 0xfb, 0xb6, 0x31, 0xb5,
    0x21, 0x0b, 0xd6, 0x5c, 0x19, 0xcc, 0xb8, 0x83, 0xc8, 0x23, 0xf0, 0xe3,
    0xf6, 0xd6, 0xae, 0x4f, 0xd7, 0x42, 0x51, 0x26, 0x01, 0xfb, 0xb6, 0x5e,
    0xa9, 0xe0, 0x67, 0x01, 0x02, 0x19, 0xd2, 0x59, 0x0c, 0x25, 0xcd, 0xe5,
    0x01, 0x15, 0xe5, 0xee, 0x0d, 0x56, 0x37, 0x56, 0xa8, 0xee, 0x24, 0x48,
    0x5e, 0x81, 0xdf, 0x33, 0x30, 0x59, 0xc5, 0xe8, 0x41, 0xdb, 0x4d, 0x1d,
    0xef, 0xfe, 0xdd, 0xdd, 0x2d, 0xe1, 0xcb, 0xd2, 0x6c, 0xfb, 0x03, 0x7d,
    0xf8, 0x59, 0xe3, 0xe3, 0x7f, 0x31, 0xe4, 0x29, 0x2f, 0xdc, 0x65, 0x03,
    0x31, 0x1b, 0xc3, 0x02, 0xb9, 0xd5, 0x2c, 0x30, 0xe7, 0xeb, 0xe0, 0x04,
    0x81, 0xd8, 0xa9, 0x00, 0x21, 0xc5, 0x0f, 0xa5, 0x19, 0x32, 0x18, 0x42,
    0x37, 0x27, 0xde, 0xfc, 0xb6, 0x24, 0x27, 0xa8, 0x0c, 0xa4, 0x9e, 0x1c,
    0x29, 0xc4, 0x08, 0xc0, 0x22, 0x9c, 0x03, 0x2a, 0xc5, 0x95, 0x1d, 0xde,
    0x4e, 0xed, 0x34, 0x01, 0xeb, 0xfc, 0xfa, 0xe3, 0xbd, 0xd1, 0x1a, 0xf3,
    0x58, 0x46, 0xb6, 0x1f, 0xda, 0x61, 0x05, 0xed, 0xde, 0x32, 0x35, 0x23,
    0xe7, 0xde, 0x06, 0x5f, 0x3f, 0x16, 0x66, 0x1e, 0x3a, 0xe8, 0x0f, 0xe4,
    0xff, 0x17, 0xd2, 0xeb, 0xf0, 0x25, 0x09, 0x77, 0xe7, 0xcd, 0x35, 0x49,
    0xc0, 0x51, 0x01, 0xaa, 0xdf, 0xeb, 0xea, 0x1c, 0x0d, 0x15, 0xed, 0xfa,
    0xf2, 0xe0, 0xe6, 0x45, 0x2e, 0xf6, 0xca, 0x2a, 0x35, 0x0b, 0x0e, 0x04,
    0x7f, 0xb4, 0xca, 0x1a, 0x31, 0x22, 0x24, 0xc5, 0xbc, 0xd7, 0xce, 0x24,
    0x16, 0xc5, 0xf8, 0xdf, 0xd3, 0x5e, 0xe2, 0x92, 0xc3, 0x68, 0xaf, 0xd1,
    0xba, 0x40, 0x3a, 0x47, 0x0b, 0xda, 0x64, 0xee, 0x13, 0x46, 0xf8, 0x7f,
    0x18, 0xb8, 0xa8, 0x06, 0x16, 0x60, 0x3d, 0x62, 0x0e, 0x07, 0xe8, 0x19,
    0x4e, 0x22, 0x38, 0x17, 0x49, 0x26, 0x46, 0xec, 0xf8, 0x21, 0xd1, 0xce,
    0x07, 0xc9, 0x26, 0xf6, 0xf0, 0xe5, 0xe4, 0x32, 0xf0, 0x3f, 0xf8, 0xf1,
    0x23, 0x81, 0x34, 0xcc, 0x21, 0x1a, 0xab, 0xa6, 0xf4, 0x3d, 0xad, 0xf6,
    0x90, 0xe6, 0xb2, 0xfa, 0x1b, 0x0f, 0xdd, 0xfc, 0x30, 0x55, 0xf5, 0xcf,
    0xa6, 0x08, 0xe4, 0x0b, 0x2f, 0x07, 0xc2, 0x14, 0x3b, 0xfc, 0xe0, 0x38,
    0xda, 0x1a, 0xfd, 0x2b, 0xed, 0x05, 0xb7, 0xdd, 0x00, 0xe5, 0x08, 0xa1,
    0xc3, 0xef, 0xd9, 0x4e, 0x70, 0xe4, 0x51, 0xef, 0xdc, 0xb5, 0xf4, 0xfc,
    0x2e, 0x0c, 0xc4, 0xd2, 0x04, 0x4b, 0x39, 0x02, 0x1b, 0xb1, 0xba, 0x0c,
    0x3d, 0xc4, 0x23, 0x24, 0x57, 0xdc, 0x0c, 0x58, 0x33, 0x31, 0x90, 0xfc,
    0x41, 0xcb, 0x10, 0x27, 0xba, 0x1f, 0xdd, 0x35, 0x7f, 0xe6, 0xda, 0x28,
    0x54, 0xb9, 0x3a, 0x29, 0x01, 0xda, 0x3c, 0x14, 0xd7, 0x2f, 0x32, 0xde,
    0x1d, 0xff, 0xcc, 0x6a, 0x37, 0xfa, 0x04, 0x26, 0xf4, 0x27, 0xb6, 0xe4,
    0x30, 0xce, 0x31, 0x67, 0x7f, 0x1c, 0xf6, 0xb7, 0xcc, 0xe5, 0xfe, 0x1a,
    0xff, 0x04, 0x30, 0x37, 0x1a, 0xa6, 0xcf, 0xdf, 0x33, 0x06, 0x5c, 0x60,
    0x23, 0xf3, 0x1b, 0x05, 0x3a, 0x67, 0x28, 0x6a, 0x4c, 0x6f, 0xce, 0x25,
    0xee, 0x67, 0x0b, 0xb4, 0x44, 0x03, 0x22, 0x2f, 0x19, 0x45, 0xd2, 0xdb,
    0xd3, 0x33, 0xce, 0xf8, 0x60, 0xc0, 0x02, 0xdb, 0x62, 0xc8, 0x34, 0x3e,
    0xd7, 0x56, 0x11, 0xeb, 0x43, 0xc6, 0x4a, 0xd6, 0xef, 0xc4, 0xf1, 0x0a,
    0x45, 0x4a, 0xd2, 0xc1, 0xda, 0x1b, 0xac, 0x09, 0xec, 0x32, 0xd9, 0x3a,
    0xc2, 0xb3, 0x44, 0x44, 0xe1, 0x41, 0xcc, 0x04, 0x7f, 0x07, 0x20, 0x0d,
    0xe8, 0x30, 0xca, 0x03, 0xbe, 0xe6, 0x3d, 0xed, 0xfb, 0xc4, 0xaf, 0xf4,
    0xab, 0xd5, 0x4f, 0x08, 0x0c, 0xbf, 0x2f, 0x10, 0x2a, 0x7b, 0x32, 0x24,
    0x37, 0x36, 0x1c, 0x28, 0x4d, 0x56, 0x1e, 0x1b, 0x7f, 0xc2, 0xbd, 0x4d,
    0xc2, 0xea, 0x01, 0x01, 0xea, 0x27, 0xb5, 0xc7, 0x47, 0x36, 0xbc, 0xb6,
    0xb5, 0xfd, 0xad, 0x0e, 0xd3, 0x9f, 0x32, 0x18, 0x6c, 0xde, 0xd1, 0x38,
    0x21, 0x1e, 0x50, 0x43, 0xeb, 0x34, 0xc3, 0xd0, 0x9e, 0xe8, 0xc3, 0xff,
    0x59, 0x1e, 0xcb, 0x63, 0xc0, 0x29, 0x9f, 0xeb, 0xe9, 0x1d, 0x99, 0xec,
    0x0c, 0x36, 0x0b, 0x14, 0x2b, 0xe5, 0x9c, 0xed, 0x9f, 0x11, 0x1e, 0xdc,
    0xc6, 0x34, 0x4a, 0x0c, 0x15, 0xf7, 0xbe, 0xff, 0xd7, 0x68, 0x35, 0xcd,
    0xdf, 0x25, 0x1a, 0x67, 0x00, 0x1a, 0xfd, 0xd1, 0x06, 0xb0, 0x25, 0x1c,
    0x20, 0x01, 0x03, 0xf9, 0xe1, 0x3b, 0xd7, 0x27, 0xce, 0xa6, 0x38, 0x49,
    0xfc, 0x7f, 0x34, 0x20, 0x13, 0x32, 0xec, 0x1a, 0xe4, 0x21, 0x19, 0xda,
    0x95, 0x2c, 0xc1, 0xc7, 0xfe, 0xd9, 0x3b, 0xd8, 0xad, 0xb2, 0x39, 0xdb,
    0x0a, 0xf2, 0xd6, 0x7f, 0x12, 0xa2, 0xb8, 0x15, 0x37, 0xf5, 0x4a, 0xe7,
    0x29, 0x0f, 0x15, 0xb5, 0xd7, 0xb9, 0x34, 0x8e, 0x24, 0x2d, 0x29, 0xfb,
    0x3d, 0xaf, 0x1c, 0x6a, 0xae, 0x73, 0x02, 0xb6, 0x1b, 0xe5, 0x3b, 0x01,
    0xeb, 0xb5, 0x27, 0xda, 0x31, 0xf9, 0xed, 0x25, 0x28, 0x03, 0xb8, 0x3d,
    0x74, 0x2a, 0x29, 0xee, 0x05, 0xcc, 0xac, 0x2d, 0x4b, 0x23, 0xc8, 0xab,
    0xb2, 0xd9, 0xbc, 0xe4, 0xef, 0x31, 0x0a, 0x1c, 0x38, 0xfa, 0xe3, 0x4d,
    0xca, 0x43, 0x16, 0x4e, 0xbd, 0xea, 0x1a, 0x2b, 0x81, 0x38, 0x21, 0x07,
    0xd8, 0xce, 0xc8, 0x22, 0xf2, 0xda, 0xf2, 0xd1, 0x11, 0xc4, 0xc0, 0xe6,
    0xe4, 0xe1, 0x37, 0xf0, 0xef, 0x3b, 0x30, 0xf0, 0xe0, 0xfe, 0x24, 0xfa,
    0xff, 0x47, 0xd2, 0xc5, 0x2c, 0xaa, 0xcd, 0x2a, 0xf8, 0xa8, 0x46, 0x14,
    0x3f, 0x64, 0x17, 0xa2, 0x14, 0xf2, 0xe8, 0x52, 0x37, 0x46, 0xbf, 0xae,
    0xe6, 0x59, 0xdb, 0x14, 0x70, 0xda, 0xfb, 0xf5, 0x0a, 0xc7, 0x14, 0xe5,
    0x03, 0xf5, 0x43, 0xc5, 0x08, 0x2c, 0xf7, 0x22, 0x1a, 0xd7, 0x0f, 0x30,
    0x7f, 0xaf, 0x20, 0x3b, 0xde, 0x4c, 0x1f, 0xcd, 0x02, 0x14, 0xd3, 0x41,
    0xee, 0xa8, 0xf7, 0xa6, 0xa0, 0x10, 0x25, 0xe3, 0x1f, 0x66, 0x9d, 0x82,
    0x70, 0x16, 0xd8, 0x90, 0x0f, 0x23, 0x99, 0xfd, 0xe3, 0x9e, 0x1b, 0x45,
    0xde, 0xbd, 0x14, 0xa7, 0x42, 0xef, 0xaa, 0x1b, 0xff, 0xda, 0x54, 0x81,
    0xe2, 0x12, 0x11, 0x27, 0xdf, 0x2f, 0xab, 0xe8, 0xb0, 0x05, 0x71, 0xb3,
    0x29, 0x24, 0xf9, 0x58, 0x35, 0x12, 0x4d, 0xd3, 0x04, 0x41, 0xe1, 0x0c,
    0xb1, 0xf5, 0x3a, 0xe8, 0xe6, 0xdb, 0xbb, 0x9a, 0x16, 0xef, 0xed, 0x27,
    0x2d, 0xd7, 0xdb, 0xb5, 0x36, 0x58, 0x2b, 0x1b, 0xc0, 0xd6, 0x37, 0x4e,
    0x81, 0x13, 0x28, 0xe9, 0x0b, 0x0b, 0x33, 0x64, 0xc2, 0x04, 0xd6, 0x40,
    0x27, 0xe6, 0x3f, 0xc3, 0xba, 0x26, 0x13, 0xd3, 0xee, 0xe6, 0x26, 0x1c,
    0xf7, 0xee, 0x3a, 0x61, 0xd5, 0xb7, 0x68, 0xea, 0xbf, 0x1b, 0x30, 0xcf,
    0x29, 0x63, 0xf7, 0x0f, 0x4e, 0x22, 0x1c, 0x3e, 0xde, 0xa8, 0x07, 0x02,
    0x3e, 0x43, 0xd5, 0x43, 0x50, 0xc6, 0xdd, 0x3f, 0x0a, 0xfa, 0x16, 0xd7,
    0xdd, 0xa3, 0xe8, 0x0d, 0xf1, 0xdb, 0xda, 0x44, 0x1e, 0x2d, 0xad, 0xee,
    0xc8, 0xb0, 0xed, 0x1e, 0xb8, 0xcc, 0x12, 0x1d, 0x0a, 0x7f, 0xc7, 0xfc,
    0x00, 0xa5, 0xe4, 0x3b, 0x37, 0xcd, 0xf4, 0xfe, 0x35, 0xce, 0x2b, 0xf0,
    0x3d, 0x41, 0xbd, 0x16, 0x13, 0xd4, 0x94, 0xd8, 0x22, 0xd6, 0xe7, 0x35,
    0x15, 0x23, 0xc0, 0xc1, 0xfe, 0xf4, 0xf0, 0xf4, 0x09, 0x54, 0xfa, 0x0e,
    0xe5, 0xf2, 0x03, 0xf3, 0x33, 0xc2, 0x21, 0x81, 0x38, 0x2c, 0xbe, 0xf1,
    0xe1, 0x40, 0x15, 0xfd, 0x15, 0xa8, 0x27, 0xf0, 0xbb, 0xba, 0x21, 0xe0,
    0xeb, 0x17, 0x0a, 0xb6, 0xf5, 0xf6, 0xef, 0xf3, 0x08, 0x38, 0xf5, 0xe6,
    0xb2, 0xcf, 0xa1, 0x4c, 0x12, 0x0c, 0x0e, 0xb1, 0x20, 0xf1, 0xfa, 0x23,
    0x05, 0xec, 0x00, 0x06, 0xf3, 0x1c, 0xe9, 0x17, 0xf4, 0xba, 0x4b, 0xb1,
    0xd6, 0xfd, 0x52, 0x30, 0xdd, 0x08, 0x7f, 0x24, 0x23, 0xea, 0x45, 0x0f,
    0x2f, 0x2a, 0x16, 0x45, 0x2a, 0xb5, 0xd4, 0xcd, 0xd0, 0xff, 0xdf, 0x14,
    0x12, 0x1f, 0x9f, 0xb6, 0xf9, 0xb5, 0x11, 0xe1, 0xf9, 0x14, 0xd2, 0xe0,
    0xb6, 0x31, 0xfa, 0x00, 0xfb, 0x51, 0x3b, 0x26, 0xea, 0xb8, 0xb6, 0xd2,
    0xd5, 0xf3, 0x4c, 0x1b, 0xcc, 0xe6, 0xdd, 0x17, 0x06, 0x16, 0x70, 0xca,
    0x72, 0xf5, 0xe8, 0x47, 0x42, 0xea, 0xba, 0x28, 0xae, 0x7f, 0xc3, 0x53,
    0xa6, 0x1a, 0xa4, 0x21, 0x28, 0xd2, 0xfc, 0x22, 0x13, 0x5b, 0xda, 0xf3,
    0xec, 0x2f, 0x0b, 0x3f, 0xe8, 0xb6, 0xb1, 0xcc, 0xc3, 0x06, 0x3e, 0xef,
    0xfc, 0xe1, 0xf1, 0x2f, 0x25, 0x63, 0xa4, 0x0b, 0xf7, 0x84, 0xcc, 0x12,
    0x90, 0x26, 0x36, 0x33, 0xf4, 0xfd, 0x19, 0xd6, 0x28, 0x48, 0x83, 0x07,
    0xd5, 0xec, 0xf3, 0x02, 0xdd, 0xf3, 0x12, 0x09, 0x83, 0xb6, 0xf3, 0x0a,
    0x38, 0x81, 0x35, 0x03, 0xca, 0x0e, 0xe5, 0xe1, 0xf2, 0xeb, 0xe1, 0x0e,
    0x12, 0xd4, 0x39, 0x74, 0xb1, 0x1f, 0x2a, 0x36, 0x2e, 0x2f, 0xfd, 0xf3,
    0xf8, 0x04, 0x13, 0x1c, 0xcf, 0xd5, 0xf5, 0xf0, 0x1a, 0xe5, 0xfe, 0xe4,
    0x19, 0xf6, 0x00, 0x4a, 0xda, 0x16, 0x2a, 0x0c, 0xf3, 0x18, 0x1c, 0x01,
    0x36, 0xc2, 0xfd, 0xbf, 0x26, 0xea, 0x38, 0x12, 0x08, 0xd4, 0x15, 0xfb,
    0x4f, 0x7f, 0x38, 0x47, 0xc4, 0xe1, 0x04, 0x00, 0x3c, 0xcc, 0xbe, 0x17,
    0x23, 0x2c, 0xef, 0x2e, 0x1d, 0x4e, 0x20, 0x43, 0x1f, 0x37, 0xe2, 0xdb,
    0x11, 0xeb, 0x2a, 0x0f, 0x81, 0xd4, 0x04, 0xfa, 0xf6, 0x88, 0xb7, 0xc4,
    0xcc, 0x1b, 0xe0, 0xbe, 0xa5, 0x9d, 0xc4, 0xdc, 0x34, 0x39, 0xcc, 0x05,
    0x3d, 0xf4, 0x28, 0x06, 0x45, 0x20, 0x1d, 0x56, 0x3c, 0x00, 0xcd, 0x45,
    0xe6, 0xba, 0xea, 0x9d, 0xba, 0xdb, 0xb5, 0xa8, 0x14, 0xf2, 0xec, 0x3a,
    0x1c, 0x14, 0x99, 0x4e, 0x46, 0x1d, 0xc9, 0x1a, 0x2b, 0xee, 0xb7, 0x20,
    0xf8, 0xf2, 0x30, 0xcd, 0x33, 0x17, 0xca, 0x2f, 0x4a, 0xe9, 0x90, 0xd7,
    0xc2, 0xa5, 0x13, 0xdb, 0xd9, 0x11, 0x15, 0xd9, 0x30, 0x0d, 0xdc, 0x18,
    0xb8, 0xae, 0x9f, 0x00, 0xab, 0x24, 0xae, 0xad, 0xc1, 0x07, 0x3c, 0x7f,
    0xa9, 0xe7, 0x0e, 0xe9, 0x1b, 0x17, 0xd0, 0x31, 0x37, 0x24, 0xcc, 0x15,
    0x0b, 0xdd, 0xad, 0xe1, 0x3d, 0xe0, 0x25, 0xad, 0x2b, 0xdb, 0x3b, 0xb0,
    0xfc, 0xa4, 0xf2, 0x18, 0x26, 0x24, 0x0c, 0x0a, 0x44, 0xb6, 0xf1, 0xdd,
    0xfb, 0xc6, 0xe8, 0xf2, 0x7f, 0x28, 0xd2, 0x57, 0xa1, 0x12, 0x50, 0xab,
    0xeb, 0xb3, 0x4f, 0x14, 0xe6, 0xf3, 0xce, 0x1d, 0x0a, 0x16, 0xf2, 0x11,
    0x0f, 0x60, 0x05, 0x0e, 0xfb, 0x21, 0x2d, 0xf0, 0xd1, 0xda, 0xd0, 0x92,
    0xc7, 0x63, 0x20, 0xe0, 0x47, 0xe7, 0xda, 0x12, 0x62, 0xca, 0xca, 0xf3,
    0xf5, 0xc3, 0xed, 0xe5, 0xe4, 0x6c, 0xd2, 0x71, 0x05, 0xcc, 0xfd, 0x61,
    0x57, 0xca, 0xc4, 0x3c, 0xe7, 0x23, 0xf0, 0xa8, 0xae, 0x28, 0xe2, 0x14,
    0xbf, 0x17, 0xf8, 0xfc, 0x1b, 0xe1, 0xf1, 0x1b, 0x1a, 0x3e, 0x3a, 0x0f,
    0xe5, 0x4d, 0xed, 0xe4, 0x0f, 0xeb, 0x2f, 0x3f, 0x05, 0xb3, 0x08, 0xe9,
    0xc3, 0xee, 0x1e, 0x7f, 0xd6, 0xff, 0x13, 0x94, 0xfe, 0xf2, 0x01, 0x09,
    0xed, 0x3f, 0xb3, 0x98, 0xe4, 0x49, 0xfe, 0xe0, 0x5d, 0x52, 0xd5, 0x9f,
    0xe4, 0xe4, 0xbe, 0x2e, 0xde, 0x06, 0x01, 0xc8, 0xd0, 0xe3, 0x81, 0x13,
    0xe2, 0xd5, 0x3a, 0x4d, 0xeb, 0xb8, 0xf0, 0x25, 0xf5, 0xfc, 0x32, 0xe7,
    0xb3, 0xb6, 0x26, 0xde, 0xae, 0x31, 0x1e, 0xed, 0x24, 0x27, 0xe0, 0x2e,
    0x5a, 0x2f, 0xd0, 0x0c, 0x43, 0xae, 0x28, 0x1f, 0x7f, 0x2f, 0x28, 0xe1,
    0x0e, 0x33, 0xe7, 0x03, 0x00, 0x1c, 0x2e, 0x27, 0x0b, 0x3b, 0xfb, 0xc9,
    0x22, 0x04, 0x0a, 0xa0, 0xee, 0x00, 0x0a, 0x4f, 0x0b, 0x01, 0xf2, 0x23,
    0xb0, 0x0d, 0x2a, 0x01, 0x0f, 0xfb, 0xeb, 0xcf, 0xd0, 0xf1, 0x27, 0x23,
    0xea, 0xde, 0xa2, 0xe7, 0x04, 0x53, 0xdb, 0xda, 0xdc, 0x24, 0x2d, 0x31,
    0x07, 0xfe, 0x13, 0xeb, 0x3f, 0xd2, 0x10, 0x16, 0x0f, 0x25, 0xcd, 0x18,
    0xf0, 0xc3, 0xdb, 0xdb, 0xd8, 0x0a, 0xe8, 0x08, 0x2e, 0xc5, 0x1b, 0xce,
    0x32, 0x00, 0x28, 0xde, 0xf0, 0xcb, 0x21, 0x40, 0xd7, 0xeb, 0xf0, 0xfe,
    0xd6, 0x0e, 0xf2, 0xcc, 0x1c, 0xcc, 0xc3, 0xf7, 0x1c, 0x59, 0x81, 0x2c,
    0xe8, 0xae, 0x0a, 0xd6, 0x01, 0x17, 0x3d, 0xf2, 0x4d, 0xde, 0x43, 0x2c,
    0x0c, 0x36, 0xea, 0xeb, 0xcf, 0x1c, 0xac, 0x39, 0xc4, 0x43, 0x23, 0xf5,
    0xbe, 0xa5, 0x00, 0xc2, 0x1d, 0x1f, 0xf2, 0xf2, 0x17, 0x03, 0xe4, 0xe1,
    0xa9, 0x0b, 0x0b, 0xaa, 0x7f, 0xa3, 0x3f, 0x16, 0xee, 0x07, 0x1d, 0xca,
    0xe9, 0x11, 0x33, 0x4d, 0xc7, 0x67, 0x01, 0x25, 0x57, 0x37, 0xb5, 0x40,
    0x00, 0x1e, 0xfb, 0x4a, 0xb5, 0xe8, 0x14, 0xf4, 0x88, 0x62, 0x29, 0xcd,
    0xf8, 0xca, 0x3a, 0x14, 0x0b, 0x2f, 0xfb, 0xd4, 0xcf, 0x26, 0x03, 0xd6,
    0x02, 0x6c, 0xd6, 0xab, 0x22, 0x47, 0x36, 0x29, 0x5f, 0xeb, 0x1b, 0x08,
    0xa5, 0x0a, 0x05, 0xf5, 0x33, 0xdc, 0x05, 0xcb, 0x8b, 0xc9, 0x21, 0x38,
    0x49, 0x9c, 0xdc, 0xf5, 0xb3, 0x5b, 0xeb, 0x81, 0xb4, 0xaf, 0xf5, 0x17,
    0x2e, 0x07, 0xdc, 0xd9, 0x7d, 0xf8, 0x5f, 0xcb, 0x25, 0x3d, 0x46, 0x0c,
    0x57, 0xad, 0x3e, 0xc6, 0xf4, 0xd2, 0x3d, 0x11, 0x05, 0x25, 0x01, 0x1b,
    0xbb, 0xed, 0x43, 0x05, 0x47, 0xdd, 0xbf, 0x04, 0x5b, 0xc9, 0xc8, 0x2b,
    0x38, 0x52, 0x36, 0xee, 0xd4, 0x05, 0x01, 0xda, 0xf8, 0x19, 0x1f, 0xcc,
    0xd0, 0x9f, 0xd5, 0xed, 0xf4, 0xde, 0xbc, 0xe3, 0x12, 0xe4, 0xf2, 0x29,
    0xef, 0x11, 0xfc, 0xfd, 0xd0, 0x01, 0xae, 0x3f, 0xdc, 0xfb, 0x81, 0xf9,
    0x05, 0xf9, 0xc2, 0x05, 0x33, 0x81, 0xca, 0x21, 0x25, 0x22, 0xba, 0x49,
    0x8b, 0x67, 0x2d, 0xba, 0x01, 0x09, 0x49, 0x1d, 0x25, 0x1f, 0xf1, 0x06,
    0x28, 0x57, 0x01, 0xf9, 0x5e, 0x3e, 0x26, 0xe6, 0xc9, 0x04, 0xd7, 0x15,
    0x0b, 0xe9, 0x9d, 0xfd, 0xc3, 0xf3, 0x28, 0x01, 0xf6, 0x44, 0xec, 0xdd,
    0x45, 0x03, 0x17, 0xf3, 0x12, 0x01, 0x37, 0xbe, 0xe6, 0xfd, 0xf7, 0xd8,
    0x56, 0x2d, 0x31, 0xdd, 0x40, 0xe5, 0x32, 0x3f, 0x0b, 0x37, 0xc4, 0xc0,
    0xe4, 0x60, 0xb5, 0x4a, 0xf1, 0xa6, 0x67, 0x0a, 0x38, 0x46, 0x4f, 0xce,
    0x7b, 0x7f, 0x5b, 0xd1, 0xc4, 0xea, 0xed, 0x66, 0xc1, 0x13, 0x0f, 0xa7,
    0x3f, 0xda, 0xd7, 0xa7, 0xc3, 0xc1, 0x36, 0x3e, 0x96, 0x54, 0xa2, 0xaf,
    0xec, 0x19, 0x20, 0x49, 0x3f, 0x60, 0x2f, 0xe5, 0xa8, 0xfb, 0xe7, 0x29,
    0x4f, 0xfb, 0x12, 0x90, 0x32, 0xc2, 0xff, 0xff, 0x04, 0x00, 0x00, 0x00,
    0xf0, 0x00, 0x00, 0x00, 0xbb, 0xfa, 0xff, 0xff, 0x2d, 0xeb, 0xff, 0xff,
    0x87, 0x0b, 0x00, 0x00, 0x10, 0xec, 0xff, 0xff, 0x09, 0xf5, 0xff, 0xff,
    0x36, 0x08, 0x00, 0x00, 0xab, 0xe8, 0xff, 0xff, 0x8e, 0x00, 0x00, 0x00,
    0x20, 0xeb, 0xff, 0xff, 0x55, 0x18, 0x00, 0x00, 0x3a, 0xf1, 0xff, 0xff,
    0x4c, 0xe2, 0xff, 0xff, 0xe2, 0xf6, 0xff, 0xff, 0x11, 0xec, 0xff, 0xff,
    0xd9, 0xfa, 0xff, 0xff, 0xdf, 0xf8, 0xff, 0xff, 0x1b, 0x0f, 0x00, 0x00,
    0x81, 0xf5, 0xff, 0xff, 0x66, 0xf7, 0xff, 0xff, 0x94, 0xff, 0xff, 0xff,
    0x85, 0xeb, 0xff, 0xff, 0xd5, 0xe8, 0xff, 0xff, 0x71, 0xf3, 0xff, 0xff,
    0x04, 0xf8, 0xff, 0xff, 0x79, 0xf4, 0xff, 0xff, 0x42, 0xf6, 0xff, 0xff,
    0x49, 0xd1, 0xff, 0xff, 0x1b, 0x29, 0x00, 0x00, 0x23, 0x0b, 0x00, 0x00,
    0x8c, 0xfe, 0xff, 0xff, 0xbb, 0x0f, 0x00, 0x00, 0x03, 0x06, 0x00, 0x00,
    0x38, 0x21, 0x00, 0x00, 0x79, 0x23, 0x00, 0x00, 0x0e, 0xfe, 0xff, 0xff,
    0x0f, 0xf2, 0xff, 0xff, 0x08, 0xf4, 0xff, 0xff, 0x28, 0xed, 0xff, 0xff,
    0x67, 0xde, 0xff, 0xff, 0xef, 0xdc, 0xff, 0xff, 0x48, 0x00, 0x00, 0x00,
    0x9d, 0x0c, 0x00, 0x00, 0xbb, 0xef, 0xff, 0xff, 0xdb, 0x01, 0x00, 0x00,
    0xe3, 0x12, 0x00, 0x00, 0x0f, 0xf6, 0xff, 0xff, 0xb5, 0xe8, 0xff, 0xff,
    0x62, 0x00, 0x00, 0x00, 0x39, 0xfd, 0xff, 0xff, 0x85, 0xea, 0xff, 0xff,
    0x1b, 0x1f, 0x00, 0x00, 0x47, 0x1e, 0x00, 0x00, 0x76, 0xf1, 0xff, 0xff,
    0x55, 0xf7, 0xff, 0xff, 0xc7, 0x0d, 0x00, 0x00, 0x1d, 0x14, 0x00, 0x00,
    0x42, 0xf9, 0xff, 0xff, 0xa6, 0xe6, 0xff, 0xff, 0xb5, 0xfc, 0xff, 0xff,
    0xea, 0xe3, 0xff, 0xff, 0x2e, 0xc3, 0xff, 0xff, 0x04, 0x00, 0x00, 0x00,
    0x0c, 0x03, 0x00, 0x00, 0xf6, 0xad, 0xe0, 0x0e, 0x97, 0x25, 0xf1, 0xd8,
    0x09, 0xf1, 0xc9, 0xc2, 0xff, 0xe1, 0x20, 0x3e, 0xf4, 0x29, 0xe5, 0xf3,
    0xcc, 0x33, 0x2d, 0x81, 0xb7, 0xa0, 0xd6, 0xec, 0x29, 0x81, 0x05, 0x65,
    0x3c, 0x32, 0x4d, 0x3e, 0xee, 0xf0, 0x1b, 0x3e, 0xc5, 0x58, 0xf2, 0x21,
    0xe6, 0x34, 0xf1, 0xd1, 0x99, 0xde, 0x05, 0xab, 0xe5, 0x7f, 0x7f, 0xfc,
    0x62, 0xeb, 0x41, 0xe5, 0xb3, 0x81, 0x78, 0xfc, 0xd9, 0x3b, 0xd7, 0xba,
    0x50, 0x5f, 0xd1, 0xca, 0xfb, 0x05, 0x2a, 0x7f, 0x0b, 0x24, 0xb4, 0xfa,
    0xcd, 0x37, 0xf4, 0xce, 0xb2, 0xf6, 0x1e, 0xbf, 0x81, 0xc3, 0xce, 0x1b,
    0xe9, 0x24, 0x25, 0x28, 0xdd, 0x39, 0xe1, 0x1c, 0xd2, 0xba, 0xb4, 0xd4,
    0xc3, 0x09, 0xcd, 0x30, 0x07, 0xf8, 0x0c, 0xe3, 0xd4, 0x11, 0x7e, 0x52,
    0x3b, 0x37, 0xeb, 0x0b, 0xee, 0x41, 0xff, 0x3d, 0x5d, 0x4b, 0xf1, 0xcd,
    0x07, 0x3f, 0x05, 0xf1, 0xf3, 0xdb, 0xa5, 0xf9, 0xf5, 0x22, 0xfc, 0xeb,
    0xf6, 0x7f, 0xcc, 0xfb, 0x20, 0xd3, 0x1d, 0x9f, 0xb6, 0xd0, 0xe6, 0x20,
    0x3a, 0xe5, 0x46, 0xfd, 0x22, 0xce, 0xb3, 0xf3, 0x9c, 0xc0, 0xba, 0x51,
    0x0b, 0x31, 0x39, 0xe3, 0x4c, 0xf1, 0x19, 0xba, 0x10, 0xc4, 0xab, 0x2f,
    0x6c, 0xc4, 0xdd, 0xda, 0x0a, 0xef, 0xf4, 0xfb, 0x69, 0x4b, 0xbf, 0x4a,
    0x06, 0xd4, 0xf7, 0x14, 0xe8, 0x0d, 0x03, 0x15, 0xed, 0xdf, 0x97, 0x0b,
    0xdb, 0xe8, 0x0b, 0x58, 0x0d, 0xb7, 0x2b, 0xec, 0x29, 0x90, 0x0e, 0x13,
    0x2f, 0xdb, 0x7a, 0xb9, 0x48, 0x3b, 0xe2, 0x8a, 0xb8, 0x2c, 0xe2, 0x53,
    0x28, 0x1c, 0xfe, 0x44, 0x7f, 0x02, 0xf9, 0x14, 0x3b, 0xe3, 0x94, 0xd9,
    0x32, 0xc4, 0xe8, 0x22, 0x8d, 0xd5, 0xb7, 0x0a, 0x33, 0xde, 0xd1, 0x26,
    0xe5, 0xdf, 0xc9, 0x92, 0xe8, 0x44, 0x81, 0x37, 0x0a, 0xcd, 0x87, 0x1a,
    0x34, 0x81, 0x04, 0x15, 0x81, 0x81, 0xbf, 0x08, 0x89, 0xf7, 0x1d, 0x31,
    0x06, 0xd7, 0x7f, 0xd3, 0xea, 0xfb, 0x6c, 0x9a, 0xdc, 0xf9, 0x23, 0x3a,
    0x1f, 0xaa, 0x03, 0x38, 0x06, 0x8e, 0x0c, 0x2f, 0xfd, 0x57, 0x44, 0xd4,
    0x2f, 0xb8, 0x17, 0x01, 0xb4, 0x53, 0x97, 0xda, 0xea, 0x9c, 0x65, 0x16,
    0x2f, 0xe5, 0xc9, 0x0f, 0xea, 0x23, 0x1c, 0x36, 0x0f, 0x00, 0xe9, 0xf4,
    0x2c, 0x06, 0xba, 0xd1, 0x8b, 0xe7, 0xf4, 0xfc, 0xc7, 0x76, 0xf4, 0x73,
    0xca, 0x03, 0x68, 0xc0, 0xc7, 0xdf, 0x23, 0x45, 0x1b, 0x7f, 0x03, 0x04,
    0x17, 0xc7, 0x98, 0xa6, 0xee, 0x9c, 0x2b, 0xcb, 0xe6, 0xf2, 0xb4, 0xdd,
    0xf2, 0xf1, 0x0f, 0x26, 0x32, 0x49, 0x16, 0xcc, 0xa8, 0x0c, 0x78, 0x00,
    0xe3, 0x4b, 0xf0, 0xfe, 0x10, 0xe8, 0xe6, 0xf7, 0xfe, 0xf1, 0x9e, 0x20,
    0x81, 0x05, 0xe4, 0xf5, 0xcb, 0x39, 0x62, 0x34, 0x47, 0x4c, 0xdf, 0x4e,
    0x81, 0xe2, 0x08, 0xd3, 0x0e, 0x89, 0x56, 0x64, 0x4c, 0x11, 0xff, 0x28,
    0xa1, 0x00, 0x81, 0xbe, 0xd1, 0x9c, 0xf7, 0xd7, 0xe5, 0x08, 0x84, 0xc8,
    0xe5, 0x40, 0x62, 0x7f, 0x4f, 0x07, 0x6c, 0xe2, 0xc9, 0xfd, 0x7f, 0x25,
    0xa6, 0xa3, 0xeb, 0x16, 0xd7, 0xe7, 0x04, 0xdb, 0xfe, 0x2e, 0xfd, 0xfc,
    0xa5, 0x36, 0x3e, 0x10, 0x4c, 0x1c, 0x64, 0x27, 0xe8, 0x56, 0x46, 0xb6,
    0x9b, 0xd2, 0x19, 0xec, 0x24, 0x81, 0x14, 0x7f, 0xb5, 0x64, 0x12, 0x8d,
    0xc8, 0x5a, 0xe3, 0x19, 0xa6, 0xf1, 0x07, 0x1c, 0xbd, 0xfd, 0xba, 0xb0,
    0x04, 0x18, 0x58, 0x1d, 0x3e, 0xff, 0x09, 0xf0, 0x5f, 0xeb, 0x7a, 0x49,
    0x4a, 0xd7, 0x40, 0x2f, 0x01, 0xfb, 0x95, 0xff, 0xf3, 0xfd, 0x28, 0x19,
    0xd8, 0x48, 0x30, 0x1f, 0x9d, 0x0f, 0x48, 0xfc, 0xe5, 0xd8, 0x3d, 0x81,
    0xfc, 0xcc, 0xeb, 0xea, 0x03, 0xfe, 0xca, 0x2e, 0x1b, 0x2e, 0xba, 0x81,
    0x0b, 0x3b, 0x0d, 0x7f, 0x8c, 0xbc, 0x38, 0x13, 0xc2, 0xe9, 0x24, 0xf7,
    0x31, 0xbc, 0x50, 0xb8, 0xcc, 0x00, 0x81, 0xe6, 0x41, 0x59, 0x13, 0x7f,
    0x3b, 0x7f, 0xd6, 0x7f, 0xf0, 0xd8, 0x8c, 0x05, 0xf8, 0x56, 0xd1, 0x1a,
    0xff, 0x0d, 0x28, 0xbe, 0x8c, 0xfa, 0xee, 0xe6, 0x47, 0x93, 0x16, 0x20,
    0xf0, 0xfd, 0x3e, 0x4a, 0x3d, 0x37, 0x95, 0x4d, 0xaa, 0xa7, 0x07, 0xef,
    0x7f, 0x47, 0x0c, 0x4a, 0xb7, 0xc2, 0x38, 0x19, 0xf4, 0xc3, 0x05, 0x21,
    0xd9, 0xd4, 0x81, 0xad, 0xe8, 0x51, 0x01, 0x9b, 0x4a, 0x9b, 0x2b, 0xdf,
    0x7f, 0xb2, 0x99, 0xa4, 0xdd, 0xb4, 0xd3, 0x1d, 0x06, 0x64, 0x25, 0xe3,
    0x1a, 0xd4, 0x67, 0xf1, 0x86, 0xa6, 0x30, 0xcc, 0xe9, 0xb1, 0x23, 0x2a,
    0x1d, 0xd8, 0x3c, 0x48, 0x2d, 0x7c, 0x81, 0x11, 0xa5, 0x93, 0x7f, 0x1b,
    0xf3, 0xe8, 0x28, 0x03, 0xff, 0xac, 0x36, 0x6c, 0x08, 0x93, 0x0c, 0xf8,
    0x0a, 0x81, 0xcc, 0xa4, 0xc3, 0xf6, 0x7b, 0xa9, 0xec, 0x81, 0xf9, 0xff,
    0x5e, 0xad, 0xb9, 0x18, 0x18, 0x81, 0x0b, 0xba, 0xff, 0x31, 0xd9, 0xc1,
    0xb5, 0x04, 0x7f, 0x6f, 0xbc, 0x09, 0x49, 0xa4, 0xee, 0xb6, 0x7f, 0xa9,
    0xc6, 0x92, 0xdb, 0xc9, 0x1d, 0x52, 0xbb, 0xa3, 0x81, 0x1e, 0x29, 0x22,
    0xb6, 0x9c, 0x6b, 0xc2, 0x18, 0x81, 0x0e, 0x12, 0x3e, 0xd9, 0xe2, 0xd0,
    0xe5, 0xdb, 0x33, 0x17, 0x81, 0x9a, 0x41, 0x81, 0x81, 0x21, 0x1e, 0x44,
    0x4e, 0x6d, 0x81, 0x33, 0x81, 0xa2, 0x4c, 0xa2, 0x81, 0x7f, 0x81, 0x81,
    0x0c, 0xd4, 0x42, 0x5a, 0xbb, 0xb4, 0x7f, 0x81, 0x67, 0xf2, 0x3c, 0xc3,
    0x1f, 0x81, 0x17, 0x81, 0x81, 0x2f, 0x00, 0xd1, 0x86, 0xa1, 0x07, 0x1d,
    0xa8, 0x81, 0x1e, 0x14, 0xab, 0xa1, 0x7f, 0x81, 0x7f, 0x6e, 0xe6, 0x81,
    0x81, 0x26, 0x8d, 0x39, 0x46, 0xc6, 0xff, 0xff, 0x04, 0x00, 0x00, 0x00,
    0xf0, 0x00, 0x00, 0x00, 0x61, 0xfd, 0xff, 0xff, 0xa4, 0xff, 0xff, 0xff,
    0xc6, 0x00, 0x00, 0x00, 0x9a, 0xff, 0xff, 0xff, 0x36, 0x00, 0x00, 0x00,
    0x65, 0xff, 0xff, 0xff, 0xf0, 0xfc, 0xff, 0xff, 0xf4, 0xfe, 0xff, 0xff,
    0xbe, 0xff, 0xff, 0xff, 0x63, 0xff, 0xff, 0xff, 0x12, 0xff, 0xff, 0xff,
    0xf8, 0xff, 0xff, 0xff, 0xf6, 0xff, 0xff, 0xff, 0xe5, 0xfe, 0xff, 0xff,
    0x3a, 0x00, 0x00, 0x00, 0x3f, 0x00, 0x00, 0x00, 0x27, 0x00, 0x00, 0x00,
    0xd6, 0xff, 0xff, 0xff, 0x01, 0x00, 0x00, 0x00, 0x07, 0xff, 0xff, 0xff,
    0xd2, 0xff, 0xff, 0xff, 0x5a, 0xff, 0xff, 0xff, 0xdc, 0xff, 0xff, 0xff,
    0xd7, 0x00, 0x00, 0x00, 0x4e, 0xff, 0xff, 0xff, 0xd2, 0xff, 0xff, 0xff,
    0xcc, 0xfe, 0xff, 0xff, 0xbf, 0xfe, 0xff, 0xff, 0xc2, 0xff, 0xff, 0xff,
    0x91, 0x00, 0x00, 0x00, 0x96, 0x00, 0x00, 0x00, 0x0a, 0x00, 0x00, 0x00,
    0x42, 0x01, 0x00, 0x00, 0x34, 0x00, 0x00, 0x00, 0x74, 0xfe, 0xff, 0xff,
    0xdd, 0x00, 0x00, 0x00, 0xe6, 0xff, 0xff, 0xff, 0xaa, 0x00, 0x00, 0x00,
    0x88, 0xfe, 0xff, 0xff, 0x10, 0x00, 0x00, 0x00, 0xe8, 0x03, 0x00, 0x00,
    0xbc, 0xff, 0xff, 0xff, 0x29, 0x00, 0x00, 0x00, 0x8d, 0xff, 0xff, 0xff,
    0x14, 0x00, 0x00, 0x00, 0x5c, 0xff, 0xff, 0xff, 0xd8, 0x00, 0x00, 0x00,
    0x52, 0x00, 0x00, 0x00, 0xe6, 0xfe, 0xff, 0xff, 0x36, 0xff, 0xff, 0xff,
    0x12, 0x00, 0x00, 0x00, 0xe0, 0xfe, 0xff, 0xff, 0xbf, 0xff, 0xff, 0xff,
    0x19, 0x01, 0x00, 0x00, 0x0a, 0x02, 0x00, 0x00, 0x30, 0x00, 0x00, 0x00,
    0xb7, 0xff, 0xff, 0xff, 0x58, 0x00, 0x00, 0x00, 0x80, 0x00, 0x00, 0x00,
    0x90, 0xff, 0xff, 0xff, 0x42, 0xc7, 0xff, 0xff, 0x04, 0x00, 0x00, 0x00,
    0x10, 0x0e, 0x00, 0x00, 0xde, 0x40, 0xbc, 0x23, 0x9e, 0x03, 0x19, 0xc6,
    0xfc, 0x56, 0xc1, 0x1f, 0x20, 0x08, 0x1e, 0x24, 0xdd, 0xe8, 0x2c, 0xeb,
    0x25, 0xfb, 0x3a, 0xcb, 0x0d, 0xca, 0xda, 0xe5, 0xea, 0x22, 0x28, 0xdf,
    0xf7, 0xd0, 0xfe, 0x11, 0xf7, 0xf7, 0x40, 0x13, 0xe5, 0x2b, 0x7f, 0xf5,
    0x12, 0xd3, 0x0f, 0x38, 0xd5, 0x29, 0x38, 0x2f, 0x13, 0x2c, 0x36, 0xf8,
    0x21, 0x31, 0xf9, 0xb2, 0xb1, 0x3c, 0xfb, 0x0b, 0xd4, 0x02, 0xf7, 0x0b,
    0x11, 0x4e, 0x00, 0xf6, 0xd7, 0x3a, 0xc9, 0xd2, 0x22, 0x2b, 0xc5, 0x33,
    0xa3, 0xe9, 0xe7, 0x27, 0xdd, 0x11, 0x1b, 0xf8, 0xee, 0x12, 0xd6, 0x81,
    0xdd, 0xf4, 0xef, 0xe8, 0xf4, 0x0e, 0x08, 0x20, 0xc4, 0x2c, 0x4d, 0xcd,
    0x43, 0xfb, 0x9f, 0x46, 0xdf, 0x56, 0xe7, 0xc2, 0xf6, 0x06, 0x3b, 0xcc,
    0xde, 0x2a, 0x06, 0xc9, 0x45, 0x1a, 0xff, 0xc2, 0xdd, 0xc2, 0xfe, 0xe9,
    0x11, 0xe0, 0x02, 0xe6, 0x13, 0x21, 0xde, 0xff, 0xdb, 0x00, 0xdb, 0x22,
    0x05, 0x17, 0xda, 0x11, 0x3e, 0xfa, 0x06, 0x27, 0xd6, 0x46, 0xc8, 0xd0,
    0x36, 0x49, 0x81, 0x2a, 0x05, 0x23, 0xd7, 0x03, 0x10, 0x20, 0x3c, 0xcb,
    0x46, 0x0d, 0x0f, 0xff, 0xfb, 0xde, 0x30, 0x2a, 0xe0, 0xb9, 0xf4, 0xf6,
    0xdd, 0x52, 0xed, 0x0a, 0x0f, 0xc6, 0x25, 0xe3, 0x0a, 0xef, 0x7f, 0xbe,
    0xe0, 0xd7, 0xbc, 0x07, 0xf7, 0xf7, 0xfb, 0xbb, 0xd4, 0x17, 0x06, 0x05,
    0xc9, 0x16, 0xbe, 0x38, 0xec, 0x13, 0xda, 0xc5, 0x06, 0xcd, 0x17, 0x1b,
    0x1a, 0x1f, 0xca, 0x2b, 0xc5, 0xba, 0xfd, 0xc4, 0x48, 0xde, 0x07, 0xc6,
    0x1f, 0x3a, 0x49, 0x0a, 0x64, 0x9e, 0xa7, 0x17, 0x76, 0xd2, 0x29, 0x37,
    0xa5, 0x90, 0x38, 0xc8, 0x10, 0xd7, 0x25, 0x0b, 0xe5, 0x40, 0x03, 0x4c,
    0xf4, 0x81, 0x15, 0x46, 0xc5, 0x2a, 0xda, 0x8f, 0x9d, 0x43, 0x1f, 0x77,
    0x21, 0x33, 0xdc, 0xee, 0x37, 0xfb, 0x32, 0x34, 0xeb, 0xfa, 0x24, 0xc3,
    0xe2, 0x09, 0xbc, 0xdb, 0x2d, 0xc0, 0x5d, 0x2d, 0xf8, 0xb2, 0xb1, 0xfc,
    0xcf, 0x00, 0xaa, 0x98, 0xd8, 0xb3, 0xd5, 0xcf, 0xb6, 0x07, 0xcd, 0xe8,
    0xf8, 0x03, 0xae, 0x0e, 0x41, 0x29, 0x15, 0xe0, 0xdd, 0xf0, 0x53, 0x08,
    0xa5, 0xbf, 0xa4, 0xeb, 0x01, 0xfe, 0x02, 0xe5, 0xec, 0x3a, 0xf9, 0xf9,
    0xb4, 0xe4, 0xd5, 0xe0, 0xfe, 0xba, 0x29, 0xfb, 0x2c, 0xe1, 0x1f, 0x0f,
    0xf4, 0x18, 0xdd, 0xce, 0x34, 0x28, 0x51, 0x1d, 0x31, 0xff, 0x35, 0xd6,
    0x12, 0xf2, 0xe3, 0xbe, 0xd6, 0xca, 0xc9, 0xdc, 0x18, 0xf7, 0xb6, 0xe2,
    0x57, 0x0a, 0xc7, 0x81, 0x4c, 0xd5, 0x14, 0xef, 0x02, 0xed, 0xed, 0x13,
    0xf2, 0xfe, 0xd4, 0x1e, 0x7f, 0xe7, 0xe4, 0xe6, 0x29, 0xea, 0xdb, 0x38,
    0x44, 0x09, 0x42, 0xe3, 0xea, 0x06, 0xfc, 0xcc, 0xdb, 0xe5, 0xb8, 0x20,
    0xed, 0x2d, 0xf4, 0xfc, 0xfd, 0xee, 0xdb, 0xf9, 0xfa, 0xfb, 0x2a, 0xc1,
    0xfd, 0x35, 0xe8, 0x20, 0xec, 0xea, 0xd1, 0xd5, 0xf7, 0xd9, 0x07, 0x33,
    0xde, 0x19, 0x1a, 0x0e, 0x3d, 0x15, 0x0b, 0x01, 0xc5, 0xd7, 0x29, 0xec,
    0x30, 0x42, 0x30, 0x5f, 0xe9, 0xbe, 0x0b, 0xe0, 0xde, 0xfe, 0xf7, 0x3b,
    0x2c, 0x13, 0x35, 0x1f, 0x07, 0x0d, 0x07, 0xd9, 0x7f, 0x46, 0xd5, 0x23,
    0x0e, 0xea, 0xcd, 0xf4, 0x2a, 0xdf, 0xfe, 0x15, 0x23, 0xe5, 0x00, 0xfc,
    0x48, 0xfc, 0x25, 0x06, 0xe4, 0x66, 0xea, 0x73, 0x22, 0x41, 0x0e, 0xee,
    0x09, 0x06, 0xb3, 0xed, 0x61, 0x40, 0x99, 0xb5, 0x13, 0xed, 0x1d, 0x59,
    0x2a, 0x1b, 0x25, 0xd4, 0x39, 0xd6, 0xc9, 0x48, 0x21, 0x7f, 0xe3, 0x1c,
    0xb0, 0xe3, 0x18, 0x72, 0x90, 0x1d, 0x33, 0xb7, 0x4e, 0xfd, 0xad, 0xfc,
    0x73, 0xb5, 0x43, 0xcf, 0x49, 0x84, 0xf1, 0xa5, 0xb3, 0x59, 0x15, 0xf1,
    0xde, 0xc4, 0xeb, 0xd4, 0x8d, 0xe4, 0xa6, 0xd8, 0x19, 0xa8, 0x0c, 0xff,
    0xbb, 0x86, 0xb7, 0xc9, 0xd5, 0xe1, 0xfa, 0xc7, 0x12, 0x1d, 0x19, 0x19,
    0x08, 0x81, 0x2d, 0x35, 0xe0, 0x2d, 0xfe, 0x09, 0xdf, 0x10, 0x16, 0x12,
    0x56, 0x15, 0x29, 0x38, 0x34, 0x5f, 0x02, 0x13, 0x41, 0x5c, 0xf3, 0xaa,
    0xd3, 0xe5, 0x24, 0x20, 0xf6, 0xeb, 0xd7, 0x2b, 0x28, 0x1f, 0xb9, 0x4a,
    0x54, 0xc1, 0xd5, 0x19, 0xea, 0xe7, 0xf4, 0x08, 0xb1, 0xdd, 0xa6, 0xfc,
    0xa6, 0xf9, 0xe2, 0xeb, 0x0d, 0x25, 0x10, 0x09, 0x17, 0xba, 0x3c, 0x21,
    0x1a, 0x5d, 0x2d, 0xde, 0xbe, 0xf0, 0xf2, 0xdc, 0x03, 0x13, 0x02, 0x14,
    0x63, 0xaa, 0x2f, 0xc6, 0x04, 0x19, 0xe7, 0x01, 0x7f, 0x26, 0xe9, 0x0e,
    0xd6, 0x1e, 0x93, 0x44, 0xeb, 0xb8, 0x50, 0xbd, 0xff, 0x1d, 0x10, 0xd0,
    0x0a, 0xbd, 0x1a, 0xdb, 0x0e, 0x1e, 0x29, 0x40, 0xe3, 0x39, 0xfd, 0x55,
    0x05, 0x0a, 0x4b, 0x31, 0x36, 0x28, 0xda, 0xc4, 0xc8, 0xf1, 0x02, 0xa9,
    0xef, 0xe5, 0xdc, 0x07, 0xe2, 0x37, 0x54, 0xef, 0xa9, 0x05, 0x1b, 0x56,
    0xfb, 0x14, 0x2c, 0x89, 0x40, 0xd4, 0x47, 0x0c, 0x08, 0xd4, 0x9d, 0xbf,
    0x2d, 0xdf, 0x09, 0x1f, 0x4f, 0xb0, 0xec, 0x24, 0xea, 0xea, 0x09, 0xc9,
    0x81, 0xc4, 0xf9, 0x06, 0x0d, 0xe1, 0x27, 0x20, 0x2c, 0x0b, 0xe0, 0x0f,
    0x05, 0xc1, 0xc5, 0xf3, 0x18, 0xe9, 0x19, 0x44, 0xd9, 0x02, 0xec, 0x0b,
    0xe7, 0xbc, 0x44, 0xf4, 0x0a, 0x05, 0xc8, 0x19, 0xde, 0xe1, 0x28, 0xd1,
    0x05, 0x15, 0x0c, 0xe7, 0x1e, 0x26, 0xec, 0xcf, 0xe2, 0xed, 0x3e, 0xc7,
    0xbc, 0x81, 0x29, 0x0d, 0x36, 0xef, 0x2a, 0x05, 0xdc, 0x14, 0x1b, 0xf9,
    0xc1, 0xd2, 0x25, 0x43, 0x13, 0xfa, 0xd8, 0xbc, 0xe8, 0x0d, 0xb5, 0x3e,
    0x16, 0xdb, 0xf6, 0xfb, 0xc6, 0xaa, 0xb8, 0xb2, 0x3b, 0xf0, 0x5c, 0x28,
    0xe2, 0xbc, 0xee, 0xf7, 0x17, 0xf4, 0xf6, 0x25, 0x29, 0xf7, 0x16, 0xf8,
    0xfa, 0x00, 0x06, 0x29, 0x08, 0xd2, 0x59, 0xc9, 0x1e, 0xdc, 0xb3, 0x12,
    0x4c, 0x29, 0x2a, 0xe3, 0xf3, 0x99, 0x30, 0xf4, 0x10, 0x4b, 0xec, 0x2b,
    0x1f, 0x3a, 0x43, 0x04, 0x3d, 0xd7, 0x46, 0xc4, 0x69, 0x12, 0xd7, 0xf2,
    0xd6, 0x81, 0x0a, 0x3e, 0x0f, 0xf3, 0xdd, 0xcf, 0x23, 0xfc, 0x0a, 0xdd,
    0xe4, 0x11, 0xe4, 0x08, 0xe3, 0xf0, 0x2f, 0x24, 0x81, 0x2c, 0x08, 0x41,
    0xe0, 0xba, 0xee, 0xc5, 0xf6, 0xf6, 0x08, 0xee, 0xd7, 0x60, 0xb8, 0x18,
    0x19, 0x37, 0xc1, 0xc7, 0x68, 0x33, 0xf3, 0x4a, 0x5b, 0xf2, 0x3c, 0x1a,
    0xe2, 0x11, 0x9e, 0xef, 0x05, 0xdf, 0xec, 0xdc, 0xd4, 0x1e, 0xc1, 0xed,
    0xcc, 0x0e, 0x28, 0xdd, 0x40, 0xea, 0x39, 0x0c, 0x1b, 0xdc, 0xf3, 0x1c,
    0x30, 0xa6, 0x13, 0x07, 0xfd, 0xda, 0xd6, 0xea, 0xed, 0xeb, 0x48, 0x3f,
    0x0d, 0x4a, 0xdb, 0x05, 0xeb, 0xd6, 0xd7, 0x1d, 0xeb, 0x33, 0x17, 0xda,
    0xc3, 0x30, 0xec, 0xec, 0xf0, 0x7f, 0x31, 0x6d, 0xbc, 0x20, 0xe0, 0x3d,
    0x0b, 0x24, 0x4f, 0xb7, 0xeb, 0x28, 0xf3, 0x49, 0x06, 0x30, 0xfc, 0x5c,
    0xb6, 0x04, 0xe0, 0x48, 0x55, 0xda, 0x51, 0xfd, 0xf5, 0xf4, 0xd4, 0x43,
    0xd3, 0x63, 0x54, 0x31, 0xe1, 0xfe, 0x49, 0xf1, 0x10, 0xe4, 0xd7, 0x7f,
    0x98, 0xe9, 0xfe, 0xb1, 0x1d, 0xce, 0x3a, 0x0f, 0xe0, 0x17, 0xa1, 0xf7,
    0xdc, 0xd3, 0x41, 0x04, 0x67, 0xbb, 0x39, 0xa6, 0x42, 0xcd, 0x1c, 0x42,
    0x03, 0xd0, 0xcf, 0xe7, 0x5e, 0x22, 0x29, 0xf2, 0x1f, 0x35, 0xe9, 0x00,
    0xbf, 0xe1, 0x2c, 0xf6, 0xf9, 0x01, 0xdc, 0x1e, 0x0c, 0xf4, 0x0b, 0xc8,
    0xe9, 0xf4, 0xc0, 0x5f, 0x4f, 0x21, 0xdd, 0x2b, 0x38, 0xd3, 0xbc, 0xf3,
    0xd6, 0x15, 0xf1, 0xd8, 0x0a, 0xec, 0xa5, 0x11, 0x2c, 0xca, 0xb5, 0x45,
    0xfa, 0x4b, 0x1d, 0x3f, 0xf2, 0x3d, 0xc8, 0x4c, 0xda, 0xbb, 0x01, 0xf7,
    0xef, 0xfb, 0xb7, 0x36, 0x22, 0xf3, 0xec, 0x15, 0x3e, 0xd5, 0xf7, 0x22,
    0x81, 0x1f, 0xa0, 0x0a, 0xe3, 0x3d, 0x03, 0xda, 0x23, 0x04, 0xb5, 0x0d,
    0x17, 0xce, 0x94, 0x0b, 0xf6, 0xd9, 0xc4, 0x3f, 0xce, 0x3b, 0x0a, 0x0e,
    0xd9, 0xe3, 0xe0, 0x33, 0x29, 0xc3, 0xfc, 0x07, 0xd8, 0xaf, 0xfe, 0x27,
    0xfb, 0x1f, 0x43, 0x45, 0x40, 0x07, 0xf9, 0xb6, 0x27, 0x2d, 0x7f, 0xf1,
    0x5f, 0xff, 0x22, 0xca, 0xd8, 0x29, 0x58, 0x1e, 0x7d, 0x73, 0xf5, 0xd1,
    0xa0, 0xfc, 0xb3, 0x28, 0x33, 0xf6, 0x51, 0x3f, 0xc0, 0x95, 0x2e, 0xf1,
    0xf7, 0x71, 0x00, 0xcd, 0xdc, 0x25, 0x27, 0x33, 0x37, 0x2c, 0xbf, 0xff,
    0x52, 0xe3, 0xac, 0xc7, 0x5e, 0xee, 0xe6, 0xf9, 0x3b, 0x34, 0xdb, 0x25,
    0xd3, 0xfc, 0x1d, 0x3b, 0x81, 0x06, 0xb9, 0xcd, 0xf6, 0xbe, 0xdb, 0x20,
    0x4d, 0x1a, 0xce, 0x13, 0x29, 0x3d, 0x1e, 0xed, 0xd1, 0x12, 0x70, 0x05,
    0x13, 0x3c, 0x3d, 0xe6, 0xc8, 0xf6, 0x68, 0x6d, 0x05, 0xd4, 0xe9, 0xa5,
    0xd0, 0x07, 0xdf, 0x46, 0x23, 0x11, 0xcc, 0xcc, 0x0c, 0xd0, 0x7d, 0x44,
    0x5e, 0xd9, 0x1c, 0xf9, 0x28, 0xb5, 0x04, 0x41, 0x1c, 0xee, 0xcb, 0xc3,
    0xcd, 0x12, 0xc8, 0xd0, 0xc3, 0xb6, 0xca, 0x15, 0x4f, 0xb3, 0xde, 0x0b,
    0xd4, 0x2a, 0x16, 0xdb, 0x5b, 0xa8, 0x3b, 0xb5, 0x25, 0xde, 0x81, 0x26,
    0xa8, 0x2c, 0xf0, 0x1f, 0xd3, 0x1b, 0xbf, 0xfd, 0xa7, 0x40, 0x3d, 0xf7,
    0x18, 0x04, 0x0a, 0xd5, 0x29, 0xee, 0x0b, 0xde, 0xf2, 0x1f, 0xca, 0x0d,
    0xdb, 0xe2, 0x02, 0x0c, 0xe0, 0x35, 0x07, 0x2a, 0x7f, 0x08, 0x0a, 0x2b,
    0x1b, 0xbd, 0xe0, 0x06, 0xed, 0xf9, 0xd4, 0xe2, 0xd2, 0xda, 0x39, 0xc4,
    0xc4, 0x2c, 0x13, 0x01, 0x17, 0xe9, 0x24, 0xc3, 0x0e, 0xb9, 0x14, 0x33,
    0x27, 0x31, 0x19, 0xe3, 0x05, 0xf6, 0xf6, 0xec, 0x0e, 0xcf, 0xa0, 0xa7,
    0x3e, 0xf1, 0xee, 0xaf, 0x14, 0x93, 0xf1, 0x16, 0x5c, 0x3f, 0xef, 0xce,
    0xf9, 0x24, 0x3b, 0x81, 0xa9, 0x3f, 0xa0, 0x92, 0x0d, 0xc7, 0x2a, 0x52,
    0xd4, 0x92, 0x01, 0x0d, 0x13, 0x35, 0xc2, 0xc9, 0x3d, 0xf5, 0x04, 0xda,
    0x03, 0xf2, 0xda, 0x12, 0xf5, 0x5d, 0xff, 0x34, 0xec, 0x15, 0xf3, 0xc0,
    0x45, 0x00, 0xdf, 0x1a, 0xf3, 0xc2, 0x11, 0x23, 0x12, 0x37, 0xf3, 0x9e,
    0x06, 0x16, 0x35, 0xc0, 0x43, 0xba, 0x25, 0xea, 0x3d, 0x53, 0x6b, 0xdd,
    0x36, 0xe2, 0xe8, 0xe9, 0xf2, 0xf9, 0xc8, 0x94, 0x06, 0x0f, 0xd2, 0x33,
    0xe5, 0x44, 0x00, 0x2a, 0x5c, 0x53, 0xe7, 0xda, 0x7f, 0xed, 0x1d, 0x28,
    0x1c, 0xdb, 0x54, 0xf9, 0xdd, 0x4e, 0xa5, 0xd3, 0x9d, 0xe7, 0xc2, 0x9a,
    0xf3, 0x23, 0xef, 0x2e, 0x3d, 0xde, 0x7f, 0xf0, 0x0f, 0x22, 0x24, 0xee,
    0x28, 0x03, 0x1d, 0xe6, 0x37, 0xe3, 0xb8, 0xd1, 0xde, 0xd5, 0x00, 0xf4,
    0xe0, 0xdc, 0x24, 0xea, 0xa7, 0x0f, 0x91, 0xe6, 0xf9, 0xd9, 0x13, 0x47,
    0x61, 0x37, 0x26, 0xda, 0xaf, 0xdc, 0x29, 0x08, 0x12, 0x10, 0x26, 0xe8,
    0x23, 0xd1, 0xf0, 0xe0, 0x0e, 0x1e, 0xcf, 0x71, 0xe2, 0x28, 0x0a, 0x0a,
    0xce, 0x07, 0xbf, 0x33, 0x18, 0xf3, 0xfe, 0x2e, 0x40, 0xf5, 0xdd, 0xd3,
    0xff, 0x34, 0x29, 0x04, 0xcb, 0xf2, 0xd6, 0x4e, 0x81, 0xee, 0x07, 0x51,
    0xff, 0x34, 0xfd, 0xc7, 0xd8, 0xca, 0xf8, 0x39, 0x12, 0x03, 0x2f, 0x16,
    0x3b, 0xc4, 0xfb, 0x40, 0x46, 0xde, 0x04, 0xfd, 0xfa, 0x2a, 0xdb, 0xfc,
    0xe9, 0xe3, 0xd1, 0xd4, 0x09, 0x16, 0x0e, 0x21, 0xdf, 0x08, 0x0b, 0x25,
    0xcb, 0x08, 0x25, 0xff, 0xea, 0xe2, 0x49, 0x6a, 0xd8, 0x4b, 0x3a, 0x65,
    0x1b, 0xf8, 0xa8, 0x3b, 0x30, 0xca, 0xb5, 0x3b, 0xa6, 0xaa, 0xd1, 0xdd,
    0xcd, 0x4b, 0xa1, 0xd1, 0x2d, 0x19, 0x42, 0xf4, 0xfa, 0xf6, 0xb0, 0xc4,
    0xfb, 0x64, 0xc0, 0x06, 0xc8, 0x09, 0x33, 0x02, 0x7f, 0x40, 0xc1, 0xac,
    0xa4, 0x09, 0x34, 0x23, 0x27, 0xeb, 0xa9, 0x07, 0xfe, 0xb7, 0x8d, 0x18,
    0x32, 0xc2, 0x39, 0xf7, 0x6f, 0x00, 0x40, 0xbd, 0xca, 0x25, 0xf8, 0x09,
    0xe7, 0xa3, 0xb4, 0x81, 0xd9, 0xcc, 0x0e, 0xed, 0xd9, 0x99, 0xbf, 0xab,
    0xce, 0x1a, 0x16, 0x21, 0x12, 0x11, 0xef, 0xc3, 0xac, 0x22, 0xef, 0xb2,
    0xd0, 0xd3, 0xef, 0x30, 0xca, 0x00, 0xd5, 0x2f, 0xef, 0x33, 0xd3, 0xf5,
    0xb7, 0x08, 0xab, 0x3c, 0xd0, 0xbe, 0x18, 0x12, 0x05, 0x2e, 0x32, 0x15,
    0xed, 0x3a, 0xc3, 0x1e, 0x24, 0xaa, 0x5c, 0xd7, 0x19, 0x1c, 0x5e, 0x16,
    0x10, 0x1f, 0xc7, 0xb8, 0x2b, 0xb6, 0x12, 0x21, 0x20, 0x1a, 0x3f, 0x15,
    0xd1, 0x24, 0xf6, 0xbf, 0x72, 0xbf, 0x08, 0x41, 0xfa, 0xed, 0xe9, 0x78,
    0x43, 0xe5, 0x8e, 0xe1, 0x9d, 0x5f, 0x2c, 0x25, 0x4d, 0x09, 0xfe, 0xaa,
    0x1c, 0x10, 0x34, 0x0c, 0x01, 0xca, 0x04, 0xa1, 0x04, 0xd1, 0xc5, 0x0c,
    0x7f, 0xfe, 0xdb, 0xdb, 0xe6, 0xf5, 0xe2, 0xd4, 0x0d, 0xd5, 0x0a, 0x21,
    0x24, 0x62, 0xfe, 0xd9, 0xae, 0x0c, 0xbb, 0xee, 0x17, 0xc5, 0x64, 0xc4,
    0x3c, 0xd4, 0xe0, 0xf6, 0x60, 0xf8, 0xaf, 0x16, 0x18, 0x35, 0xdc, 0xd5,
    0xec, 0x35, 0x40, 0xef, 0x0d, 0x5d, 0x07, 0xd9, 0x3a, 0xae, 0x78, 0x9e,
    0xb7, 0xfa, 0x6b, 0xb4, 0x4a, 0x1c, 0x05, 0x69, 0xd9, 0xe0, 0x81, 0xee,
    0xba, 0xe8, 0x13, 0xbb, 0x34, 0x29, 0x71, 0x4f, 0x01, 0xf0, 0x1b, 0x99,
    0xb4, 0xf0, 0x2f, 0xd1, 0x0c, 0x37, 0x29, 0xe3, 0x77, 0x97, 0x53, 0x66,
    0x58, 0x9d, 0xf4, 0xe5, 0x21, 0x7f, 0x97, 0xf0, 0x4d, 0x65, 0x2c, 0xca,
    0xbb, 0x14, 0xc2, 0x0e, 0xeb, 0x1b, 0x51, 0xe8, 0x48, 0x05, 0x56, 0xda,
    0xc9, 0x58, 0x03, 0x13, 0x52, 0x5c, 0xe5, 0x67, 0xfb, 0x2b, 0xea, 0x95,
    0x1d, 0xea, 0xfb, 0xd2, 0x47, 0xe4, 0xc4, 0xe2, 0xcc, 0x8d, 0x0a, 0x05,
    0xd6, 0x73, 0x2e, 0xe3, 0x37, 0xea, 0xfd, 0xed, 0x1a, 0xcb, 0xd1, 0xa5,
    0xc9, 0xb0, 0x2a, 0xe6, 0xaf, 0xb3, 0xb7, 0xf2, 0xd5, 0xef, 0xbd, 0x46,
    0xfc, 0xa3, 0xec, 0xff, 0x58, 0x44, 0x1b, 0xd8, 0x30, 0xc8, 0x52, 0xa2,
    0x20, 0xdc, 0xfe, 0x43, 0xa0, 0xe4, 0xb5, 0xd9, 0xf0, 0x7e, 0x7f, 0x7c,
    0x30, 0x68, 0xe8, 0xeb, 0x23, 0xed, 0xdd, 0xb1, 0x2f, 0xbd, 0xff, 0xe6,
    0xfd, 0xa7, 0x4a, 0x1f, 0xf6, 0xeb, 0x3a, 0xdf, 0x26, 0xc9, 0x21, 0xde,
    0x4a, 0x81, 0x0f, 0xcf, 0xf7, 0x09, 0x17, 0xfc, 0x55, 0x4c, 0xf6, 0xed,
    0x09, 0x4b, 0xf5, 0x28, 0x28, 0xb3, 0xd0, 0xb8, 0x13, 0xbd, 0x3b, 0x21,
    0x22, 0x18, 0xdf, 0x28, 0xdb, 0x6b, 0xe2, 0x2b, 0x60, 0xbe, 0x12, 0xe8,
    0xce, 0xbd, 0x20, 0x26, 0x03, 0xf3, 0x6b, 0xc2, 0x55, 0x26, 0xde, 0x37,
    0x46, 0x20, 0x10, 0xda, 0x77, 0x0d, 0x18, 0x12, 0xe5, 0x9f, 0xc0, 0x4d,
    0x3c, 0xff, 0x44, 0x49, 0xfd, 0xe5, 0xf0, 0xd7, 0xea, 0x20, 0xf6, 0xfe,
    0x04, 0xff, 0x26, 0xa7, 0xe7, 0xa7, 0xc3, 0x27, 0xd7, 0x03, 0x29, 0x2c,
    0xdb, 0x27, 0x65, 0xa9, 0x1f, 0xd7, 0xe6, 0x76, 0x64, 0x18, 0x02, 0xd2,
    0x30, 0x81, 0x12, 0x75, 0xe3, 0xa5, 0x17, 0x16, 0x6c, 0x14, 0xdb, 0x27,
    0x21, 0xb6, 0x1b, 0x40, 0xd3, 0xbb, 0x0f, 0x92, 0xe0, 0x26, 0x05, 0x34,
    0xf3, 0xb4, 0xd7, 0x07, 0x2e, 0xe4, 0x31, 0x2e, 0x3f, 0x2f, 0x74, 0xb8,
    0xd2, 0x81, 0x11, 0x40, 0xa7, 0xe5, 0x4e, 0xe9, 0x09, 0xd7, 0xfc, 0xf1,
    0xc9, 0xd3, 0xd9, 0xb1, 0x47, 0xfb, 0xde, 0x44, 0x41, 0x5a, 0xe0, 0x91,
    0x67, 0x3a, 0x06, 0x59, 0x14, 0x00, 0xac, 0x42, 0x41, 0x41, 0x26, 0xad,
    0xed, 0x45, 0xed, 0x9c, 0x56, 0xdb, 0x2f, 0xe9, 0x42, 0xf9, 0x3d, 0x57,
    0xf1, 0xea, 0x63, 0xf9, 0x29, 0x39, 0x89, 0xc3, 0x49, 0xbc, 0xe9, 0xa0,
    0x30, 0x29, 0xf2, 0xd4, 0xa7, 0x3b, 0x41, 0xc2, 0x7f, 0x00, 0xc9, 0xf1,
    0xa8, 0x06, 0x3b, 0xf2, 0xc2, 0xb3, 0x4e, 0x9f, 0xbe, 0xd1, 0xf0, 0x43,
    0x5b, 0x36, 0xee, 0xd7, 0xd3, 0xc6, 0x30, 0x56, 0x28, 0x00, 0x57, 0x85,
    0xd8, 0x54, 0xf4, 0xee, 0xd5, 0xc1, 0x02, 0x4f, 0xe6, 0xc6, 0xc3, 0x2c,
    0xda, 0xff, 0x2d, 0xe3, 0x39, 0x8e, 0x0d, 0xe3, 0x34, 0xfb, 0xd9, 0x08,
    0x37, 0xd4, 0xb6, 0xfa, 0x36, 0x4f, 0xf1, 0x03, 0x7f, 0x5b, 0x25, 0xdd,
    0x1b, 0x04, 0x10, 0x01, 0xe6, 0x43, 0xc6, 0xc0, 0xa9, 0xa2, 0x54, 0x59,
    0x43, 0x44, 0xeb, 0xfd, 0x26, 0xd8, 0x01, 0xf9, 0x50, 0x18, 0x18, 0xff,
    0xce, 0x38, 0x05, 0x0f, 0xc0, 0xdd, 0x1b, 0x2a, 0x81, 0xcf, 0xd2, 0x67,
    0xd3, 0xbc, 0xd9, 0x38, 0x27, 0xec, 0x3c, 0xf2, 0xff, 0x23, 0xd3, 0x1c,
    0x30, 0xf8, 0x02, 0x11, 0x17, 0xb6, 0x2d, 0xcf, 0x1f, 0x0f, 0x34, 0x06,
    0xf1, 0xc5, 0xdc, 0x22, 0x02, 0xf2, 0x3b, 0x17, 0xcc, 0xd9, 0x2a, 0xc0,
    0x0c, 0xe1, 0xe5, 0xd1, 0x73, 0x47, 0xcc, 0xbb, 0x67, 0x51, 0x4c, 0xbc,
    0x15, 0xc3, 0xa9, 0x05, 0x25, 0x19, 0xa9, 0x39, 0x02, 0xbe, 0xfb, 0x53,
    0xe3, 0xcf, 0xe4, 0x84, 0x2e, 0xc4, 0xde, 0x0a, 0x15, 0x23, 0xb6, 0x25,
    0xe1, 0xce, 0x84, 0x9c, 0xcb, 0x38, 0x3d, 0x7e, 0x5a, 0xbc, 0xfb, 0xf7,
    0xb7, 0x04, 0x18, 0xbd, 0xb9, 0x84, 0x81, 0x8a, 0xb7, 0x03, 0xed, 0x1c,
    0x49, 0x34, 0xb8, 0xf0, 0xfd, 0xf9, 0xca, 0x37, 0x41, 0xd0, 0x0f, 0x38,
    0x1b, 0x4b, 0x39, 0xc5, 0xda, 0xf5, 0x26, 0xce, 0xea, 0xca, 0xed, 0x2c,
    0x36, 0xf6, 0x22, 0xaf, 0xec, 0xd6, 0xbd, 0x37, 0x14, 0x27, 0x05, 0xdd,
    0xb7, 0x16, 0xd5, 0x2a, 0xbc, 0x81, 0xed, 0xf9, 0x3b, 0xdd, 0xed, 0xd4,
    0x1d, 0x1f, 0xef, 0x0e, 0xcb, 0x3a, 0x08, 0x3d, 0xd5, 0xd6, 0xe1, 0x1a,
    0xde, 0xfd, 0x07, 0xe1, 0xe6, 0x32, 0x32, 0x06, 0x30, 0x0f, 0xf9, 0x01,
    0x39, 0x37, 0x21, 0x1d, 0x3a, 0x81, 0xce, 0x2b, 0xe7, 0xc6, 0x35, 0x1e,
    0xa5, 0xe0, 0x35, 0x05, 0xdb, 0x28, 0xe1, 0x01, 0x2d, 0xb2, 0x21, 0xc6,
    0xd7, 0xd0, 0x36, 0xd3, 0xd8, 0xfa, 0x16, 0x0c, 0xc0, 0xea, 0x4b, 0xc7,
    0x0c, 0x0a, 0x1b, 0x3f, 0xe5, 0x29, 0x14, 0x2a, 0x45, 0xc5, 0xbc, 0xf4,
    0xdb, 0xec, 0xd8, 0x9a, 0x02, 0x00, 0xd5, 0x45, 0xcc, 0xf7, 0xdb, 0x5c,
    0xa1, 0x23, 0xfd, 0xab, 0x5b, 0x02, 0x4a, 0x35, 0xfa, 0xd0, 0x63, 0x0f,
    0x07, 0xe8, 0x22, 0x11, 0xed, 0x4e, 0x08, 0xd5, 0xdc, 0xf7, 0xe1, 0xc5,
    0x2a, 0x41, 0xdc, 0x05, 0x27, 0xf5, 0x32, 0xf2, 0x28, 0x04, 0xd6, 0xe2,
    0x48, 0x43, 0xf1, 0x2a, 0x23, 0xd6, 0x81, 0xee, 0x0a, 0xdb, 0x5e, 0x5d,
    0x1c, 0xca, 0xe3, 0xc1, 0x2f, 0xfd, 0xd2, 0x02, 0x2a, 0xf6, 0xef, 0xd8,
    0xf1, 0x06, 0x1a, 0xd6, 0xb7, 0xf8, 0x25, 0x32, 0x81, 0x19, 0x08, 0x3d,
    0xcf, 0xf0, 0x30, 0xf8, 0x10, 0xdf, 0xe2, 0x1f, 0xec, 0x1b, 0x0b, 0xf7,
    0x0d, 0x24, 0xeb, 0xc4, 0x1b, 0xdc, 0x07, 0xe7, 0xde, 0x3c, 0xd4, 0xde,
    0xe4, 0x15, 0x24, 0xf6, 0xbc, 0xe8, 0x25, 0xe1, 0x0c, 0x34, 0x27, 0x3f,
    0xb7, 0x18, 0x07, 0x07, 0xe9, 0x00, 0x21, 0x7f, 0x14, 0x35, 0xce, 0x15,
    0x25, 0xb2, 0xdf, 0xd7, 0x2a, 0x2c, 0x12, 0xcd, 0x34, 0xd4, 0x19, 0x2f,
    0x77, 0xf1, 0x2a, 0x3a, 0x1e, 0x4e, 0x28, 0x09, 0x1e, 0xd6, 0xfd, 0x3c,
    0x11, 0xb2, 0xdf, 0x14, 0x2a, 0x9f, 0x12, 0xd4, 0x2a, 0xdb, 0x9b, 0x3d,
    0xba, 0x07, 0xc7, 0x31, 0x1c, 0xd7, 0xa9, 0x6f, 0xeb, 0x4e, 0x74, 0x1f,
    0xa0, 0x31, 0xbb, 0x24, 0x7a, 0x1c, 0x27, 0x22, 0xec, 0xa9, 0xcd, 0xf7,
    0x26, 0x8f, 0x35, 0xa6, 0x30, 0x81, 0x09, 0xdf, 0xc3, 0xc8, 0x72, 0x2c,
    0xde, 0x0b, 0xac, 0xd8, 0x2c, 0x04, 0xb1, 0x50, 0x7d, 0x06, 0x51, 0xd9,
    0xa8, 0xd0, 0x9c, 0x36, 0xde, 0x51, 0x2b, 0xa4, 0xc4, 0x32, 0xf2, 0xe9,
    0x23, 0x44, 0x01, 0xb7, 0xec, 0x5a, 0xe8, 0xfd, 0x3e, 0x17, 0x24, 0xe9,
    0x2c, 0x42, 0xe8, 0x3b, 0x04, 0xd7, 0x17, 0x0e, 0xbc, 0xfb, 0x01, 0x14,
    0x9f, 0x28, 0xfa, 0x13, 0xcb, 0xd9, 0xbe, 0xc5, 0xdf, 0x2f, 0xd1, 0xc9,
    0xec, 0xee, 0xd2, 0x1f, 0x00, 0x04, 0x61, 0xc7, 0x4e, 0xf3, 0xe9, 0x10,
    0x25, 0x00, 0xe0, 0xb3, 0xeb, 0x17, 0x44, 0x22, 0x34, 0xa9, 0xa0, 0xd3,
    0xd5, 0xe8, 0x2e, 0x1b, 0x4f, 0x9c, 0x0a, 0x33, 0x7f, 0x34, 0xf8, 0x20,
    0x08, 0x1a, 0xd5, 0xbd, 0xc2, 0xba, 0x1e, 0x81, 0x3e, 0x27, 0x0d, 0x99,
    0x0a, 0x34, 0x2b, 0x04, 0xc0, 0x13, 0xfe, 0xa0, 0xe5, 0x51, 0xc5, 0xf4,
    0xe5, 0x29, 0xc0, 0xe7, 0x15, 0xc9, 0xc9, 0xf1, 0x19, 0xd0, 0x18, 0x17,
    0x38, 0x48, 0x38, 0x4e, 0x0a, 0x10, 0x11, 0x49, 0x5e, 0x19, 0x16, 0xea,
    0x20, 0xb9, 0x0a, 0x09, 0xfd, 0xf6, 0xaa, 0xd6, 0x6b, 0x25, 0x14, 0x48,
    0x0f, 0xe4, 0x18, 0x27, 0x14, 0xec, 0x0b, 0xf3, 0xe4, 0x96, 0xbb, 0xd9,
    0x0d, 0x2e, 0x25, 0x23, 0x34, 0xae, 0x9c, 0x2c, 0xd1, 0x4b, 0xa9, 0xdd,
    0x04, 0x18, 0x0e, 0x03, 0x4f, 0x9d, 0x34, 0xd4, 0x18, 0x10, 0xf2, 0x22,
    0xca, 0xbc, 0xa4, 0xd6, 0x00, 0x3a, 0x27, 0xdd, 0x04, 0xd9, 0xf8, 0x8c,
    0x51, 0x9f, 0x19, 0xd7, 0xd7, 0xee, 0xac, 0x37, 0x42, 0x30, 0x2e, 0x7f,
    0x07, 0x1c, 0x28, 0xd9, 0x2d, 0x33, 0x5f, 0x98, 0xf7, 0x55, 0x9f, 0xfb,
    0xf4, 0x28, 0xd8, 0xda, 0xfb, 0xf4, 0xd7, 0x06, 0x45, 0x4d, 0xce, 0x1f,
    0xba, 0x17, 0xe1, 0x0b, 0x06, 0xdc, 0x42, 0xda, 0x02, 0x3f, 0xe4, 0x14,
    0x23, 0x53, 0xf4, 0x7d, 0x81, 0xd1, 0xd3, 0xee, 0xc7, 0x01, 0x41, 0xab,
    0x0f, 0xf3, 0x27, 0xa1, 0xd9, 0xb4, 0xc1, 0x26, 0xe6, 0xc2, 0x15, 0xd5,
    0xb5, 0x52, 0xf2, 0x00, 0x61, 0x05, 0x11, 0x3a, 0xa7, 0xf1, 0x16, 0x41,
    0x38, 0xd1, 0xa9, 0x0a, 0x02, 0x99, 0xd7, 0xdd, 0x19, 0x20, 0x03, 0xd0,
    0x93, 0xe5, 0xd0, 0xe9, 0xe7, 0xee, 0x20, 0x27, 0x35, 0x18, 0x48, 0x02,
    0xfc, 0xb9, 0xf3, 0xf4, 0x0a, 0x20, 0xaf, 0x05, 0x24, 0xb6, 0x5b, 0x33,
    0x55, 0x20, 0x28, 0xe2, 0xe1, 0xec, 0xed, 0x9e, 0xd9, 0x19, 0x39, 0xda,
    0x7f, 0x41, 0xff, 0xc8, 0xf4, 0x24, 0xc0, 0x23, 0xea, 0xf2, 0xe2, 0xec,
    0xa9, 0x33, 0x81, 0xdd, 0x0d, 0xd0, 0xf6, 0xd6, 0xfc, 0xbe, 0x21, 0xf9,
    0x1f, 0xfb, 0x43, 0x2a, 0xed, 0x36, 0xdf, 0x2c, 0x40, 0x1b, 0x07, 0x18,
    0x15, 0xdc, 0x2e, 0xe6, 0x13, 0xae, 0xe5, 0x2c, 0x3a, 0xf8, 0xd3, 0xf8,
    0xad, 0xf1, 0xef, 0xd0, 0xe5, 0xc9, 0xa6, 0x5e, 0x06, 0x43, 0x00, 0x39,
    0x1d, 0xf8, 0x0c, 0x22, 0x13, 0x43, 0xc9, 0x0d, 0x51, 0x25, 0x32, 0x8f,
    0xe1, 0x8b, 0x77, 0xcf, 0x25, 0xfe, 0x20, 0x0b, 0xca, 0x56, 0x40, 0xdb,
    0x39, 0x9f, 0xe5, 0xb4, 0xcb, 0x28, 0xb0, 0x72, 0x73, 0xa4, 0xda, 0x17,
    0x98, 0x42, 0x01, 0x09, 0x7f, 0x17, 0x39, 0xac, 0x69, 0xcf, 0x13, 0xc3,
    0x77, 0x5a, 0x39, 0xb8, 0x33, 0xb5, 0xf9, 0x45, 0x05, 0x3d, 0x1a, 0xea,
    0xd6, 0x3c, 0xf8, 0x5b, 0xc1, 0xff, 0xd8, 0x1c, 0xee, 0x35, 0xe8, 0x11,
    0x57, 0xd8, 0xeb, 0xea, 0x1c, 0x81, 0xf0, 0xfe, 0x32, 0xd3, 0x4a, 0x16,
    0xbe, 0xdf, 0x2a, 0xe5, 0x8b, 0x03, 0x08, 0x12, 0x44, 0xc8, 0x61, 0xf9,
    0xa3, 0x94, 0x5a, 0xfe, 0xd6, 0x3e, 0x19, 0x2e, 0xad, 0x38, 0x0c, 0x90,
    0xd1, 0xef, 0xd8, 0x31, 0xdf, 0x27, 0xcf, 0x3d, 0x48, 0xf8, 0xbd, 0xe8,
    0xbf, 0x4f, 0xbc, 0xec, 0x61, 0x4f, 0xce, 0xea, 0x1d, 0x28, 0x22, 0x67,
    0x08, 0x11, 0x1b, 0x37, 0x76, 0x8d, 0xd0, 0x54, 0x14, 0x58, 0x3d, 0x57,
    0xc9, 0xec, 0x03, 0x8d, 0xb7, 0x7b, 0x90, 0x81, 0x69, 0xcd, 0xe9, 0x34,
    0xe7, 0x76, 0x10, 0xd0, 0xbb, 0xeb, 0x2b, 0x3c, 0xbc, 0xfe, 0x18, 0xf7,
    0x30, 0xf1, 0x86, 0x46, 0xc5, 0x93, 0x83, 0x28, 0x23, 0x41, 0xbf, 0xda,
    0xc1, 0xe6, 0xfa, 0xf5, 0x0b, 0xa7, 0xed, 0xeb, 0xa6, 0x36, 0x13, 0x10,
    0xc4, 0x4c, 0x64, 0xd3, 0x39, 0x25, 0x49, 0x81, 0xe5, 0xaa, 0x0d, 0xca,
    0xda, 0x01, 0xd1, 0xa8, 0x0c, 0x2e, 0x94, 0x99, 0xc7, 0xc8, 0x2b, 0xa5,
    0x16, 0xab, 0x20, 0xf0, 0x28, 0x19, 0x17, 0x19, 0x15, 0xab, 0xb1, 0xcc,
    0x34, 0xd2, 0x65, 0xaf, 0x00, 0xf1, 0xd6, 0xcf, 0xc1, 0x1d, 0x0f, 0x19,
    0x1a, 0x11, 0x12, 0x37, 0x0f, 0x21, 0x05, 0x19, 0xc2, 0x29, 0x00, 0x16,
    0xb3, 0xca, 0xc3, 0x28, 0xd5, 0x26, 0xc4, 0xe0, 0x4b, 0x81, 0x3a, 0xdb,
    0x10, 0x0a, 0x34, 0xb8, 0xcc, 0x1f, 0xab, 0xd0, 0xcf, 0x13, 0x03, 0xcc,
    0x11, 0xa4, 0x40, 0x3d, 0xcb, 0xde, 0x2c, 0x6a, 0x39, 0x40, 0x39, 0x02,
    0xf5, 0xd1, 0x0b, 0x38, 0x20, 0xb2, 0x8e, 0xad, 0xe6, 0x48, 0xf6, 0x17,
    0xf0, 0x37, 0x2b, 0x16, 0xca, 0xf8, 0xd4, 0x08, 0xf5, 0x28, 0xd4, 0xe4,
    0x11, 0x9f, 0xea, 0x17, 0x02, 0xf3, 0x5a, 0xa0, 0xfe, 0x3f, 0xb8, 0xd9,
    0x05, 0xe4, 0xfc, 0x34, 0xe8, 0x3a, 0x52, 0x1e, 0xbd, 0xcd, 0xcb, 0xf2,
    0x19, 0x1e, 0x03, 0xb6, 0xb6, 0x7f, 0x3c, 0x02, 0xb9, 0xfe, 0xea, 0x01,
    0x2e, 0x61, 0xee, 0xa0, 0x27, 0xe3, 0xe1, 0xf6, 0xf6, 0x16, 0xf1, 0xd6,
    0xd8, 0x10, 0x3a, 0xf5, 0xab, 0xa1, 0x53, 0x8b, 0x14, 0xf5, 0xa8, 0x47,
    0x41, 0xcf, 0x38, 0x3b, 0xb8, 0x45, 0x39, 0xf7, 0xd6, 0x65, 0x96, 0x1c,
    0xf2, 0x1a, 0x81, 0x09, 0xf6, 0xce, 0x66, 0x3b, 0xcf, 0xce, 0xd1, 0xe3,
    0x02, 0x2e, 0x5b, 0xee, 0xdf, 0x58, 0xd0, 0xdf, 0xbd, 0x28, 0xf5, 0x49,
    0x34, 0x28, 0xf1, 0xf8, 0x44, 0x2c, 0xcd, 0xc1, 0xf6, 0x3d, 0x1d, 0xf9,
    0xdb, 0xcb, 0x22, 0x22, 0x7f, 0xdf, 0x6c, 0x02, 0xf1, 0xe8, 0x29, 0x06,
    0xab, 0xf0, 0xf9, 0x8f, 0x21, 0x18, 0xc6, 0x23, 0x07, 0x26, 0x50, 0xe4,
    0xc5, 0xf1, 0x6c, 0xcb, 0x59, 0x55, 0xf7, 0xe7, 0xda, 0xe6, 0xa5, 0x92,
    0x87, 0x11, 0xa6, 0xf0, 0xa4, 0x08, 0xa6, 0xc1, 0xf5, 0xed, 0x06, 0x36,
    0x8c, 0x72, 0xcc, 0xe7, 0x82, 0x8b, 0x9e, 0xdf, 0xa5, 0xfd, 0xff, 0x3a,
    0xdf, 0xec, 0x18, 0x36, 0xa1, 0x04, 0xb6, 0xf7, 0x1d, 0xed, 0x2b, 0x08,
    0x0e, 0xde, 0x11, 0xce, 0xec, 0x19, 0xef, 0xde, 0x0a, 0x04, 0xe7, 0x39,
    0x29, 0xe4, 0xeb, 0xbc, 0xcf, 0x2c, 0x02, 0xf3, 0x0e, 0xb8, 0xde, 0xbf,
    0xd9, 0x89, 0xfe, 0x35, 0xdd, 0xcd, 0x19, 0x6b, 0xed, 0x12, 0x54, 0xf7,
    0x2e, 0xc2, 0x81, 0x06, 0xf1, 0x3d, 0x06, 0x3b, 0x47, 0xec, 0x0a, 0xc8,
    0xe4, 0x00, 0x17, 0xd0, 0x5e, 0xd5, 0xff, 0xff, 0x04, 0x00, 0x00, 0x00,
    0xf0, 0x00, 0x00, 0x00, 0xa1, 0xf6, 0xff, 0xff, 0xf0, 0xf9, 0xff, 0xff,
    0x9f, 0x15, 0x00, 0x00, 0x41, 0xfa, 0xff, 0xff, 0x29, 0xfb, 0xff, 0xff,
    0xba, 0xe4, 0xff, 0xff, 0x9a, 0x0e, 0x00, 0x00, 0xff, 0x14, 0x00, 0x00,
    0x93, 0xcf, 0xff, 0xff, 0x06, 0x06, 0x00, 0x00, 0x2e, 0x1a, 0x00, 0x00,
    0xcc, 0xf1, 0xff, 0xff, 0x7d, 0xf4, 0xff, 0xff, 0xf3, 0xe3, 0xff, 0xff,
    0x71, 0xf8, 0xff, 0xff, 0xf9, 0x0c, 0x00, 0x00, 0x5e, 0x0d, 0x00, 0x00,
    0x64, 0x0a, 0x00, 0x00, 0x80, 0xde, 0xff, 0xff, 0x55, 0x19, 0x00, 0x00,
    0xd7, 0x1c, 0x00, 0x00, 0x47, 0xee, 0xff, 0xff, 0x3d, 0xe4, 0xff, 0xff,
    0x13, 0x1a, 0x00, 0x00, 0xcb, 0x0e, 0x00, 0x00, 0xef, 0x04, 0x00, 0x00,
    0xfd, 0x03, 0x00, 0x00, 0x36, 0xd7, 0xff, 0xff, 0x7d, 0xed, 0xff, 0xff,
    0xec, 0x11, 0x00, 0x00, 0x57, 0x4f, 0x00, 0x00, 0x78, 0x00, 0x00, 0x00,
    0x6b, 0x28, 0x00, 0x00, 0xe7, 0xef, 0xff, 0xff, 0x78, 0xed, 0xff, 0xff,
    0xad, 0x0a, 0x00, 0x00, 0x1e, 0x18, 0x00, 0x00, 0x20, 0xf1, 0xff, 0xff,
    0x27, 0x02, 0x00, 0x00, 0x5f, 0x22, 0x00, 0x00, 0x54, 0xe8, 0xff, 0xff,
    0x50, 0x35, 0x00, 0x00, 0x51, 0xf8, 0xff, 0xff, 0x8a, 0x1a, 0x00, 0x00,
    0x43, 0x21, 0x00, 0x00, 0xd4, 0xe0, 0xff, 0xff, 0xc3, 0xfd, 0xff, 0xff,
    0x03, 0xf6, 0xff, 0xff, 0x96, 0xf6, 0xff, 0xff, 0x1a, 0xe2, 0xff, 0xff,
    0x43, 0xf3, 0xff, 0xff, 0xfb, 0x24, 0x00, 0x00, 0x45, 0xda, 0xff, 0xff,
    0x1b, 0x06, 0x00, 0x00, 0x14, 0x0a, 0x00, 0x00, 0x51, 0x03, 0x00, 0x00,
    0xec, 0xf1, 0xff, 0xff, 0x50, 0xea, 0xff, 0xff, 0x76, 0xff, 0xff, 0xff,
    0xb6, 0xf5, 0xff, 0xff, 0x5a, 0xd6, 0xff, 0xff, 0x04, 0x00, 0x00, 0x00,
    0xec, 0x04, 0x00, 0x00, 0xd6, 0xf8, 0x0d, 0x15, 0x18, 0x2b, 0x55, 0xae,
    0x02, 0x23, 0xdc, 0xef, 0x31, 0x33, 0x67, 0x98, 0x12, 0xfb, 0xd1, 0x08,
    0x7f, 0xc5, 0x2d, 0x1d, 0x03, 0xe1, 0x43, 0xb7, 0xcd, 0x8c, 0x9c, 0xb9,
    0x36, 0x87, 0x3e, 0x04, 0xef, 0x23, 0xf2, 0x29, 0xf5, 0x7f, 0xef, 0x2e,
    0x7f, 0x3d, 0x93, 0x0e, 0x09, 0x2e, 0xb9, 0xcc, 0x2d, 0xbf, 0x5d, 0x4b,
    0xd9, 0xfe, 0x81, 0x04, 0x30, 0x1f, 0xc3, 0x2e, 0x20, 0x43, 0x44, 0x3f,
    0x36, 0x31, 0xfb, 0x01, 0x2c, 0xfb, 0x38, 0x0f, 0x14, 0xf2, 0x81, 0x51,
    0xd7, 0x16, 0x25, 0xfe, 0x0c, 0xf6, 0x0b, 0x5a, 0x28, 0xfe, 0x98, 0x34,
    0xce, 0x88, 0x03, 0x4a, 0xdd, 0x23, 0x84, 0x77, 0x1a, 0x13, 0x19, 0x24,
    0x72, 0x0c, 0xb3, 0x06, 0x03, 0xf0, 0x51, 0x16, 0x03, 0xee, 0x3a, 0x18,
    0x2f, 0x1d, 0x0e, 0xb6, 0x34, 0x7f, 0x1d, 0x95, 0xa3, 0x2a, 0x67, 0x1c,
    0x01, 0x1a, 0x27, 0x24, 0xe1, 0xcc, 0x2c, 0xea, 0x40, 0xfe, 0x9e, 0x21,
    0xc3, 0x5b, 0xca, 0xd2, 0xd8, 0x0b, 0x3f, 0xfb, 0x00, 0x18, 0xb7, 0xad,
    0xaa, 0x5e, 0x23, 0x24, 0xd8, 0xff, 0x81, 0xf6, 0x05, 0x31, 0x14, 0x4a,
    0xff, 0x4a, 0xd7, 0x1d, 0xea, 0xde, 0x7f, 0x43, 0xe9, 0xc1, 0x21, 0x12,
    0x25, 0xeb, 0x0e, 0x81, 0x48, 0x23, 0x16, 0x81, 0xc6, 0x50, 0x31, 0x81,
    0xe2, 0x05, 0xc9, 0xd4, 0x13, 0x33, 0x02, 0x25, 0x36, 0x56, 0xbf, 0x07,
    0x6c, 0xf0, 0x94, 0xdc, 0x2f, 0xf3, 0x5a, 0x43, 0x85, 0xf0, 0xad, 0xf4,
    0x7f, 0x71, 0x7f, 0x35, 0x00, 0x07, 0xdc, 0xc3, 0xf0, 0x53, 0xf1, 0x1f,
    0x72, 0xc7, 0xc9, 0xb7, 0x17, 0xeb, 0x57, 0x4e, 0xdc, 0xa0, 0xfe, 0xe2,
    0x33, 0xed, 0xd9, 0xab, 0xf0, 0x29, 0x09, 0xac, 0x2a, 0x7f, 0x42, 0xb4,
    0x29, 0x2a, 0xef, 0xcc, 0x44, 0x1d, 0x28, 0x28, 0x1f, 0xff, 0xb0, 0xf0,
    0x70, 0x4b, 0xcc, 0x81, 0xe5, 0xf8, 0x7f, 0xaf, 0x27, 0xf9, 0xd0, 0x02,
    0x06, 0x4b, 0x26, 0x38, 0x34, 0xf3, 0xb9, 0x2f, 0xc8, 0xb4, 0x1f, 0x20,
    0x3f, 0x51, 0xe3, 0xfd, 0x14, 0xc1, 0xdc, 0x15, 0x14, 0x81, 0x1f, 0x12,
    0x7f, 0xdd, 0xd9, 0xec, 0xde, 0xc8, 0x43, 0xd8, 0x50, 0x50, 0x44, 0xc8,
    0x4a, 0x39, 0x41, 0x26, 0xfa, 0x22, 0xc7, 0x18, 0x20, 0xe6, 0x14, 0xf8,
    0xaa, 0x27, 0xfa, 0x9d, 0xa7, 0x06, 0x39, 0x3c, 0x59, 0xc9, 0xeb, 0x97,
    0x10, 0xa1, 0x15, 0x05, 0x1b, 0x04, 0xda, 0x2d, 0xe0, 0x69, 0x10, 0xfb,
    0x38, 0xb9, 0xd4, 0xba, 0x26, 0xfc, 0x5c, 0x9a, 0xe7, 0xfd, 0xf9, 0x25,
    0xea, 0xfd, 0xe6, 0x36, 0x02, 0xce, 0x20, 0xb6, 0x2e, 0x61, 0x35, 0xf5,
    0xff, 0xf4, 0x2f, 0x5a, 0xf0, 0xea, 0xeb, 0xdf, 0xfa, 0xbe, 0xe9, 0x05,
    0xf9, 0x81, 0x02, 0xed, 0xa4, 0xfd, 0xf5, 0x32, 0x1f, 0xbf, 0xea, 0x60,
    0x21, 0xc1, 0x04, 0xc6, 0xfa, 0xef, 0x00, 0x1c, 0x81, 0x6b, 0x0f, 0xa0,
    0x46, 0xb7, 0x08, 0x9f, 0xf9, 0x49, 0x06, 0xba, 0x81, 0x95, 0xd8, 0x1e,
    0x40, 0xd6, 0xe5, 0x35, 0x64, 0x08, 0x1d, 0x00, 0xe8, 0x35, 0x70, 0x16,
    0x1c, 0x7f, 0x1b, 0x2c, 0x21, 0xf9, 0xf7, 0xc1, 0x17, 0xf3, 0x25, 0x0e,
    0x53, 0xe0, 0x9d, 0xf8, 0x41, 0xf7, 0x13, 0x8e, 0x5b, 0x05, 0xee, 0x7f,
    0xbe, 0x2c, 0x33, 0x95, 0xde, 0xf1, 0xf6, 0x48, 0xe7, 0x1a, 0x11, 0x26,
    0x54, 0xc6, 0xe7, 0x9a, 0x18, 0xec, 0x08, 0x0c, 0xbd, 0x98, 0x2f, 0xfd,
    0x0b, 0xf1, 0xc4, 0x12, 0x1c, 0xea, 0xcc, 0x19, 0x1c, 0x73, 0x6c, 0xf8,
    0xc8, 0x5e, 0xdf, 0xd9, 0x02, 0xec, 0x03, 0x64, 0xef, 0x28, 0x46, 0xee,
    0x11, 0x4b, 0xe8, 0x0e, 0x7f, 0xfa, 0x23, 0x0c, 0x00, 0x3e, 0xfd, 0x20,
    0x0d, 0xfe, 0x20, 0x0f, 0xec, 0x13, 0xce, 0x48, 0xe6, 0x0a, 0x0a, 0x4c,
    0x1a, 0xf5, 0xf1, 0xac, 0x37, 0xa6, 0x01, 0x55, 0xc0, 0x95, 0x10, 0x13,
    0xf8, 0x19, 0xe0, 0x08, 0x00, 0xe5, 0xc0, 0x1d, 0x7f, 0x5c, 0x7f, 0xcd,
    0xe5, 0xd5, 0xdc, 0xfa, 0x2c, 0xcc, 0x00, 0x28, 0xe6, 0x76, 0x26, 0x1a,
    0x1b, 0x46, 0x46, 0x11, 0x9e, 0x03, 0xfa, 0xe0, 0x81, 0x1c, 0x01, 0x2b,
    0x89, 0x28, 0xf7, 0x59, 0xcc, 0x22, 0xcc, 0x0b, 0xce, 0x4b, 0xf8, 0xff,
    0x0c, 0x2f, 0xb9, 0xe0, 0x38, 0x81, 0x28, 0x7f, 0x22, 0xbc, 0xfd, 0xf8,
    0xe1, 0x40, 0xdc, 0xf8, 0x29, 0x43, 0xc8, 0x2f, 0xdb, 0x48, 0x43, 0x0a,
    0x69, 0x27, 0x1b, 0xfd, 0x00, 0x20, 0x20, 0x5e, 0x18, 0x7f, 0xfd, 0x08,
    0x0d, 0xef, 0x52, 0xef, 0xed, 0xfe, 0x15, 0x81, 0x96, 0xa4, 0xf8, 0x0c,
    0xc5, 0xf4, 0x09, 0xfa, 0xe1, 0x09, 0x39, 0xc3, 0xd3, 0x00, 0xda, 0x27,
    0x0b, 0xe5, 0xbd, 0x00, 0xe7, 0x29, 0x10, 0x34, 0x07, 0xda, 0x32, 0x04,
    0xe6, 0x0a, 0xe4, 0xe6, 0xcb, 0x13, 0xdf, 0xda, 0x5c, 0x59, 0x4a, 0xe5,
    0x3d, 0x2b, 0x3e, 0x12, 0x05, 0x20, 0xfa, 0x55, 0xf8, 0x47, 0x3f, 0xd0,
    0x08, 0x1c, 0xe1, 0xf7, 0x3c, 0xff, 0x11, 0x7b, 0xaf, 0x81, 0x28, 0xbe,
    0x1b, 0xc4, 0xea, 0x1d, 0x24, 0x01, 0xcc, 0xd6, 0xeb, 0x46, 0x14, 0xa7,
    0x10, 0xd1, 0xc0, 0x05, 0xfe, 0xe3, 0x0b, 0xdd, 0xf4, 0xce, 0x2f, 0x08,
    0x22, 0xe1, 0xdb, 0xdd, 0x4d, 0xce, 0xcf, 0xd4, 0x77, 0x42, 0x64, 0xba,
    0xc0, 0x10, 0x53, 0xf1, 0xf9, 0x44, 0x00, 0x7f, 0x07, 0x33, 0x1c, 0xe5,
    0xd0, 0xaa, 0x10, 0x18, 0xdd, 0x10, 0x10, 0xf4, 0x00, 0xb7, 0x3f, 0xf9,
    0x60, 0x33, 0x18, 0xb0, 0x37, 0xd4, 0xa6, 0xad, 0xc6, 0xeb, 0x18, 0x0b,
    0xe2, 0xd7, 0xc3, 0xfb, 0xe4, 0xfb, 0xac, 0xb1, 0xe4, 0xe1, 0x43, 0xd5,
    0x1a, 0xfe, 0xd5, 0xbf, 0x29, 0x05, 0xef, 0xba, 0x4f, 0x68, 0x41, 0x08,
    0xd3, 0xc7, 0x07, 0x81, 0xd2, 0x3d, 0xe6, 0x54, 0xec, 0x42, 0x0c, 0x1d,
    0xf9, 0xee, 0x59, 0x3b, 0xef, 0xf0, 0x3d, 0xa8, 0xfe, 0x12, 0x02, 0xcf,
    0xf7, 0xf7, 0x53, 0x20, 0x39, 0xe2, 0x88, 0xeb, 0xbb, 0x09, 0xe3, 0xdb,
    0x23, 0x81, 0xd3, 0xec, 0xd8, 0xd9, 0x18, 0xde, 0x9c, 0xce, 0x3e, 0xf9,
    0x00, 0x01, 0xae, 0xfd, 0x88, 0x49, 0x16, 0xf8, 0x06, 0x2f, 0xeb, 0x0f,
    0x0a, 0xf2, 0xca, 0xd9, 0xfd, 0x28, 0xeb, 0x2a, 0xf9, 0xf2, 0x47, 0xe3,
    0x20, 0x13, 0x60, 0xc0, 0x08, 0xed, 0x02, 0x26, 0xc7, 0x40, 0x12, 0x36,
    0xcd, 0xf7, 0x5f, 0x1f, 0x5b, 0xe7, 0xe1, 0x5e, 0xdf, 0x57, 0x20, 0xc4,
    0x33, 0xb6, 0x0d, 0xf7, 0x73, 0x20, 0x30, 0x18, 0xb5, 0xa7, 0x5a, 0xf8,
    0x1c, 0x14, 0xb0, 0xea, 0xc4, 0x06, 0xeb, 0xff, 0xeb, 0x45, 0x10, 0xf6,
    0x1d, 0x33, 0xc6, 0xb8, 0xf4, 0x1b, 0xf2, 0xf2, 0x03, 0xe7, 0x4d, 0x13,
    0x22, 0xed, 0x04, 0xde, 0x15, 0xfe, 0xfa, 0x17, 0x17, 0x3a, 0x30, 0xc9,
    0xba, 0xa4, 0xd6, 0x7d, 0x5e, 0x03, 0xd7, 0x0b, 0xc0, 0x16, 0xdf, 0x38,
    0xc1, 0xba, 0xf2, 0x38, 0x26, 0x2f, 0x5b, 0x34, 0xcc, 0xd5, 0x5c, 0x01,
    0xc8, 0xdd, 0xcf, 0xd0, 0xf1, 0xe7, 0xf0, 0x37, 0x1c, 0x58, 0x2b, 0xfb,
    0x40, 0xdb, 0x81, 0xf1, 0xd8, 0x22, 0xfd, 0x04, 0x22, 0x02, 0xee, 0x54,
    0xf4, 0xf9, 0xba, 0x00, 0xfd, 0x06, 0x29, 0xea, 0xcf, 0x03, 0x3c, 0xa3,
    0xd4, 0x2c, 0x0e, 0x74, 0x33, 0xff, 0x94, 0x5f, 0xbb, 0x4c, 0x12, 0x06,
    0x01, 0xdf, 0xd5, 0x35, 0xf8, 0xe0, 0x27, 0xf0, 0xc7, 0xe7, 0x70, 0x17,
    0xec, 0xc8, 0xec, 0x23, 0xd0, 0x21, 0xe6, 0x15, 0x15, 0x28, 0x3c, 0x23,
    0x4b, 0x92, 0xad, 0xcc, 0x00, 0x04, 0xd9, 0x28, 0xf5, 0xf2, 0xbb, 0xc7,
    0xe3, 0x0c, 0x89, 0x62, 0x25, 0xe9, 0x2e, 0x3a, 0xd0, 0xfe, 0xe3, 0xfa,
    0xf5, 0x7f, 0x46, 0x40, 0x7f, 0xfa, 0xac, 0x3b, 0xeb, 0x11, 0x07, 0x4c,
    0x55, 0xdf, 0xe2, 0x02, 0x1f, 0xc3, 0x28, 0x02, 0xe4, 0x09, 0x3e, 0xed,
    0xcf, 0xee, 0xd3, 0x14, 0x37, 0x08, 0xc5, 0xf7, 0x16, 0x1b, 0x17, 0x06,
    0xd9, 0x82, 0xfe, 0xbc, 0xe2, 0x07, 0xc5, 0x66, 0xd5, 0xd6, 0x48, 0xa1,
    0x0b, 0xd9, 0x81, 0xf6, 0xe3, 0xd6, 0xf9, 0x26, 0xd5, 0x9e, 0x26, 0x16,
    0x02, 0x5d, 0x1d, 0x3b, 0x1d, 0x1e, 0xdb, 0x78, 0xde, 0x3f, 0xf6, 0x81,
    0x05, 0xf8, 0xe8, 0xff, 0xcf, 0x0c, 0xee, 0x18, 0xd0, 0xec, 0x6a, 0xe0,
    0xdc, 0xc2, 0xb4, 0xbc, 0x10, 0x19, 0x81, 0xd3, 0xfc, 0x3d, 0xf0, 0x15,
    0x81, 0xcd, 0xce, 0xf8, 0xa2, 0x4b, 0xd4, 0x17, 0xce, 0xfa, 0x2b, 0x35,
    0x08, 0xfc, 0xae, 0x38, 0x1e, 0xd1, 0x29, 0x40, 0xc7, 0xb1, 0x2a, 0xc5,
    0x06, 0x36, 0xd9, 0x7f, 0x1f, 0x0a, 0xc4, 0x01, 0xc6, 0x4f, 0xf5, 0x97,
    0x17, 0xec, 0xbb, 0x3d, 0x82, 0xd3, 0x9e, 0x11, 0xbf, 0x06, 0x7f, 0x9d,
    0x30, 0xb4, 0xb3, 0x9f, 0x81, 0x10, 0x82, 0xa1, 0xae, 0x37, 0xe3, 0x38,
    0xca, 0xa5, 0x53, 0x6d, 0x81, 0x7f, 0x81, 0x1b, 0x81, 0xf5, 0x74, 0x7f,
    0x0d, 0xb3, 0x06, 0x16, 0xe6, 0x81, 0x1f, 0x14, 0x85, 0xd7, 0x7f, 0xc6,
    0x49, 0xf4, 0x08, 0x35, 0x55, 0x7f, 0xd2, 0x81, 0xb4, 0x71, 0x81, 0x91,
    0x09, 0x93, 0x81, 0x7f, 0x81, 0x00, 0xc0, 0xfe, 0x93, 0x9f, 0x7b, 0x81,
    0x1a, 0x81, 0xa2, 0x98, 0x52, 0xdb, 0xff, 0xff, 0x04, 0x00, 0x00, 0x00,
    0xf0, 0x00, 0x00, 0x00, 0xef, 0xff, 0xff, 0xff, 0x26, 0x00, 0x00, 0x00,
    0x15, 0x01, 0x00, 0x00, 0x5c, 0xff, 0xff, 0xff, 0x26, 0x00, 0x00, 0x00,
    0x24, 0x02, 0x00, 0x00, 0xf6, 0x00, 0x00, 0x00, 0x5b, 0x00, 0x00, 0x00,
    0x8c, 0xff, 0xff, 0xff, 0xf4, 0x00, 0x00, 0x00, 0x88, 0x00, 0x00, 0x00,
    0x9e, 0xff, 0xff, 0xff, 0xa4, 0x00, 0x00, 0x00, 0x1d, 0x00, 0x00, 0x00,
    0x6a, 0x00, 0x00, 0x00, 0x44, 0x00, 0x00, 0x00, 0x1b, 0x01, 0x00, 0x00,
    0x12, 0x00, 0x00, 0x00, 0x9b, 0xff, 0xff, 0xff, 0xf7, 0xff, 0xff, 0xff,
    0xb3, 0x00, 0x00, 0x00, 0xf9, 0xff, 0xff, 0xff, 0xe4, 0xff, 0xff, 0xff,
    0xaa, 0xff, 0xff, 0xff, 0x37, 0x00, 0x00, 0x00, 0x2a, 0x01, 0x00, 0x00,
    0x0a, 0x01, 0x00, 0x00, 0x5c, 0xff, 0xff, 0xff, 0x6a, 0xff, 0xff, 0xff,
    0x7b, 0xff, 0xff, 0xff, 0xd2, 0x00, 0x00, 0x00, 0x96, 0xff, 0xff, 0xff,
    0x97, 0xff, 0xff, 0xff, 0x33, 0x00, 0x00, 0x00, 0xce, 0xff, 0xff, 0xff,
    0xe8, 0xff, 0xff, 0xff, 0x55, 0x00, 0x00, 0x00, 0x3e, 0xff, 0xff, 0xff,
    0xad, 0xfe, 0xff, 0xff, 0x95, 0xff, 0xff, 0xff, 0xe6, 0x00, 0x00, 0x00,
    0x1f, 0x00, 0x00, 0x00, 0xe6, 0xff, 0xff, 0xff, 0x9b, 0x00, 0x00, 0x00,
    0x91, 0xfe, 0xff, 0xff, 0x82, 0xff, 0xff, 0xff, 0xf8, 0xfc, 0xff, 0xff,
    0x65, 0x00, 0x00, 0x00, 0x84, 0xff, 0xff, 0xff, 0x5a, 0x00, 0x00, 0x00,
    0x79, 0xff, 0xff, 0xff, 0x4d, 0x00, 0x00, 0x00, 0x2b, 0x01, 0x00, 0x00,
    0x69, 0xff, 0xff, 0xff, 0xc5, 0xff, 0xff, 0xff, 0x66, 0x00, 0x00, 0x00,
    0xa7, 0xff, 0xff, 0xff, 0x9c, 0xff, 0xff, 0xff, 0x6e, 0xfe, 0xff, 0xff,
    0xac, 0x01, 0x00, 0x00, 0x4e, 0xdc, 0xff, 0xff, 0x04, 0x00, 0x00, 0x00,
    0x10, 0x0e, 0x00, 0x00, 0x8e, 0xe9, 0x32, 0xf9, 0xad, 0x2c, 0xf9, 0xeb,
    0x14, 0x99, 0x4a, 0x1e, 0x95, 0x96, 0x0e, 0x50, 0xeb, 0xd1, 0x1d, 0x10,
    0xf1, 0xe7, 0x98, 0x0a, 0xf9, 0xc1, 0xad, 0xd5, 0xde, 0x56, 0xfc, 0xd5,
    0x50, 0xf3, 0xc7, 0x32, 0x98, 0x9e, 0xe6, 0x21, 0x9c, 0x39, 0xbc, 0xd4,
    0x7f, 0xff, 0x0d, 0x2c, 0xd4, 0x68, 0xf8, 0xd2, 0xf7, 0x20, 0x64, 0xf7,
    0xc1, 0x24, 0x18, 0x09, 0xfa, 0xaa, 0x25, 0x03, 0xca, 0xe6, 0xc7, 0xb9,
    0x1b, 0x9b, 0x3c, 0x7f, 0xb3, 0xdf, 0x1d, 0x1f, 0xc7, 0x25, 0x03, 0xed,
    0xcd, 0xf7, 0x0a, 0x30, 0x56, 0xb2, 0xe3, 0x0c, 0x17, 0x0c, 0x13, 0xa0,
    0xef, 0x4c, 0x03, 0x13, 0xe5, 0x54, 0x4e, 0x14, 0xdc, 0x2f, 0xef, 0x41,
    0x08, 0xd4, 0x52, 0xf8, 0xfc, 0x2a, 0xf1, 0x9d, 0xda, 0xe1, 0xfc, 0xe6,
    0x1f, 0x38, 0x5d, 0x43, 0xff, 0xf8, 0x08, 0xcd, 0xef, 0x79, 0xd8, 0xd9,
    0xc4, 0x0f, 0x47, 0xdc, 0xf3, 0x2e, 0x22, 0xdf, 0x35, 0xa8, 0x51, 0x10,
    0x41, 0xf2, 0xee, 0x37, 0xb7, 0xed, 0x2c, 0xea, 0xd2, 0xcf, 0x21, 0xc6,
    0xe4, 0x45, 0xbf, 0x39, 0xe7, 0xfd, 0x01, 0x06, 0x1b, 0x33, 0x3c, 0xc2,
    0xfb, 0xf7, 0x81, 0x36, 0xf4, 0xbd, 0x32, 0x16, 0x5c, 0xb6, 0xf3, 0xba,
    0xf9, 0x47, 0x0b, 0x68, 0xf7, 0xc0, 0x11, 0x35, 0xc9, 0x1a, 0x35, 0xdb,
    0xc8, 0xb1, 0x1d, 0x3b, 0x8e, 0xf1, 0x11, 0x4f, 0x10, 0x52, 0x09, 0xff,
    0x26, 0xcd, 0xc6, 0xd8, 0xf1, 0xd4, 0xf9, 0x44, 0xf6, 0x1e, 0x04, 0x96,
    0xec, 0x45, 0xb2, 0x5c, 0xcb, 0xa3, 0x11, 0x1d, 0xc0, 0xf3, 0x25, 0xb2,
    0x4a, 0x3e, 0xfb, 0x34, 0x10, 0x42, 0xe2, 0x0e, 0xdc, 0xb6, 0x46, 0x81,
    0xbb, 0x48, 0x23, 0x01, 0x0c, 0xa6, 0x15, 0x12, 0xd4, 0x0f, 0x2d, 0x28,
    0x14, 0x0e, 0x14, 0x2d, 0x26, 0x2c, 0xf4, 0xf5, 0xc6, 0x1d, 0x2f, 0xd1,
    0x3f, 0xe3, 0x2c, 0xbe, 0x28, 0x47, 0x09, 0xe5, 0x0c, 0xfd, 0x1f, 0x2c,
    0xbb, 0x26, 0x81, 0xeb, 0xda, 0xf2, 0xc3, 0xec, 0xef, 0x4d, 0xe1, 0x0e,
    0xe2, 0xc9, 0xea, 0x04, 0xdf, 0x43, 0xed, 0x2e, 0x2d, 0xe6, 0xb9, 0x2f,
    0xd2, 0xde, 0xbb, 0x60, 0xe1, 0x08, 0x6f, 0x92, 0x11, 0x7e, 0x4a, 0x05,
    0xb7, 0xf6, 0x1c, 0xe8, 0x39, 0x46, 0x7f, 0x43, 0xf0, 0xe2, 0x72, 0x00,
    0x49, 0xf1, 0x23, 0x1e, 0xf8, 0x53, 0x23, 0x1f, 0xe6, 0xc6, 0xbf, 0xdd,
    0x08, 0xdd, 0x9f, 0xc7, 0x04, 0x10, 0x90, 0xc6, 0x33, 0x3b, 0xab, 0x03,
    0xdd, 0x27, 0xc8, 0xdd, 0x49, 0xd2, 0x2c, 0xf1, 0x57, 0xa6, 0xb8, 0x4c,
    0xb5, 0x0f, 0xd0, 0x7a, 0x03, 0xed, 0xec, 0xde, 0xbc, 0x08, 0x01, 0xbb,
    0xc1, 0xaf, 0xe4, 0x00, 0xad, 0xfb, 0xc3, 0xce, 0x22, 0xee, 0x15, 0xde,
    0xfb, 0xe7, 0xcb, 0x44, 0x07, 0x1f, 0xf1, 0x2e, 0x03, 0xfa, 0x32, 0xbc,
    0x36, 0x41, 0xc2, 0x57, 0xd5, 0xf6, 0x24, 0xba, 0x45, 0xf0, 0x13, 0xf3,
    0xc7, 0xc0, 0x81, 0x4a, 0xbd, 0xf4, 0x07, 0xed, 0x1e, 0x2c, 0xdf, 0xe3,
    0x1f, 0xe0, 0xde, 0x03, 0x08, 0xf8, 0x04, 0x04, 0x63, 0x5e, 0x2f, 0x34,
    0x07, 0x37, 0x1c, 0xf6, 0x39, 0xb6, 0xf3, 0x27, 0x43, 0x3d, 0xe1, 0x4f,
    0x5d, 0x1a, 0xd9, 0xd9, 0x10, 0x7c, 0xde, 0x04, 0xf2, 0xc2, 0xbd, 0x20,
    0xe9, 0x1b, 0xae, 0x16, 0x0e, 0x93, 0xc9, 0xf7, 0x4a, 0x4e, 0x1e, 0x5a,
    0xcc, 0x05, 0xbd, 0xc3, 0x06, 0x7f, 0x4b, 0xe5, 0x53, 0xbf, 0xde, 0xb9,
    0x45, 0xc1, 0x12, 0x16, 0xd2, 0xa0, 0xcc, 0x47, 0x22, 0xd1, 0x4e, 0xde,
    0x11, 0x6b, 0x9f, 0x5d, 0x09, 0xac, 0x7c, 0xd4, 0x7d, 0xea, 0xdb, 0xee,
    0xf4, 0xc2, 0xe8, 0xfc, 0x34, 0x2c, 0xe2, 0x63, 0x46, 0x01, 0x02, 0xec,
    0x92, 0x95, 0x23, 0x64, 0xdd, 0x81, 0xf3, 0x41, 0x7a, 0xed, 0x15, 0xe4,
    0x27, 0x59, 0xb3, 0x72, 0x2a, 0x1a, 0xf5, 0x78, 0x49, 0x0f, 0x03, 0x1d,
    0x3d, 0x29, 0x14, 0x3b, 0x26, 0xd2, 0x06, 0x2d, 0x09, 0x1b, 0xb7, 0x21,
    0xb8, 0xe2, 0x00, 0x6a, 0xd9, 0x51, 0x0e, 0xb5, 0x7f, 0xe5, 0xa5, 0xbd,
    0xc6, 0x18, 0x15, 0x39, 0x05, 0xfb, 0xf7, 0x52, 0xc4, 0xff, 0xea, 0x00,
    0x03, 0x23, 0x07, 0x0a, 0x62, 0x09, 0xae, 0xeb, 0x60, 0xe9, 0x03, 0xbc,
    0xd2, 0xd4, 0xcb, 0x0d, 0xba, 0x02, 0xc5, 0x17, 0x50, 0x0d, 0x47, 0xe1,
    0xa0, 0xc3, 0x9d, 0x32, 0xbc, 0xde, 0x20, 0x98, 0x37, 0x7f, 0xc9, 0xe2,
    0x44, 0x33, 0x51, 0x05, 0xcc, 0x10, 0x5d, 0x0a, 0x05, 0xbc, 0xdc, 0x0c,
    0x47, 0xc3, 0x07, 0x4f, 0xdc, 0x3c, 0x65, 0xca, 0xbc, 0xe7, 0x25, 0xcb,
    0xf2, 0xfd, 0x27, 0x18, 0xf0, 0x08, 0xac, 0xe8, 0x30, 0xea, 0x43, 0xa6,
    0x1e, 0xcd, 0xf8, 0x36, 0xda, 0xcf, 0xac, 0xe9, 0x2a, 0x22, 0x25, 0xc3,
    0xed, 0x30, 0xa8, 0x04, 0xcb, 0xc2, 0xbc, 0x27, 0x07, 0xd0, 0x4d, 0x9c,
    0x81, 0x98, 0x05, 0x0e, 0xb9, 0x05, 0x05, 0x1c, 0xf7, 0x0f, 0xe5, 0xc0,
    0xb8, 0xa1, 0xbd, 0xbc, 0x60, 0xcb, 0xb9, 0xb7, 0xdd, 0x03, 0xb9, 0xb7,
    0x36, 0x68, 0x3c, 0x0f, 0xe9, 0xb9, 0x21, 0xbe, 0xf3, 0x44, 0x32, 0xcb,
    0x0c, 0x55, 0x23, 0xd8, 0xeb, 0x3a, 0x1f, 0x27, 0xd9, 0xae, 0x57, 0xbc,
    0xc3, 0x37, 0x21, 0x44, 0xad, 0xe9, 0xfa, 0xfc, 0xf1, 0xdb, 0x3c, 0xba,
    0x25, 0xdc, 0xd3, 0x4a, 0x81, 0xd1, 0x00, 0x32, 0xdd, 0x2c, 0x19, 0x02,
    0x0a, 0xba, 0xff, 0x01, 0xfa, 0x07, 0xf3, 0x0a, 0x05, 0x25, 0xfd, 0xbb,
    0x3a, 0x1f, 0xdd, 0xd9, 0xf9, 0xd2, 0xf0, 0xc9, 0xdc, 0xe7, 0x22, 0xd5,
    0x2c, 0xf5, 0x05, 0x0a, 0xdd, 0x3b, 0xe8, 0x0b, 0xdc, 0xd1, 0x68, 0xd6,
    0xf6, 0x10, 0xfb, 0x05, 0xf1, 0xb1, 0xc3, 0x1d, 0xad, 0x0a, 0xed, 0x22,
    0xdc, 0xcc, 0x19, 0x3c, 0xd5, 0xd6, 0xe0, 0x39, 0x29, 0xfa, 0x1c, 0xd9,
    0x24, 0xe7, 0x81, 0xe7, 0x04, 0xb9, 0x0a, 0xf7, 0xdc, 0x02, 0xe5, 0x2a,
    0xea, 0x0a, 0x12, 0x05, 0xf8, 0x40, 0x39, 0xdd, 0x0c, 0x23, 0xd8, 0x25,
    0x50, 0xe5, 0x50, 0xee, 0x0b, 0x3d, 0xe5, 0xe5, 0xd0, 0x0c, 0x07, 0x34,
    0xca, 0x38, 0x39, 0x46, 0xeb, 0xe6, 0xc4, 0x52, 0xb7, 0x1d, 0xb4, 0xaf,
    0xee, 0x2e, 0xac, 0x2a, 0xdd, 0x0f, 0x46, 0xe8, 0x46, 0xeb, 0xe8, 0x31,
    0xa5, 0xc8, 0xf2, 0xe9, 0x02, 0x55, 0x20, 0xee, 0x77, 0x13, 0x31, 0xe2,
    0xd1, 0x23, 0x5a, 0xc5, 0xc3, 0x81, 0x04, 0xfc, 0x4a, 0x8c, 0x2b, 0x18,
    0xe9, 0x58, 0xbd, 0x3c, 0xc5, 0xf9, 0xc4, 0x5f, 0x45, 0x0f, 0xb4, 0x6f,
    0xe9, 0x12, 0x05, 0x2b, 0x1f, 0xf8, 0xe7, 0xf9, 0x15, 0xf8, 0xfa, 0xe2,
    0x1b, 0xb6, 0x08, 0x3a, 0xf5, 0x4a, 0x30, 0x30, 0xef, 0xd4, 0xf1, 0xe6,
    0x21, 0x0d, 0x0b, 0xda, 0xa4, 0x7f, 0x2c, 0x2e, 0x1a, 0x00, 0x0d, 0x07,
    0x4b, 0x24, 0x28, 0x1e, 0x8f, 0xd8, 0x34, 0xfd, 0x14, 0xc1, 0x29, 0x02,
    0x09, 0x2d, 0x2d, 0x2e, 0xf5, 0x38, 0xe4, 0x20, 0xe8, 0xcc, 0xfc, 0x2f,
    0xc4, 0xff, 0x04, 0x66, 0x12, 0x3c, 0x2b, 0x0a, 0x7f, 0x23, 0xa8, 0xc9,
    0x41, 0xf5, 0x1c, 0xce, 0xca, 0x06, 0x1d, 0xfe, 0x5b, 0x4e, 0xa9, 0xda,
    0x3e, 0xd8, 0xd4, 0xea, 0x2d, 0x54, 0x10, 0x5c, 0x15, 0xff, 0x12, 0xc3,
    0xef, 0x52, 0xda, 0xdc, 0x53, 0xec, 0x0d, 0xd4, 0x5b, 0x42, 0x20, 0x10,
    0x00, 0xdc, 0xd0, 0xf0, 0xdf, 0x00, 0xeb, 0xf2, 0x07, 0x56, 0xf8, 0xcf,
    0xfc, 0x2e, 0xce, 0xfa, 0xb1, 0xfa, 0x5c, 0x28, 0xb7, 0xfb, 0xcc, 0x04,
    0x04, 0x54, 0x1c, 0x1b, 0x09, 0x31, 0x43, 0xf5, 0x6e, 0xe2, 0xcd, 0x1b,
    0xd6, 0xda, 0x07, 0x17, 0x39, 0x57, 0x0a, 0x74, 0x37, 0x3b, 0xeb, 0x95,
    0xcd, 0x04, 0xd5, 0x27, 0x24, 0xf8, 0xcb, 0xf1, 0xfd, 0x49, 0xab, 0xbe,
    0x30, 0x81, 0x16, 0x54, 0x32, 0xd1, 0x04, 0x37, 0x3d, 0xf9, 0x16, 0xc0,
    0xcb, 0x67, 0x8e, 0xff, 0x0e, 0x10, 0x3f, 0x34, 0xfa, 0x2d, 0xdf, 0x18,
    0xfe, 0x7e, 0xe0, 0x4d, 0x0a, 0x04, 0x7a, 0x3a, 0x1c, 0xc6, 0x17, 0x26,
    0x45, 0xe1, 0xaf, 0xf2, 0x52, 0x78, 0x60, 0xf6, 0x59, 0xc7, 0x02, 0x13,
    0x1e, 0x51, 0xa7, 0x7f, 0x72, 0xcb, 0xcd, 0xc0, 0xc9, 0x6e, 0x1f, 0xe3,
    0x9c, 0xad, 0xf1, 0x1b, 0xdc, 0x68, 0x05, 0x2c, 0x3b, 0x2b, 0xc0, 0xba,
    0xd8, 0xa3, 0xe2, 0x22, 0xe9, 0x1a, 0xb8, 0xe5, 0x81, 0x05, 0xe9, 0x20,
    0x06, 0xfa, 0xd5, 0x44, 0xea, 0xce, 0xdd, 0xf1, 0x2b, 0xd8, 0x3f, 0x03,
    0xca, 0xfb, 0xf2, 0xf8, 0xe7, 0x27, 0xc8, 0x06, 0xe6, 0x89, 0x12, 0xfd,
    0xeb, 0x10, 0xe1, 0xf1, 0xb1, 0xc3, 0xfd, 0x04, 0x0c, 0xd6, 0xed, 0x0b,
    0xe3, 0x24, 0xbf, 0x15, 0xf0, 0x45, 0xf5, 0x46, 0x3e, 0x26, 0x0c, 0x12,
    0x33, 0x3e, 0xe6, 0xf3, 0xe0, 0xf9, 0x27, 0x3b, 0x2a, 0xc9, 0x0d, 0x0f,
    0x09, 0x24, 0x16, 0x68, 0x97, 0xaf, 0xee, 0xf0, 0x98, 0x68, 0xd9, 0x6a,
    0xe1, 0xb9, 0x2a, 0xe2, 0xfa, 0xda, 0xa8, 0x2d, 0xf0, 0xf1, 0xb3, 0xc7,
    0xcf, 0xb9, 0x81, 0x3d, 0x14, 0x6d, 0xeb, 0xf0, 0xca, 0x29, 0x25, 0xf0,
    0xdd, 0x4c, 0x1a, 0xfb, 0x4f, 0x10, 0xbd, 0x26, 0x4e, 0x2a, 0x2b, 0x8a,
    0x0c, 0xe3, 0x29, 0xf4, 0x15, 0xa2, 0xd4, 0x0f, 0xf9, 0x1e, 0xe3, 0xbb,
    0xd9, 0xcf, 0x06, 0x0b, 0xd0, 0x01, 0xeb, 0xfc, 0xc0, 0x33, 0xf7, 0xc3,
    0x14, 0xb9, 0xf3, 0xdc, 0xdf, 0x4d, 0x23, 0x39, 0x34, 0x33, 0x2c, 0xf1,
    0x72, 0x15, 0x29, 0x28, 0x2f, 0xcb, 0xee, 0xbb, 0xe6, 0xf8, 0xfb, 0xe7,
    0x19, 0x04, 0x46, 0xe9, 0x07, 0xca, 0x50, 0xb9, 0xcb, 0xc0, 0x49, 0xf4,
    0x81, 0x4e, 0x39, 0x2f, 0xdc, 0xcd, 0xbd, 0x1c, 0xc6, 0xf2, 0x37, 0x04,
    0xea, 0x0f, 0xee, 0x22, 0x32, 0xba, 0x1c, 0x2f, 0x12, 0x47, 0xd1, 0x58,
    0xe6, 0xf6, 0xf3, 0x13, 0x25, 0x7f, 0xe0, 0x23, 0x1b, 0x07, 0xde, 0xb8,
    0x01, 0x3e, 0xd8, 0x1e, 0xf7, 0xa2, 0x02, 0xad, 0xf0, 0x28, 0xf3, 0x3f,
    0xe2, 0x31, 0xcc, 0x05, 0xa9, 0x18, 0xfd, 0x33, 0xf4, 0x35, 0xc6, 0x08,
    0x19, 0xfc, 0xe0, 0xf2, 0x23, 0x29, 0x2f, 0x3d, 0x00, 0xb0, 0x6a, 0xeb,
    0x49, 0xbe, 0xaf, 0xc5, 0x8e, 0x0e, 0x25, 0x62, 0x0b, 0x35, 0x2f, 0x56,
    0x10, 0x9b, 0x32, 0xe7, 0xa6, 0xde, 0xbc, 0x29, 0xde, 0x07, 0x25, 0xaa,
    0xc7, 0xc4, 0xbe, 0x05, 0x00, 0xa4, 0xdd, 0xf5, 0x9f, 0x68, 0x35, 0xe5,
    0x1b, 0x07, 0xff, 0x02, 0x15, 0x1d, 0x03, 0x3a, 0x02, 0xd6, 0x67, 0x81,
    0xce, 0xef, 0x28, 0xd7, 0xfd, 0x10, 0xe2, 0x0d, 0x2f, 0xcf, 0x48, 0x23,
    0xea, 0xc4, 0xd9, 0x1c, 0x2d, 0xce, 0x32, 0x4e, 0xcb, 0x7f, 0x30, 0x4e,
    0x0d, 0x0e, 0x41, 0xdd, 0xa9, 0x65, 0xcd, 0xea, 0xea, 0x30, 0x27, 0xac,
    0x0c, 0x13, 0xc4, 0xd3, 0xbf, 0xca, 0x25, 0xd2, 0x46, 0x35, 0x19, 0x01,
    0xe5, 0x30, 0x9e, 0x18, 0x22, 0x03, 0x06, 0x3e, 0x53, 0xf5, 0xbe, 0x50,
    0xdc, 0xe3, 0xe8, 0x30, 0x24, 0x13, 0xaf, 0x0e, 0xd0, 0xfb, 0x82, 0x21,
    0x36, 0x0c, 0xf0, 0xef, 0x27, 0x0f, 0xc7, 0xfd, 0x12, 0xd2, 0x24, 0x03,
    0x6a, 0xec, 0x99, 0x17, 0xdc, 0xef, 0xd2, 0x2d, 0x6a, 0x55, 0xa6, 0x1b,
    0x15, 0xda, 0xce, 0xba, 0xef, 0xfb, 0xc4, 0xc9, 0x53, 0xda, 0x10, 0xcf,
    0x7f, 0xbe, 0x2e, 0x98, 0xb5, 0x1b, 0xff, 0x30, 0xd7, 0x4e, 0xb5, 0x35,
    0xa8, 0xf8, 0x61, 0x1c, 0x18, 0xd0, 0x27, 0x44, 0xdd, 0x04, 0xf1, 0x60,
    0xdf, 0x0a, 0xf5, 0x47, 0x1b, 0x21, 0xe8, 0xfb, 0x63, 0xde, 0xa5, 0x2e,
    0x0d, 0x22, 0xae, 0x0f, 0xf7, 0x2d, 0xce, 0xd9, 0x22, 0xe0, 0x3a, 0x81,
    0xd1, 0xfc, 0x1a, 0xfd, 0x3a, 0xf9, 0xbb, 0x1b, 0x1e, 0x3d, 0xa5, 0x38,
    0x0d, 0xfe, 0xcd, 0x7e, 0xb2, 0xe1, 0x21, 0x01, 0x70, 0xe5, 0x22, 0x04,
    0xf7, 0x15, 0xe5, 0x56, 0xa4, 0xc0, 0xc5, 0xff, 0x12, 0x08, 0xc1, 0xf4,
    0x03, 0x52, 0xc8, 0xf7, 0xe7, 0x83, 0x7f, 0xce, 0x5d, 0xf0, 0xc5, 0x13,
    0x50, 0x20, 0x05, 0xb9, 0xff, 0x14, 0x0d, 0x25, 0x1a, 0xde, 0x34, 0xcc,
    0xb9, 0xda, 0xee, 0x0a, 0x37, 0xe4, 0xbc, 0xde, 0x74, 0x47, 0xfe, 0xf2,
    0x1c, 0x44, 0xa6, 0x66, 0x40, 0xd6, 0x98, 0xfc, 0x09, 0x27, 0x3a, 0x14,
    0xfc, 0x39, 0x21, 0x5d, 0xfe, 0xff, 0xe9, 0x42, 0xb0, 0xf0, 0xbf, 0xf7,
    0x00, 0xe8, 0x2d, 0x3b, 0x0a, 0x12, 0xc2, 0x06, 0xb2, 0xd7, 0xd1, 0xe4,
    0x0a, 0x33, 0xc8, 0x2b, 0x2f, 0xa6, 0x13, 0xe0, 0xde, 0xde, 0xcc, 0xe0,
    0x0d, 0xdc, 0xf9, 0x32, 0xd1, 0x5e, 0xe9, 0x81, 0x20, 0xeb, 0xd8, 0x28,
    0x47, 0x23, 0x30, 0xf2, 0xfa, 0x0c, 0xe0, 0xd2, 0xf7, 0x1e, 0xcc, 0x1f,
    0x0c, 0xec, 0xf2, 0xf8, 0x00, 0x37, 0xfd, 0x4a, 0x03, 0x4c, 0x1d, 0x59,
    0x18, 0xbe, 0xb0, 0x79, 0xf8, 0xd2, 0xca, 0x33, 0x08, 0x50, 0xe7, 0x07,
    0xf2, 0xae, 0xda, 0xf7, 0xe0, 0x51, 0x5d, 0x33, 0xc7, 0x17, 0x43, 0xca,
    0xec, 0x56, 0x17, 0xf9, 0x0c, 0xfa, 0xb8, 0xbd, 0x2b, 0x0a, 0xc6, 0xb4,
    0xa1, 0x1f, 0xa9, 0x16, 0xac, 0x34, 0x02, 0x40, 0xf7, 0x2b, 0xbd, 0x37,
    0xba, 0x95, 0x81, 0x08, 0xc8, 0x19, 0x0e, 0xc7, 0xfa, 0x43, 0xc8, 0xb7,
    0x3b, 0x31, 0xf9, 0x21, 0x29, 0xd5, 0x53, 0xd5, 0x3a, 0xda, 0xd0, 0x23,
    0x26, 0xc1, 0xdd, 0x7f, 0x29, 0x1d, 0x5f, 0x22, 0xb9, 0x2a, 0x2d, 0xfb,
    0x02, 0x33, 0xa1, 0x18, 0x75, 0xe5, 0xf0, 0x1b, 0xc8, 0x67, 0x21, 0xfc,
    0x15, 0x15, 0xfa, 0x08, 0x0a, 0x45, 0xe3, 0x44, 0x39, 0xe9, 0xd3, 0x0e,
    0xe3, 0x13, 0xa3, 0x34, 0xe6, 0x0a, 0x28, 0x5a, 0x3f, 0x88, 0x19, 0xf5,
    0x24, 0x1d, 0xd2, 0xeb, 0x19, 0xbd, 0x1a, 0xf9, 0xbd, 0xf3, 0xf8, 0x04,
    0x29, 0xac, 0x48, 0xec, 0x20, 0x81, 0xca, 0xe0, 0x3b, 0x3d, 0x21, 0xc4,
    0xf3, 0x0c, 0xe8, 0x95, 0x09, 0x04, 0x4e, 0xdc, 0xdd, 0x32, 0xe4, 0x27,
    0x17, 0xfd, 0x69, 0xcc, 0x51, 0xe2, 0xee, 0xf2, 0xce, 0xef, 0x12, 0xc7,
    0x14, 0x0c, 0x25, 0xb3, 0xdd, 0xca, 0xf5, 0x76, 0xef, 0xeb, 0x3d, 0x79,
    0x24, 0x9f, 0x11, 0x4b, 0x9e, 0xdb, 0x02, 0x29, 0x1b, 0x78, 0x78, 0x32,
    0x23, 0x9f, 0x53, 0xca, 0x7f, 0x97, 0xba, 0xcd, 0x06, 0xd2, 0xe6, 0xee,
    0x8f, 0x2a, 0x19, 0x1d, 0x34, 0x67, 0x1a, 0xaa, 0x4b, 0x4e, 0xaf, 0xcc,
    0xef, 0x0d, 0x7e, 0xe3, 0xfb, 0xdb, 0x35, 0x06, 0x3b, 0x4b, 0xde, 0xa4,
    0x15, 0x05, 0x60, 0x0a, 0x31, 0xba, 0xe0, 0x28, 0xea, 0xb5, 0x37, 0xc3,
    0xde, 0xa3, 0x10, 0x50, 0xe5, 0xf6, 0xf9, 0xf6, 0x22, 0xba, 0x07, 0x19,
    0xfb, 0xbb, 0xcc, 0xea, 0x7f, 0xa7, 0xdf, 0x2c, 0x1f, 0x00, 0xd8, 0xe7,
    0xed, 0x74, 0x5d, 0x17, 0xde, 0x19, 0xc5, 0xf9, 0x18, 0xd1, 0xaf, 0xcc,
    0x0e, 0x1c, 0x51, 0xa1, 0x0d, 0x47, 0xe6, 0x1d, 0xe3, 0xf1, 0x07, 0x16,
    0xa3, 0x29, 0x31, 0x53, 0xa7, 0x02, 0x0a, 0xba, 0xbd, 0xe4, 0xf9, 0xe9,
    0x19, 0xfc, 0xb8, 0x3a, 0x1a, 0xd5, 0x39, 0xfc, 0xe7, 0x2e, 0xcf, 0x49,
    0x0c, 0x1f, 0x23, 0xd0, 0x2c, 0x7f, 0x04, 0x42, 0x1a, 0xda, 0xe6, 0xee,
    0xae, 0xb8, 0xd8, 0xe3, 0x8a, 0xb1, 0x0f, 0x3b, 0x71, 0x30, 0xf4, 0x05,
    0x13, 0x4d, 0xf0, 0x40, 0x30, 0x37, 0xcc, 0x52, 0x1b, 0xe0, 0xd2, 0xf4,
    0x32, 0x54, 0xdf, 0x58, 0x56, 0xba, 0x03, 0xcf, 0x5a, 0x7f, 0xe9, 0xf3,
    0x14, 0xe5, 0x4e, 0xd1, 0x05, 0x15, 0xd8, 0x55, 0xf2, 0x15, 0xbb, 0x3b,
    0x04, 0x12, 0xfd, 0x97, 0x16, 0xc0, 0x3c, 0xab, 0x8f, 0xc3, 0x0d, 0x39,
    0xf6, 0x0e, 0xad, 0x64, 0xd5, 0xe0, 0xed, 0xb4, 0x25, 0xc7, 0x06, 0x2b,
    0xd3, 0xe3, 0x90, 0x45, 0xc1, 0x24, 0x5c, 0x2d, 0x48, 0xea, 0xc6, 0xa4,
    0x03, 0x85, 0x8d, 0x68, 0x0f, 0x19, 0xa3, 0x2e, 0x03, 0xc3, 0xe7, 0xb1,
    0x02, 0x0d, 0xc3, 0x19, 0xd2, 0x9c, 0x16, 0xee, 0x55, 0xd1, 0xb4, 0x49,
    0x1b, 0xaf, 0xf8, 0xf9, 0x59, 0x5b, 0xd0, 0x2e, 0xd2, 0xf0, 0x38, 0x08,
    0x28, 0x1d, 0x3d, 0x30, 0xcd, 0x82, 0x27, 0x5c, 0x3d, 0xc4, 0x42, 0x23,
    0x39, 0x67, 0xc5, 0x4a, 0xae, 0xeb, 0x0e, 0x7f, 0x05, 0xf3, 0xa4, 0x24,
    0xb0, 0x1f, 0x46, 0x6a, 0x0a, 0xd3, 0xbc, 0x02, 0xaa, 0xf5, 0xa4, 0x1e,
    0xfc, 0xfd, 0x0a, 0x4e, 0x40, 0xe5, 0xd6, 0x0a, 0x24, 0xaa, 0x31, 0x15,
    0x4b, 0x1e, 0xa9, 0x0c, 0xd9, 0xd1, 0xdd, 0x12, 0xf6, 0x17, 0x81, 0x3e,
    0xc0, 0xd8, 0xd4, 0x12, 0xb5, 0x49, 0xac, 0xa9, 0x17, 0x0e, 0x9f, 0x04,
    0x4e, 0x9e, 0x54, 0xee, 0xb9, 0xf8, 0xe1, 0x1e, 0x33, 0x74, 0x01, 0x0c,
    0xa9, 0xf4, 0x39, 0x09, 0xc9, 0xc9, 0x2b, 0x35, 0x03, 0xa3, 0xe3, 0x81,
    0xe2, 0xb7, 0xbc, 0x07, 0xca, 0xae, 0xa2, 0x5d, 0x25, 0xf3, 0x03, 0xf1,
    0x3b, 0xd2, 0x31, 0x2e, 0x5d, 0x08, 0x0c, 0xfd, 0xc7, 0x8d, 0x06, 0xee,
    0x16, 0x5b, 0x13, 0x19, 0xb7, 0x15, 0xcf, 0xce, 0xec, 0x14, 0xcf, 0x17,
    0x2f, 0xe3, 0x26, 0xc6, 0x0e, 0xee, 0xe4, 0x1c, 0xb0, 0xef, 0x4c, 0x07,
    0xae, 0xf6, 0x60, 0x5b, 0xdb, 0x1e, 0xfc, 0xcb, 0xc2, 0xb1, 0xdb, 0xdf,
    0x34, 0xfd, 0xbc, 0xc3, 0x69, 0x11, 0xa3, 0xd9, 0xfc, 0xa2, 0x01, 0x94,
    0xb4, 0x4b, 0x2c, 0xe5, 0xe8, 0xe7, 0xf1, 0xc7, 0xa2, 0xc6, 0xfd, 0x43,
    0xad, 0x1c, 0x5f, 0xe5, 0x20, 0x1c, 0xf4, 0xde, 0x16, 0xf7, 0xf6, 0xea,
    0x24, 0xa5, 0x3c, 0xbe, 0x1a, 0xd2, 0x22, 0x0a, 0x2f, 0x58, 0x81, 0x20,
    0x29, 0xe8, 0x1b, 0x56, 0x40, 0xb8, 0x24, 0x0f, 0x03, 0xaa, 0x8f, 0xda,
    0xb8, 0xdf, 0x74, 0x32, 0xb9, 0xf9, 0xce, 0x0c, 0xfa, 0x17, 0xf8, 0x37,
    0x49, 0xc0, 0xb3, 0xf3, 0x44, 0xfb, 0x15, 0x15, 0x37, 0x1d, 0xb1, 0x05,
    0x6e, 0xe7, 0x5b, 0xe6, 0xb2, 0x73, 0x1c, 0xb8, 0xfc, 0xda, 0xea, 0xee,
    0x58, 0xe1, 0x52, 0x81, 0x26, 0x45, 0x33, 0xbe, 0xe6, 0x08, 0x47, 0x3a,
    0x2c, 0xf5, 0x20, 0x03, 0xd7, 0xe0, 0x4f, 0xd9, 0xfd, 0xf0, 0x41, 0x3b,
    0xe3, 0x05, 0x1f, 0x35, 0x41, 0xde, 0xed, 0x21, 0x11, 0x00, 0x1a, 0xef,
    0x14, 0xe0, 0x15, 0xe0, 0xc0, 0x2b, 0x09, 0xf1, 0x08, 0x17, 0x4c, 0x1a,
    0xd6, 0x18, 0xbe, 0x47, 0x11, 0xec, 0xae, 0xeb, 0x49, 0x7f, 0xaf, 0x28,
    0xf6, 0xbd, 0xe8, 0xe4, 0xd4, 0x31, 0x0a, 0x40, 0x40, 0xa8, 0xd3, 0x46,
    0xdc, 0xe3, 0x9d, 0x46, 0x10, 0xab, 0x46, 0xbc, 0xe1, 0x4d, 0x1c, 0xe0,
    0xcb, 0xb4, 0xfb, 0xe8, 0x27, 0x5e, 0xe0, 0xdf, 0x03, 0xf4, 0xf6, 0x81,
    0xf7, 0xf6, 0xfc, 0xe7, 0x5d, 0xf4, 0x50, 0xe6, 0x4c, 0x0f, 0xea, 0x10,
    0xec, 0xf6, 0xa9, 0x47, 0xf2, 0xea, 0x9f, 0x28, 0x60, 0x08, 0xf0, 0xee,
    0xc8, 0xad, 0xd4, 0xf8, 0x03, 0x64, 0xe8, 0x0f, 0x0c, 0xab, 0xf0, 0x2d,
    0x9b, 0xd4, 0xd0, 0x3d, 0xa4, 0xd9, 0xd5, 0xdb, 0x32, 0xa9, 0x07, 0xcc,
    0xdc, 0xf3, 0x3b, 0xf1, 0xd7, 0xe6, 0xc9, 0xcd, 0x9b, 0xdd, 0xa3, 0x24,
    0xb5, 0x53, 0xbb, 0xcd, 0x4f, 0x9a, 0xe7, 0xd6, 0xa8, 0x96, 0x8b, 0xea,
    0xfd, 0xe5, 0x32, 0x04, 0xb9, 0x5f, 0x14, 0xdb, 0x71, 0xce, 0x81, 0xd5,
    0x30, 0xb0, 0x1a, 0xc6, 0x2e, 0xee, 0xf6, 0xfd, 0x3f, 0x35, 0x09, 0x29,
    0xa1, 0xe8, 0x1a, 0xcf, 0xc5, 0xf1, 0xb9, 0x29, 0xbc, 0x1a, 0xbe, 0xef,
    0x17, 0xdf, 0x43, 0x33, 0xc9, 0x1f, 0xf7, 0x1c, 0x25, 0xdb, 0xab, 0x1f,
    0x36, 0xef, 0x11, 0x0e, 0x0d, 0x0f, 0xd8, 0xff, 0xc5, 0xef, 0x27, 0xd9,
    0xda, 0x08, 0xf1, 0x0d, 0x29, 0x99, 0x3e, 0xc9, 0x1f, 0xd3, 0x7e, 0xf9,
    0xf1, 0xda, 0x81, 0x54, 0xe4, 0x1f, 0x08, 0xef, 0x26, 0x51, 0xc3, 0xf8,
    0x00, 0xd9, 0xe6, 0xf2, 0x9c, 0x3d, 0x24, 0x81, 0x38, 0xe0, 0xfe, 0x23,
    0x21, 0xea, 0xf9, 0xf5, 0xe4, 0x0f, 0xde, 0x28, 0x2c, 0xea, 0xe8, 0x25,
    0x2a, 0x1c, 0xe0, 0xda, 0x4e, 0x32, 0x1d, 0x30, 0xd1, 0x98, 0x11, 0x04,
    0xcf, 0x28, 0xd6, 0x27, 0xe0, 0xf9, 0xc9, 0x38, 0xee, 0x41, 0xb2, 0x55,
    0xb8, 0xf8, 0xe7, 0x1d, 0xd2, 0xf1, 0x2b, 0x5f, 0xd9, 0x30, 0x17, 0x35,
    0xc2, 0xdc, 0xbd, 0x52, 0x32, 0x83, 0x03, 0x41, 0xc4, 0xb6, 0xca, 0xe9,
    0x09, 0xf2, 0x70, 0x1d, 0xce, 0x06, 0xcd, 0x43, 0xd3, 0x81, 0xe6, 0xd3,
    0xa5, 0xfc, 0xcd, 0x50, 0x13, 0xef, 0x2e, 0x94, 0x38, 0xdc, 0x1a, 0x0b,
    0x07, 0x2d, 0x12, 0xfb, 0xb7, 0x6f, 0x10, 0xd1, 0xc8, 0x3f, 0xa9, 0x0a,
    0x57, 0xc5, 0x46, 0xf3, 0xd1, 0xea, 0x42, 0x52, 0x12, 0x72, 0xf2, 0x3c,
    0x8a, 0xfe, 0x30, 0x3e, 0x2f, 0xc9, 0x86, 0x39, 0xf5, 0xf5, 0x18, 0x97,
    0x28, 0xcb, 0x16, 0x6c, 0x18, 0x00, 0x2e, 0x23, 0x54, 0xf4, 0xc4, 0x7f,
    0xf3, 0xcd, 0x3c, 0x1e, 0xfb, 0x66, 0xc6, 0x26, 0xdb, 0x99, 0x04, 0xb5,
    0x48, 0x1f, 0xf0, 0x52, 0xf8, 0x96, 0xd6, 0xd4, 0x08, 0xde, 0x2a, 0x18,
    0x25, 0x16, 0xec, 0xbf, 0x94, 0xfb, 0x07, 0x29, 0x03, 0x4d, 0xe3, 0x1b,
    0xa8, 0xbf, 0x63, 0xf6, 0xa5, 0x2f, 0x45, 0x0c, 0x22, 0xc1, 0xe5, 0x21,
    0xc5, 0xde, 0xfa, 0x10, 0xb2, 0x1e, 0xdd, 0x11, 0xfe, 0x02, 0x05, 0x01,
    0xbb, 0x2f, 0xd5, 0xaa, 0x51, 0xe6, 0xef, 0xd1, 0xdd, 0x00, 0x57, 0x07,
    0xb8, 0x25, 0xf0, 0xf1, 0x16, 0x02, 0xfc, 0xf8, 0xe9, 0xe9, 0x37, 0x44,
    0x81, 0xeb, 0xf9, 0xd6, 0x1b, 0x17, 0x13, 0x2d, 0xdc, 0xd8, 0x2d, 0xcd,
    0x05, 0x41, 0xee, 0xeb, 0x0f, 0xd1, 0x2f, 0xf1, 0xe6, 0x7f, 0xee, 0xff,
    0xf8, 0xcf, 0xfb, 0x0a, 0xe6, 0x36, 0x0a, 0x4d, 0x48, 0x34, 0xde, 0xdc,
    0xd9, 0xc4, 0xe2, 0xef, 0xfb, 0x27, 0x0f, 0xf9, 0xc0, 0xc2, 0xf6, 0xb9,
    0xe3, 0x02, 0x15, 0x11, 0x52, 0x05, 0xd6, 0xf8, 0x01, 0xa6, 0x0e, 0xff,
    0xea, 0xe8, 0x99, 0x44, 0xe0, 0xc8, 0xbf, 0x46, 0x11, 0x23, 0x03, 0x2e,
    0xeb, 0x12, 0xcf, 0x5f, 0x06, 0x87, 0xf2, 0xfa, 0xc9, 0xc5, 0xe6, 0x9f,
    0xa9, 0x69, 0x3e, 0x12, 0xbc, 0x22, 0xec, 0x7c, 0x2f, 0xe6, 0x16, 0xb1,
    0x66, 0xda, 0x9e, 0xf8, 0xbc, 0xf5, 0xf0, 0x34, 0xfd, 0x09, 0x83, 0xd6,
    0xef, 0x98, 0x2b, 0x00, 0xb8, 0xe7, 0xed, 0x36, 0xaa, 0xf7, 0x08, 0xef,
    0x67, 0xe5, 0x5c, 0x85, 0xbb, 0x95, 0x20, 0x35, 0xeb, 0xac, 0x02, 0xfd,
    0x81, 0x6f, 0xcd, 0xc1, 0x0f, 0x8a, 0x40, 0xeb, 0x06, 0x62, 0x21, 0xe9,
    0x35, 0xbc, 0x39, 0xc2, 0x30, 0x52, 0xb5, 0x10, 0xc6, 0x6d, 0x52, 0xf9,
    0x35, 0xb9, 0x0c, 0x02, 0x8e, 0x58, 0x6e, 0x7f, 0xe7, 0xfc, 0x26, 0x30,
    0x49, 0x05, 0x8a, 0xfd, 0xfc, 0xfa, 0xad, 0xdd, 0x33, 0x42, 0xf5, 0xf1,
    0xbb, 0xd4, 0xc7, 0xec, 0x3d, 0x28, 0x70, 0x65, 0x4a, 0xf0, 0xf5, 0xff,
    0xd8, 0x30, 0xfd, 0x22, 0x81, 0x9d, 0xd3, 0x06, 0x5c, 0x98, 0x15, 0x9f,
    0xba, 0x85, 0xd5, 0x73, 0xc4, 0xbf, 0xc9, 0x2d, 0xd9, 0x1f, 0x12, 0x25,
    0xa9, 0xac, 0xb2, 0xe7, 0x0a, 0xcf, 0xc2, 0x5b, 0x25, 0x01, 0x93, 0x02,
    0xc2, 0x50, 0xde, 0x4e, 0x00, 0x51, 0x16, 0x8f, 0xe5, 0x43, 0x2c, 0xa3,
    0x54, 0xdb, 0x24, 0x11, 0xc5, 0x29, 0xe7, 0x4e, 0xe7, 0x13, 0x49, 0xe0,
    0x04, 0x5c, 0x68, 0x4f, 0xd4, 0xd2, 0xa5, 0xe7, 0x15, 0xd4, 0x2a, 0xd9,
    0x12, 0xdf, 0xd7, 0x2d, 0x3f, 0xee, 0xfa, 0x32, 0x18, 0xa9, 0xc5, 0x69,
    0x09, 0xc6, 0x51, 0xd6, 0xf6, 0x54, 0xd3, 0x17, 0xc7, 0xdb, 0xd6, 0xcf,
    0xdf, 0x56, 0xf5, 0x35, 0xdc, 0xbf, 0xab, 0xc9, 0xbb, 0xef, 0x53, 0xef,
    0x16, 0x1e, 0xea, 0xc4, 0x81, 0x38, 0x39, 0x61, 0xfb, 0x42, 0x20, 0xdd,
    0xda, 0xc0, 0x29, 0x3b, 0x0c, 0x04, 0x28, 0xb0, 0xe2, 0x7f, 0xc9, 0xe1,
    0xc8, 0x2a, 0x1f, 0xf8, 0xe5, 0x21, 0x13, 0x29, 0x35, 0xbd, 0xd7, 0xe9,
    0x1f, 0xe0, 0x24, 0x36, 0x09, 0xf2, 0x38, 0xd1, 0x91, 0xed, 0x04, 0x0c,
    0xf8, 0x12, 0xd3, 0xd9, 0x10, 0x0e, 0xd6, 0xef, 0x07, 0x36, 0xed, 0x1e,
    0xe1, 0xe8, 0x01, 0xde, 0x2a, 0xe7, 0xe4, 0xe2, 0x26, 0xf3, 0xf2, 0xf7,
    0xc5, 0xe8, 0xac, 0x39, 0x0a, 0xb7, 0xde, 0x0c, 0xe5, 0xaa, 0xd9, 0xce,
    0x05, 0xdc, 0xc8, 0x11, 0xf4, 0xfc, 0xea, 0xe2, 0x30, 0x16, 0xe6, 0x7f,
    0xdd, 0xc8, 0x31, 0x31, 0xf2, 0x4e, 0xdf, 0x19, 0x11, 0x20, 0xd3, 0xc0,
    0x0c, 0x26, 0xef, 0xd1, 0xcb, 0xd3, 0xd1, 0x0e, 0xce, 0xd9, 0x14, 0x04,
    0x5e, 0xfd, 0xfc, 0xf9, 0x97, 0xed, 0x17, 0x55, 0x2b, 0x06, 0xda, 0xfd,
    0xfb, 0xf7, 0x0c, 0xff, 0xbf, 0xcf, 0xb6, 0x00, 0xe5, 0xc9, 0x1a, 0x03,
    0x45, 0xda, 0x31, 0x60, 0xfe, 0x9a, 0x47, 0x00, 0x03, 0x34, 0xde, 0xb3,
    0x07, 0x06, 0x18, 0x4e, 0x16, 0x0f, 0xe5, 0x45, 0xf2, 0xc6, 0xcf, 0xe7,
    0xed, 0xd4, 0xf0, 0xd6, 0x1f, 0x81, 0x08, 0xc3, 0xee, 0x30, 0x4b, 0xd5,
    0x1b, 0x07, 0x0f, 0xdb, 0x96, 0xfe, 0x47, 0x3b, 0x1d, 0x4b, 0xd6, 0x41,
    0xe1, 0xa2, 0xfd, 0x1f, 0x05, 0x3e, 0xb7, 0x5a, 0x02, 0xec, 0xe6, 0x46,
    0x59, 0x19, 0xff, 0x3b, 0x7c, 0x47, 0x16, 0xaf, 0xf6, 0xbc, 0xd0, 0x0b,
    0x3b, 0x44, 0x14, 0x26, 0xcb, 0xf5, 0xdc, 0xfc, 0x36, 0x05, 0xda, 0x4a,
    0x24, 0xeb, 0xe4, 0xdf, 0xe6, 0x76, 0x10, 0xf5, 0xfe, 0xcf, 0xba, 0x06,
    0x3d, 0x04, 0x36, 0xe2, 0x26, 0xe4, 0xd1, 0xfd, 0x48, 0x03, 0xb6, 0x7f,
    0x14, 0xd1, 0x2a, 0x1c, 0xd1, 0x26, 0xdd, 0xc2, 0xcb, 0x9a, 0x03, 0xb3,
    0xd6, 0x1e, 0x24, 0x00, 0x81, 0xcc, 0x02, 0x14, 0xec, 0x36, 0x59, 0x4d,
    0x01, 0x93, 0xea, 0xb9, 0xb6, 0xc3, 0x03, 0xc1, 0x48, 0x06, 0xb3, 0x35,
    0xdc, 0xa1, 0xbd, 0xd4, 0xd0, 0xcb, 0xf7, 0x00, 0xe0, 0x06, 0x07, 0xd1,
    0x72, 0x2f, 0x7a, 0x46, 0xca, 0xe7, 0x09, 0xf5, 0xb6, 0xbf, 0x63, 0x9d,
    0x16, 0x73, 0xde, 0xf8, 0xf4, 0xb4, 0x09, 0x19, 0xf4, 0xe1, 0x91, 0x3d,
    0xd9, 0x0e, 0x7f, 0x27, 0xe8, 0xcb, 0x0b, 0xd7, 0xbf, 0x12, 0x03, 0xe1,
    0x29, 0xdb, 0x01, 0xea, 0x0c, 0xf4, 0xab, 0x0c, 0x10, 0xfb, 0xe8, 0xb8,
    0xe0, 0x1a, 0x1f, 0x48, 0x3e, 0x4a, 0x34, 0x8b, 0x38, 0x0d, 0x11, 0x25,
    0x09, 0xde, 0x3a, 0xdd, 0x1d, 0xde, 0xf8, 0x94, 0x39, 0x11, 0x0f, 0x24,
    0xd3, 0x10, 0x08, 0x0d, 0x6a, 0xea, 0xff, 0xff, 0x04, 0x00, 0x00, 0x00,
    0xf0, 0x00, 0x00, 0x00, 0x36, 0xf0, 0xff, 0xff, 0x48, 0x12, 0x00, 0x00,
    0x19, 0xe9, 0xff, 0xff, 0x4c, 0xe5, 0xff, 0xff, 0x69, 0x03, 0x00, 0x00,
    0x5b, 0xfd, 0xff, 0xff, 0xae, 0xfa, 0xff, 0xff, 0x66, 0x02, 0x00, 0x00,
    0x91, 0x1c, 0x00, 0x00, 0x9c, 0xf3, 0xff, 0xff, 0x4b, 0xeb, 0xff, 0xff,
    0xb2, 0xe8, 0xff, 0xff, 0x58, 0xe7, 0xff, 0xff, 0x9a, 0x06, 0x00, 0x00,
    0xa1, 0x2b, 0x00, 0x00, 0x8a, 0x1d, 0x00, 0x00, 0x6a, 0xfe, 0xff, 0xff,
    0x0f, 0xfc, 0xff, 0xff, 0xb8, 0xfe, 0xff, 0xff, 0xd8, 0x0e, 0x00, 0x00,
    0x08, 0x03, 0x00, 0x00, 0x40, 0xfb, 0xff, 0xff, 0x46, 0x0c, 0x00, 0x00,
    0x1c, 0xd6, 0xff, 0xff, 0x32, 0x15, 0x00, 0x00, 0xdb, 0x1d, 0x00, 0x00,
    0xa2, 0xf9, 0xff, 0xff, 0x19, 0x09, 0x00, 0x00, 0x31, 0x06, 0x00, 0x00,
    0xfe, 0xed, 0xff, 0xff, 0xc8, 0xec, 0xff, 0xff, 0xdb, 0x10, 0x00, 0x00,
    0x01, 0x0e, 0x00, 0x00, 0x96, 0x0a, 0x00, 0x00, 0x0c, 0x22, 0x00, 0x00,
    0x2a, 0xde, 0xff, 0xff, 0x16, 0x27, 0x00, 0x00, 0x7d, 0x15, 0x00, 0x00,
    0x5f, 0x00, 0x00, 0x00, 0xdb, 0x18, 0x00, 0x00, 0xfc, 0x10, 0x00, 0x00,
    0x14, 0xf7, 0xff, 0xff, 0x6a, 0xf4, 0xff, 0xff, 0x2c, 0x05, 0x00, 0x00,
    0x9f, 0x02, 0x00, 0x00, 0xc0, 0xec, 0xff, 0xff, 0x48, 0x0e, 0x00, 0x00,
    0x1b, 0x12, 0x00, 0x00, 0x24, 0x00, 0x00, 0x00, 0xb7, 0xe8, 0xff, 0xff,
    0x45, 0xed, 0xff, 0xff, 0x7d, 0xf4, 0xff, 0xff, 0x4e, 0xf9, 0xff, 0xff,
    0x88, 0xfc, 0xff, 0xff, 0x58, 0xee, 0xff, 0xff, 0x22, 0x0f, 0x00, 0x00,
    0x26, 0x0e, 0x00, 0x00, 0x27, 0x1e, 0x00, 0x00, 0x00, 0xf1, 0xff, 0xff,
    0x09, 0x19, 0x00, 0x00, 0x66, 0xeb, 0xff, 0xff, 0x04, 0x00, 0x00, 0x00,
    0x2c, 0x01, 0x00, 0x00, 0x2c, 0x0d, 0xeb, 0x2c, 0xd7, 0xf1, 0xd4, 0xae,
    0x0d, 0xdb, 0xfd, 0x3c, 0x3b, 0x0c, 0x10, 0x28, 0xbe, 0xff, 0xb4, 0x1f,
    0xe8, 0x4d, 0xfc, 0x0a, 0xc7, 0x22, 0xe6, 0xf8, 0xee, 0xdb, 0xb4, 0x0c,
    0xf8, 0x32, 0x22, 0xe3, 0x14, 0x20, 0x5b, 0x2a, 0x0f, 0xb9, 0xcc, 0xf7,
    0xca, 0xf8, 0xfd, 0x23, 0xef, 0xdd, 0x14, 0xe1, 0x4c, 0x30, 0xe2, 0x2c,
    0xed, 0x09, 0x13, 0xc8, 0x10, 0x0c, 0xac, 0x07, 0xd0, 0xd8, 0xdd, 0xde,
    0xf2, 0xb7, 0xa7, 0x2d, 0xfe, 0x17, 0x02, 0x0f, 0xb7, 0xc7, 0xc1, 0x0f,
    0x07, 0x02, 0x09, 0xff, 0xee, 0x29, 0xc0, 0xf1, 0x03, 0xc7, 0xe9, 0x0c,
    0x0e, 0x31, 0x10, 0xe4, 0x05, 0x21, 0x38, 0x15, 0xf3, 0xab, 0xff, 0xfb,
    0xe3, 0x24, 0x14, 0x11, 0x22, 0xf6, 0xea, 0xef, 0x23, 0x2b, 0xcc, 0x19,
    0x1f, 0x05, 0x1a, 0xe7, 0x1e, 0xef, 0xdd, 0xff, 0xe1, 0xd2, 0xd0, 0xef,
    0xbe, 0xd1, 0xce, 0x01, 0x2a, 0x28, 0xe3, 0xea, 0x11, 0xd1, 0xd8, 0xd5,
    0x08, 0xed, 0xfd, 0x2c, 0x09, 0x2f, 0xe9, 0xc8, 0xef, 0xdc, 0xea, 0x11,
    0xf3, 0x0e, 0xe5, 0xfb, 0xfb, 0x3d, 0x0c, 0xfc, 0x16, 0xe4, 0xea, 0x0f,
    0xe7, 0x05, 0x1a, 0x01, 0xf2, 0xbd, 0xff, 0xf0, 0x02, 0x03, 0xe0, 0x08,
    0x03, 0x19, 0x15, 0x10, 0x2e, 0x0a, 0xd5, 0x46, 0xc6, 0xad, 0xf2, 0xcc,
    0xb4, 0xdb, 0xe2, 0x16, 0x2f, 0x1a, 0xcd, 0x20, 0x04, 0xc7, 0xba, 0xbb,
    0x2f, 0x20, 0xbc, 0x3f, 0xcd, 0x27, 0xc9, 0xbd, 0x0d, 0xc9, 0xd4, 0x0c,
    0x16, 0x1b, 0xb2, 0xd9, 0xee, 0x19, 0x06, 0x16, 0x29, 0xad, 0xc6, 0xf2,
    0xf4, 0xcb, 0xf8, 0xf0, 0xf1, 0xe2, 0x1a, 0x05, 0x20, 0xdc, 0xd5, 0x1a,
    0xe7, 0x13, 0x3e, 0xff, 0x07, 0x6d, 0xb9, 0x3a, 0xae, 0x95, 0xc1, 0xf6,
    0x88, 0xcb, 0xd7, 0x3f, 0x2f, 0x42, 0xa6, 0xbf, 0xff, 0xd9, 0xe3, 0xb3,
    0x41, 0x04, 0x92, 0x40, 0xa9, 0xff, 0xd4, 0xa3, 0x44, 0xb0, 0xca, 0x24,
    0x5a, 0x40, 0x81, 0xf6, 0x8d, 0x2b, 0x1f, 0x2e, 0x46, 0x8b, 0xbe, 0x3a,
    0xac, 0xe3, 0x32, 0x9c, 0x40, 0xd3, 0x0e, 0xcd, 0x4b, 0xa1, 0xbb, 0xad,
    0xbf, 0x36, 0x37, 0x3c, 0x9e, 0xec, 0xff, 0xff, 0x04, 0x00, 0x00, 0x00,
    0x04, 0x00, 0x00, 0x00, 0xa4, 0x85, 0xff, 0xff, 0xae, 0xec, 0xff, 0xff,
    0x04, 0x00, 0x00, 0x00, 0x10, 0x00, 0x00, 0x00, 0x00, 0x00, 0x00, 0x00,
    0x01, 0x00, 0x00, 0x00, 0x00, 0x00, 0x00, 0x00, 0x00, 0x00, 0x00, 0x00,
    0xca, 0xec, 0xff, 0xff, 0x04, 0x00, 0x00, 0x00, 0x10, 0x00, 0x00, 0x00,
    0x01, 0x00, 0x00, 0x00, 0x01, 0x00, 0x00, 0x00, 0x01, 0x00, 0x00, 0x00,
    0x01, 0x00, 0x00, 0x00, 0xe6, 0xec, 0xff, 0xff, 0x04, 0x00, 0x00, 0x00,
    0x10, 0x00, 0x00, 0x00, 0x00, 0x00, 0x00, 0x00, 0x00, 0x00, 0x00, 0x00,
    0x00, 0x00, 0x00, 0x00, 0x00, 0x00, 0x00, 0x00, 0x02, 0xed, 0xff, 0xff,
    0x04, 0x00, 0x00, 0x00, 0x10, 0x00, 0x00, 0x00, 0x00, 0x00, 0x00, 0x00,
    0x03, 0x00, 0x00, 0x00, 0x00, 0x00, 0x00, 0x00, 0x00, 0x00, 0x00, 0x00,
    0x1e, 0xed, 0xff, 0xff, 0x04, 0x00, 0x00, 0x00, 0x08, 0x00, 0x00, 0x00,
    0x01, 0x00, 0x00, 0x00, 0x2c, 0x01, 0x00, 0x00, 0x32, 0xed, 0xff, 0xff,
    0x04, 0x00, 0x00, 0x00, 0x10, 0x00, 0x00, 0x00, 0x01, 0x00, 0x00, 0x00,
    0x03, 0x00, 0x00, 0x00, 0x01, 0x00, 0x00, 0x00, 0x28, 0x00, 0x00, 0x00,
    0xa4, 0xa3, 0xff, 0xff, 0xa8, 0xa3, 0xff, 0xff, 0x0f, 0x00, 0x00, 0x00,
    0x4d, 0x4c, 0x49, 0x52, 0x20, 0x43, 0x6f, 0x6e, 0x76, 0x65, 0x72, 0x74,
    0x65, 0x64, 0x2e, 0x00, 0x02, 0x00, 0x00, 0x00, 0xec, 0x05, 0x00, 0x00,
    0x04, 0x00, 0x00, 0x00, 0x2a, 0xfa, 0xff, 0xff, 0x14, 0x00, 0x00, 0x00,
    0x1c, 0x00, 0x00, 0x00, 0xb8, 0x02, 0x00, 0x00, 0xb8, 0x02, 0x00, 0x00,
    0xb8, 0x02, 0x00, 0x00, 0x04, 0x00, 0x00, 0x00, 0x4e, 0x6f, 0x4f, 0x70,
    0x00, 0x00, 0x00, 0x00, 0x0c, 0x00, 0x00, 0x00, 0x54, 0x02, 0x00, 0x00,
    0x30, 0x02, 0x00, 0x00, 0xe4, 0x01, 0x00, 0x00, 0xc0, 0x01, 0x00, 0x00,
    0x74, 0x01, 0x00, 0x00, 0x50, 0x01, 0x00, 0x00, 0x04, 0x01, 0x00, 0x00,
    0xe0, 0x00, 0x00, 0x00, 0x94, 0x00, 0x00, 0x00, 0x70, 0x00, 0x00, 0x00,
    0x28, 0x00, 0x00, 0x00, 0x04, 0x00, 0x00, 0x00, 0xe2, 0xef, 0xff, 0xff,
    0x0c, 0x00, 0x00, 0x00, 0x0c, 0x00, 0x00, 0x00, 0x0c, 0x00, 0x00, 0x00,
    0x00, 0x00, 0x00, 0x00, 0x02, 0x00, 0x00, 0x00, 0x0b, 0x00, 0x00, 0x00,
    0x00, 0x00, 0x00, 0x00, 0x6e, 0xee, 0xff, 0xff, 0x14, 0x00, 0x00, 0x00,
    0x00, 0x00, 0x00, 0x6f, 0x2c, 0x00, 0x00, 0x00, 0x30, 0x00, 0x00, 0x00,
    0x01, 0x00, 0x00, 0x00, 0x60, 0xee, 0xff, 0xff, 0x08, 0x00, 0x00, 0x00,
    0x10, 0x00, 0x00, 0x00, 0x06, 0x00, 0x00, 0x00, 0x73, 0x74, 0x72, 0x65,
    0x61, 0x6d, 0x00, 0x00, 0x00, 0x00, 0x00, 0x00, 0x00, 0x00, 0x00, 0x00,
    0x01, 0x00, 0x00, 0x00, 0x0b, 0x00, 0x00, 0x00, 0x00, 0x00, 0x00, 0x00,
    0x46, 0xf0, 0xff, 0xff, 0x0c, 0x00, 0x00, 0x00, 0x0c, 0x00, 0x00, 0x00,
    0x0c, 0x00, 0x00, 0x00, 0x00, 0x00, 0x00, 0x00, 0x02, 0x00, 0x00, 0x00,
    0x0a, 0x00, 0x00, 0x00, 0x01, 0x00, 0x00, 0x00, 0xd2, 0xee, 0xff, 0xff,
    0x14, 0x00, 0x00, 0x00, 0x00, 0x00, 0x00, 0x6f, 0x30, 0x00, 0x00, 0x00,
    0x34, 0x00, 0x00, 0x00, 0x01, 0x00, 0x00, 0x00, 0xc4, 0xee, 0xff, 0xff,
    0x08, 0x00, 0x00, 0x00, 0x14, 0x00, 0x00, 0x00, 0x08, 0x00, 0x00, 0x00,
    0x73, 0x74, 0x72, 0x65, 0x61, 0x6d, 0x5f, 0x31, 0x00, 0x00, 0x00, 0x00,
    0x00, 0x00, 0x00, 0x00, 0x00, 0x00, 0x00, 0x00, 0x01, 0x00, 0x00, 0x00,
    0x0a, 0x00, 0x00, 0x00, 0x00, 0x00, 0x00, 0x00, 0xae, 0xf0, 0xff, 0xff,
    0x0c, 0x00, 0x00, 0x00, 0x0c, 0x00, 0x00, 0x00, 0x0c, 0x00, 0x00, 0x00,
    0x00, 0x00, 0x00, 0x00, 0x02, 0x00, 0x00, 0x00, 0x09, 0x00, 0x00, 0x00,
    0x02, 0x00, 0x00, 0x00, 0x3a, 0xef, 0xff, 0xff, 0x14, 0x00, 0x00, 0x00,
    0x00, 0x00, 0x00, 0x6f, 0x30, 0x00, 0x00, 0x00, 0x34, 0x00, 0x00, 0x00,
    0x01, 0x00, 0x00, 0x00, 0x2c, 0xef, 0xff, 0xff, 0x08, 0x00, 0x00, 0x00,
    0x14, 0x00, 0x00, 0x00, 0x08, 0x00, 0x00, 0x00, 0x73, 0x74, 0x72, 0x65,
    0x61, 0x6d, 0x5f, 0x32, 0x00, 0x00, 0x00, 0x00, 0x00, 0x00, 0x00, 0x00,
    0x00, 0x00, 0x00, 0x00, 0x01, 0x00, 0x00, 0x00, 0x09, 0x00, 0x00, 0x00,
    0x00, 0x00, 0x00, 0x00, 0x16, 0xf1, 0xff, 0xff, 0x0c, 0x00, 0x00, 0x00,
    0x0c, 0x00, 0x00, 0x00, 0x0c, 0x00, 0x00, 0x00, 0x00, 0x00, 0x00, 0x00,
    0x02, 0x00, 0x00, 0x00, 0x08, 0x00, 0x00, 0x00, 0x03, 0x00, 0x00, 0x00,
    0xa2, 0xef, 0xff, 0xff, 0x14, 0x00, 0x00, 0x00, 0x00, 0x00, 0x00, 0x6f,
    0x30, 0x00, 0x00, 0x00, 0x34, 0x00, 0x00, 0x00, 0x01, 0x00, 0x00, 0x00,
    0x94, 0xef, 0xff, 0xff, 0x08, 0x00, 0x00, 0x00, 0x14, 0x00, 0x00, 0x00,
    0x08, 0x00, 0x00, 0x00, 0x73, 0x74, 0x72, 0x65, 0x61, 0x6d, 0x5f, 0x33,
    0x00, 0x00, 0x00, 0x00, 0x00, 0x00, 0x00, 0x00, 0x00, 0x00, 0x00, 0x00,
    0x01, 0x00, 0x00, 0x00, 0x08, 0x00, 0x00, 0x00, 0x00, 0x00, 0x00, 0x00,
    0x7e, 0xf1, 0xff, 0xff, 0x0c, 0x00, 0x00, 0x00, 0x0c, 0x00, 0x00, 0x00,
    0x0c, 0x00, 0x00, 0x00, 0x00, 0x00, 0x00, 0x00, 0x02, 0x00, 0x00, 0x00,
    0x07, 0x00, 0x00, 0x00, 0x04, 0x00, 0x00, 0x00, 0x0a, 0xf0, 0xff, 0xff,
    0x14, 0x00, 0x00, 0x00, 0x00, 0x00, 0x00, 0x6f, 0x30, 0x00, 0x00, 0x00,
    0x34, 0x00, 0x00, 0x00, 0x01, 0x00, 0x00, 0x00, 0xfc, 0xef, 0xff, 0xff,
    0x08, 0x00, 0x00, 0x00, 0x14, 0x00, 0x00, 0x00, 0x08, 0x00, 0x00, 0x00,
    0x73, 0x74, 0x72, 0x65, 0x61, 0x6d, 0x5f, 0x34, 0x00, 0x00, 0x00, 0x00,
    0x00, 0x00, 0x00, 0x00, 0x00, 0x00, 0x00, 0x00, 0x01, 0x00, 0x00, 0x00,
    0x07, 0x00, 0x00, 0x00, 0x00, 0x00, 0x00, 0x00, 0xe6, 0xf1, 0xff, 0xff,
    0x0c, 0x00, 0x00, 0x00, 0x0c, 0x00, 0x00, 0x00, 0x0c, 0x00, 0x00, 0x00,
    0x00, 0x00, 0x00, 0x00, 0x02, 0x00, 0x00, 0x00, 0x06, 0x00, 0x00, 0x00,
    0x05, 0x00, 0x00, 0x00, 0x72, 0xf0, 0xff, 0xff, 0x14, 0x00, 0x00, 0x00,
    0x00, 0x00, 0x00, 0x6f, 0x30, 0x00, 0x00, 0x00, 0x34, 0x00, 0x00, 0x00,
    0x01, 0x00, 0x00, 0x00, 0x64, 0xf0, 0xff, 0xff, 0x08, 0x00, 0x00, 0x00,
    0x14, 0x00, 0x00, 0x00, 0x08, 0x00, 0x00, 0x00, 0x73, 0x74, 0x72, 0x65,
    0x61, 0x6d, 0x5f, 0x35, 0x00, 0x00, 0x00, 0x00, 0x00, 0x00, 0x00, 0x00,
    0x00, 0x00, 0x00, 0x00, 0x01, 0x00, 0x00, 0x00, 0x06, 0x00, 0x00, 0x00,
    0x00, 0x00, 0x00, 0x00, 0x00, 0x00, 0x00, 0x00, 0x00, 0x00, 0x00, 0x00,
    0x0c, 0x00, 0x00, 0x00, 0xc0, 0x02, 0x00, 0x00, 0x78, 0x02, 0x00, 0x00,
    0x30, 0x02, 0x00, 0x00, 0xe8, 0x01, 0x00, 0x00, 0x9c, 0x01, 0x00, 0x00,
    0x50, 0x01, 0x00, 0x00, 0x18, 0x01, 0x00, 0x00, 0xe0, 0x00, 0x00, 0x00,
    0xa8, 0x00, 0x00, 0x00, 0x70, 0x00, 0x00, 0x00, 0x38, 0x00, 0x00, 0x00,
    0x04, 0x00, 0x00, 0x00, 0xa6, 0xa6, 0xff, 0xff, 0x00, 0x00, 0x00, 0x01,
    0x14, 0x00, 0x00, 0x00, 0x14, 0x00, 0x00, 0x00, 0x5e, 0x00, 0x00, 0x00,
    0x00, 0x00, 0x00, 0x0d, 0x14, 0x00, 0x00, 0x00, 0xe8, 0xa6, 0xff, 0xff,
    0x07, 0x00, 0x00, 0x00, 0x73, 0x74, 0x72, 0x65, 0x61, 0x6d, 0x31, 0x00,
    0x00, 0x00, 0x00, 0x00, 0xd6, 0xa6, 0xff, 0xff, 0x00, 0x00, 0x00, 0x01,
    0x14, 0x00, 0x00, 0x00, 0x14, 0x00, 0x00, 0x00, 0x5d, 0x00, 0x00, 0x00,
    0x00, 0x00, 0x00, 0x0d, 0x18, 0x00, 0x00, 0x00, 0x18, 0xa7, 0xff, 0xff,
    0x09, 0x00, 0x00, 0x00, 0x73, 0x74, 0x72, 0x65, 0x61, 0x6d, 0x5f, 0x31,
    0x31, 0x00, 0x00, 0x00, 0x00, 0x00, 0x00, 0x00, 0x0a, 0xa7, 0xff, 0xff,
    0x00, 0x00, 0x00, 0x01, 0x14, 0x00, 0x00, 0x00, 0x14, 0x00, 0x00, 0x00,
    0x5c, 0x00, 0x00, 0x00, 0x00, 0x00, 0x00, 0x0d, 0x18, 0x00, 0x00, 0x00,
    0x4c, 0xa7, 0xff, 0xff, 0x09, 0x00, 0x00, 0x00, 0x73, 0x74, 0x72, 0x65,
    0x61, 0x6d, 0x5f, 0x32, 0x31, 0x00, 0x00, 0x00, 0x00, 0x00, 0x00, 0x00,
    0x3e, 0xa7, 0xff, 0xff, 0x00, 0x00, 0x00, 0x01, 0x14, 0x00, 0x00, 0x00,
    0x14, 0x00, 0x00, 0x00, 0x5b, 0x00, 0x00, 0x00, 0x00, 0x00, 0x00, 0x0d,
    0x18, 0x00, 0x00, 0x00, 0x80, 0xa7, 0xff, 0xff, 0x09, 0x00, 0x00, 0x00,
    0x73, 0x74, 0x72, 0x65, 0x61, 0x6d, 0x5f, 0x33, 0x31, 0x00, 0x00, 0x00,
    0x00, 0x00, 0x00, 0x00, 0x72, 0xa7, 0xff, 0xff, 0x00, 0x00, 0x00, 0x01,
    0x14, 0x00, 0x00, 0x00, 0x14, 0x00, 0x00, 0x00, 0x5a, 0x00, 0x00, 0x00,
    0x00, 0x00, 0x00, 0x0d, 0x18, 0x00, 0x00, 0x00, 0xb4, 0xa7, 0xff, 0xff,
    0x09, 0x00, 0x00, 0x00, 0x73, 0x74, 0x72, 0x65, 0x61, 0x6d, 0x5f, 0x34,
    0x31, 0x00, 0x00, 0x00, 0x00, 0x00, 0x00, 0x00, 0xa6, 0xa7, 0xff, 0xff,
    0x00, 0x00, 0x00, 0x01, 0x14, 0x00, 0x00, 0x00, 0x14, 0x00, 0x00, 0x00,
    0x59, 0x00, 0x00, 0x00, 0x00, 0x00, 0x00, 0x0d, 0x18, 0x00, 0x00, 0x00,
    0xe8, 0xa7, 0xff, 0xff, 0x09, 0x00, 0x00, 0x00, 0x73, 0x74, 0x72, 0x65,
    0x61, 0x6d, 0x5f, 0x35, 0x31, 0x00, 0x00, 0x00, 0x00, 0x00, 0x00, 0x00,
    0x16, 0xdf, 0xff, 0xff, 0x00, 0x00, 0x00, 0x01, 0x10, 0x00, 0x00, 0x00,
    0x10, 0x00, 0x00, 0x00, 0x58, 0x00, 0x00, 0x00, 0x20, 0x00, 0x00, 0x00,
    0x18, 0xa8, 0xff, 0xff, 0x10, 0x00, 0x00, 0x00, 0x61, 0x72, 0x69, 0x74,
    0x68, 0x2e, 0x63, 0x6f, 0x6e, 0x73, 0x74, 0x61, 0x6e, 0x74, 0x31, 0x31,
    0x00, 0x00, 0x00, 0x00, 0x04, 0x00, 0x00, 0x00, 0x01, 0x00, 0x00, 0x00,
    0x04, 0x00, 0x00, 0x00, 0x01, 0x00, 0x00, 0x00, 0x3c, 0x00, 0x00, 0x00,
    0x5e, 0xdf, 0xff, 0xff, 0x00, 0x00, 0x00, 0x01, 0x10, 0x00, 0x00, 0x00,
    0x10, 0x00, 0x00, 0x00, 0x57, 0x00, 0x00, 0x00, 0x20, 0x00, 0x00, 0x00,
    0x60, 0xa8, 0xff, 0xff, 0x10, 0x00, 0x00, 0x00, 0x61, 0x72, 0x69, 0x74,
    0x68, 0x2e, 0x63, 0x6f, 0x6e, 0x73, 0x74, 0x61, 0x6e, 0x74, 0x31, 0x30,
    0x00, 0x00, 0x00, 0x00, 0x04, 0x00, 0x00, 0x00, 0x01, 0x00, 0x00, 0x00,
    0x14, 0x00, 0x00, 0x00, 0x01, 0x00, 0x00, 0x00, 0x3c, 0x00, 0x00, 0x00,
    0xa6, 0xdf, 0xff, 0xff, 0x00, 0x00, 0x00, 0x01, 0x10, 0x00, 0x00, 0x00,
    0x10, 0x00, 0x00, 0x00, 0x56, 0x00, 0x00, 0x00, 0x1c, 0x00, 0x00, 0x00,
    0xa8, 0xa8, 0xff, 0xff, 0x0f, 0x00, 0x00, 0x00, 0x61, 0x72, 0x69, 0x74,
    0x68, 0x2e, 0x63, 0x6f, 0x6e, 0x73, 0x74, 0x61, 0x6e, 0x74, 0x39, 0x00,
    0x04, 0x00, 0x00, 0x00, 0x01, 0x00, 0x00, 0x00, 0x0c, 0x00, 0x00, 0x00,
    0x01, 0x00, 0x00, 0x00, 0x3c, 0x00, 0x00, 0x00, 0xea, 0xdf, 0xff, 0xff,
    0x00, 0x00, 0x00, 0x01, 0x10, 0x00, 0x00, 0x00, 0x10, 0x00, 0x00, 0x00,
    0x55, 0x00, 0x00, 0x00, 0x1c, 0x00, 0x00, 0x00, 0xec, 0xa8, 0xff, 0xff,
    0x0f, 0x00, 0x00, 0x00, 0x61, 0x72, 0x69, 0x74, 0x68, 0x2e, 0x63, 0x6f,
    0x6e, 0x73, 0x74, 0x61, 0x6e, 0x74, 0x38, 0x00, 0x04, 0x00, 0x00, 0x00,
    0x01, 0x00, 0x00, 0x00, 0x08, 0x00, 0x00, 0x00, 0x01, 0x00, 0x00, 0x00,
    0x3c, 0x00, 0x00, 0x00, 0x2e, 0xe0, 0xff, 0xff, 0x00, 0x00, 0x00, 0x01,
    0x10, 0x00, 0x00, 0x00, 0x10, 0x00, 0x00, 0x00, 0x54, 0x00, 0x00, 0x00,
    0x1c, 0x00, 0x00, 0x00, 0x30, 0xa9, 0xff, 0xff, 0x0f, 0x00, 0x00, 0x00,
    0x61, 0x72, 0x69, 0x74, 0x68, 0x2e, 0x63, 0x6f, 0x6e, 0x73, 0x74, 0x61,
    0x6e, 0x74, 0x37, 0x00, 0x04, 0x00, 0x00, 0x00, 0x01, 0x00, 0x00, 0x00,
    0x04, 0x00, 0x00, 0x00, 0x01, 0x00, 0x00, 0x00, 0x1e, 0x00, 0x00, 0x00,
    0x72, 0xe0, 0xff, 0xff, 0x00, 0x00, 0x00, 0x01, 0x10, 0x00, 0x00, 0x00,
    0x10, 0x00, 0x00, 0x00, 0x53, 0x00, 0x00, 0x00, 0x1c, 0x00, 0x00, 0x00,
    0x74, 0xa9, 0xff, 0xff, 0x0f, 0x00, 0x00, 0x00, 0x61, 0x72, 0x69, 0x74,
    0x68, 0x2e, 0x63, 0x6f, 0x6e, 0x73, 0x74, 0x61, 0x6e, 0x74, 0x36, 0x00,
    0x04, 0x00, 0x00, 0x00, 0x01, 0x00, 0x00, 0x00, 0x02, 0x00, 0x00, 0x00,
    0x01, 0x00, 0x00, 0x00, 0x28, 0x00, 0x00, 0x00, 0x00, 0x00, 0x0e, 0x00,
    0x18, 0x00, 0x14, 0x00, 0x10, 0x00, 0x0c, 0x00, 0x08, 0x00, 0x04, 0x00,
    0x0e, 0x00, 0x00, 0x00, 0x14, 0x00, 0x00, 0x00, 0x1c, 0x00, 0x00, 0x00,
    0xb0, 0x0c, 0x00, 0x00, 0xb4, 0x0c, 0x00, 0x00, 0xb8, 0x0c, 0x00, 0x00,
    0x04, 0x00, 0x00, 0x00, 0x6d, 0x61, 0x69, 0x6e, 0x00, 0x00, 0x00, 0x00,
    0x3e, 0x00, 0x00, 0x00, 0x68, 0x0c, 0x00, 0x00, 0x08, 0x0c, 0x00, 0x00,
    0xac, 0x0b, 0x00, 0x00, 0x60, 0x0b, 0x00, 0x00, 0x14, 0x0b, 0x00, 0x00,
    0xc8, 0x0a, 0x00, 0x00, 0x7c, 0x0a, 0x00, 0x00, 0x58, 0x0a, 0x00, 0x00,
    0x28, 0x0a, 0x00, 0x00, 0x04, 0x0a, 0x00, 0x00, 0xe0, 0x09, 0x00, 0x00,
    0xbc, 0x09, 0x00, 0x00, 0x98, 0x09, 0x00, 0x00, 0x70, 0x09, 0x00, 0x00,
    0x4c, 0x09, 0x00, 0x00, 0x14, 0x09, 0x00, 0x00, 0xf0, 0x08, 0x00, 0x00,
    0x9c, 0x08, 0x00, 0x00, 0x78, 0x08, 0x00, 0x00, 0x40, 0x08, 0x00, 0x00,
    0x1c, 0x08, 0x00, 0x00, 0xc8, 0x07, 0x00, 0x00, 0x80, 0x07, 0x00, 0x00,
    0x5c, 0x07, 0x00, 0x00, 0x24, 0x07, 0x00, 0x00, 0x00, 0x07, 0x00, 0x00,
    0xb8, 0x06, 0x00, 0x00, 0x70, 0x06, 0x00, 0x00, 0x4c, 0x06, 0x00, 0x00,
    0x14, 0x06, 0x00, 0x00, 0xf0, 0x05, 0x00, 0x00, 0xa8, 0x05, 0x00, 0x00,
    0x60, 0x05, 0x00, 0x00, 0x3c, 0x05, 0x00, 0x00, 0x04, 0x05, 0x00, 0x00,
    0xe0, 0x04, 0x00, 0x00, 0x98, 0x04, 0x00, 0x00, 0x50, 0x04, 0x00, 0x00,
    0x2c, 0x04, 0x00, 0x00, 0xf4, 0x03, 0x00, 0x00, 0xd0, 0x03, 0x00, 0x00,
    0xa8, 0x03, 0x00, 0x00, 0x70, 0x03, 0x00, 0x00, 0x4c, 0x03, 0x00, 0x00,
    0x08, 0x03, 0x00, 0x00, 0xe4, 0x02, 0x00, 0x00, 0xc0, 0x02, 0x00, 0x00,
    0x7c, 0x02, 0x00, 0x00, 0x58, 0x02, 0x00, 0x00, 0x34, 0x02, 0x00, 0x00,
    0xf0, 0x01, 0x00, 0x00, 0xcc, 0x01, 0x00, 0x00, 0xa8, 0x01, 0x00, 0x00,
    0x64, 0x01, 0x00, 0x00, 0x40, 0x01, 0x00, 0x00, 0x1c, 0x01, 0x00, 0x00,
    0xd8, 0x00, 0x00, 0x00, 0xb4, 0x00, 0x00, 0x00, 0x90, 0x00, 0x00, 0x00,
    0x4c, 0x00, 0x00, 0x00, 0x28, 0x00, 0x00, 0x00, 0x04, 0x00, 0x00, 0x00,
    0x8e, 0xf6, 0xff, 0xff, 0x0c, 0x00, 0x00, 0x00, 0x0c, 0x00, 0x00, 0x00,
    0x0c, 0x00, 0x00, 0x00, 0x00, 0x00, 0x00, 0x00, 0x02, 0x00, 0x00, 0x00,
    0x20, 0x00, 0x00, 0x00, 0x51, 0x00, 0x00, 0x00, 0xae, 0xf6, 0xff, 0xff,
    0x0c, 0x00, 0x00, 0x00, 0x10, 0x00, 0x00, 0x00, 0x04, 0x00, 0x00, 0x00,
    0x01, 0x00, 0x00, 0x00, 0x51, 0x00, 0x00, 0x00, 0x01, 0x00, 0x00, 0x00,
    0x50, 0x00, 0x00, 0x00, 0x3a, 0xf5, 0xff, 0xff, 0x14, 0x00, 0x00, 0x00,
    0x00, 0x00, 0x00, 0x20, 0x18, 0x00, 0x00, 0x00, 0x1c, 0x00, 0x00, 0x00,
    0x0b, 0x00, 0x00, 0x00, 0x2c, 0xf5, 0xff, 0xff, 0x0f, 0x00, 0x00, 0x00,
    0x0d, 0x00, 0x00, 0x00, 0x01, 0x00, 0x00, 0x00, 0x50, 0x00, 0x00, 0x00,
    0x04, 0x00, 0x00, 0x00, 0x42, 0x00, 0x00, 0x00, 0x06, 0x00, 0x00, 0x00,
    0x04, 0x00, 0x00, 0x00, 0x05, 0x00, 0x00, 0x00, 0x0e, 0xf7, 0xff, 0xff,
    0x0c, 0x00, 0x00, 0x00, 0x0c, 0x00, 0x00, 0x00, 0x0c, 0x00, 0x00, 0x00,
    0x00, 0x00, 0x00, 0x00, 0x02, 0x00, 0x00, 0x00, 0x1f, 0x00, 0x00, 0x00,
    0x4f, 0x00, 0x00, 0x00, 0x2e, 0xf7, 0xff, 0xff, 0x0c, 0x00, 0x00, 0x00,
    0x10, 0x00, 0x00, 0x00, 0x04, 0x00, 0x00, 0x00, 0x01, 0x00, 0x00, 0x00,
    0x4f, 0x00, 0x00, 0x00, 0x01, 0x00, 0x00, 0x00, 0x4e, 0x00, 0x00, 0x00,
    0xba, 0xf5, 0xff, 0xff, 0x14, 0x00, 0x00, 0x00, 0x00, 0x00, 0x00, 0x20,
    0x18, 0x00, 0x00, 0x00, 0x1c, 0x00, 0x00, 0x00, 0x0b, 0x00, 0x00, 0x00,
    0xac, 0xf5, 0xff, 0xff, 0x0f, 0x00, 0x00, 0x00, 0x0d, 0x00, 0x00, 0x00,
    0x01, 0x00, 0x00, 0x00, 0x4e, 0x00, 0x00, 0x00, 0x04, 0x00, 0x00, 0x00,
    0x3d, 0x00, 0x00, 0x00, 0x06, 0x00, 0x00, 0x00, 0x04, 0x00, 0x00, 0x00,
    0x05, 0x00, 0x00, 0x00, 0x8e, 0xf7, 0xff, 0xff, 0x0c, 0x00, 0x00, 0x00,
    0x0c, 0x00, 0x00, 0x00, 0x0c, 0x00, 0x00, 0x00, 0x00, 0x00, 0x00, 0x00,
    0x02, 0x00, 0x00, 0x00, 0x1e, 0x00, 0x00, 0x00, 0x4d, 0x00, 0x00, 0x00,
    0xae, 0xf7, 0xff, 0xff, 0x0c, 0x00, 0x00, 0x00, 0x10, 0x00, 0x00, 0x00,
    0x04, 0x00, 0x00, 0x00, 0x01, 0x00, 0x00, 0x00, 0x4d, 0x00, 0x00, 0x00,
    0x01, 0x00, 0x00, 0x00, 0x4c, 0x00, 0x00, 0x00, 0x3a, 0xf6, 0xff, 0xff,
    0x14, 0x00, 0x00, 0x00, 0x00, 0x00, 0x00, 0x20, 0x18, 0x00, 0x00, 0x00,
    0x1c, 0x00, 0x00, 0x00, 0x0b, 0x00, 0x00, 0x00, 0x2c, 0xf6, 0xff, 0xff,
    0x0f, 0x00, 0x00, 0x00, 0x0d, 0x00, 0x00, 0x00, 0x01, 0x00, 0x00, 0x00,
    0x4c, 0x00, 0x00, 0x00, 0x04, 0x00, 0x00, 0x00, 0x38, 0x00, 0x00, 0x00,
    0x06, 0x00, 0x00, 0x00, 0x04, 0x00, 0x00, 0x00, 0x05, 0x00, 0x00, 0x00,
    0x0e, 0xf8, 0xff, 0xff, 0x0c, 0x00, 0x00, 0x00, 0x0c, 0x00, 0x00, 0x00,
    0x0c, 0x00, 0x00, 0x00, 0x00, 0x00, 0x00, 0x00, 0x02, 0x00, 0x00, 0x00,
    0x1d, 0x00, 0x00, 0x00, 0x4b, 0x00, 0x00, 0x00, 0x2e, 0xf8, 0xff, 0xff,
    0x0c, 0x00, 0x00, 0x00, 0x10, 0x00, 0x00, 0x00, 0x04, 0x00, 0x00, 0x00,
    0x01, 0x00, 0x00, 0x00, 0x4b, 0x00, 0x00, 0x00, 0x01, 0x00, 0x00, 0x00,
    0x4a, 0x00, 0x00, 0x00, 0xba, 0xf6, 0xff, 0xff, 0x14, 0x00, 0x00, 0x00,
    0x00, 0x00, 0x00, 0x20, 0x18, 0x00, 0x00, 0x00, 0x1c, 0x00, 0x00, 0x00,
    0x0b, 0x00, 0x00, 0x00, 0xac, 0xf6, 0xff, 0xff, 0x0f, 0x00, 0x00, 0x00,
    0x0d, 0x00, 0x00, 0x00, 0x01, 0x00, 0x00, 0x00, 0x4a, 0x00, 0x00, 0x00,
    0x04, 0x00, 0x00, 0x00, 0x33, 0x00, 0x00, 0x00, 0x06, 0x00, 0x00, 0x00,
    0x04, 0x00, 0x00, 0x00, 0x05, 0x00, 0x00, 0x00, 0x8e, 0xf8, 0xff, 0xff,
    0x0c, 0x00, 0x00, 0x00, 0x0c, 0x00, 0x00, 0x00, 0x0c, 0x00, 0x00, 0x00,
    0x00, 0x00, 0x00, 0x00, 0x02, 0x00, 0x00, 0x00, 0x1c, 0x00, 0x00, 0x00,
    0x49, 0x00, 0x00, 0x00, 0xae, 0xf8, 0xff, 0xff, 0x0c, 0x00, 0x00, 0x00,
    0x10, 0x00, 0x00, 0x00, 0x04, 0x00, 0x00, 0x00, 0x01, 0x00, 0x00, 0x00,
    0x49, 0x00, 0x00, 0x00, 0x01, 0x00, 0x00, 0x00, 0x48, 0x00, 0x00, 0x00,
    0x3a, 0xf7, 0xff, 0xff, 0x14, 0x00, 0x00, 0x00, 0x00, 0x00, 0x00, 0x20,
    0x18, 0x00, 0x00, 0x00, 0x1c, 0x00, 0x00, 0x00, 0x0b, 0x00, 0x00, 0x00,
    0x2c, 0xf7, 0xff, 0xff, 0x0f, 0x00, 0x00, 0x00, 0x0d, 0x00, 0x00, 0x00,
    0x01, 0x00, 0x00, 0x00, 0x48, 0x00, 0x00, 0x00, 0x04, 0x00, 0x00, 0x00,
    0x2e, 0x00, 0x00, 0x00, 0x06, 0x00, 0x00, 0x00, 0x04, 0x00, 0x00, 0x00,
    0x05, 0x00, 0x00, 0x00, 0x0e, 0xf9, 0xff, 0xff, 0x0c, 0x00, 0x00, 0x00,
    0x0c, 0x00, 0x00, 0x00, 0x0c, 0x00, 0x00, 0x00, 0x00, 0x00, 0x00, 0x00,
    0x02, 0x00, 0x00, 0x00, 0x1b, 0x00, 0x00, 0x00, 0x47, 0x00, 0x00, 0x00,
    0x2e, 0xf9, 0xff, 0xff, 0x0c, 0x00, 0x00, 0x00, 0x10, 0x00, 0x00, 0x00,
    0x04, 0x00, 0x00, 0x00, 0x01, 0x00, 0x00, 0x00, 0x47, 0x00, 0x00, 0x00,
    0x01, 0x00, 0x00, 0x00, 0x46, 0x00, 0x00, 0x00, 0xba, 0xf7, 0xff, 0xff,
    0x14, 0x00, 0x00, 0x00, 0x00, 0x00, 0x00, 0x20, 0x18, 0x00, 0x00, 0x00,
    0x1c, 0x00, 0x00, 0x00, 0x0b, 0x00, 0x00, 0x00, 0xac, 0xf7, 0xff, 0xff,
    0x0f, 0x00, 0x00, 0x00, 0x0d, 0x00, 0x00, 0x00, 0x01, 0x00, 0x00, 0x00,
    0x46, 0x00, 0x00, 0x00, 0x04, 0x00, 0x00, 0x00, 0x2a, 0x00, 0x00, 0x00,
    0x03, 0x00, 0x00, 0x00, 0x04, 0x00, 0x00, 0x00, 0x05, 0x00, 0x00, 0x00,
    0x8e, 0xf9, 0xff, 0xff, 0x0c, 0x00, 0x00, 0x00, 0x10, 0x00, 0x00, 0x00,
    0x0a, 0x00, 0x00, 0x00, 0x01, 0x00, 0x00, 0x00, 0x45, 0x00, 0x00, 0x00,
    0x01, 0x00, 0x00, 0x00, 0x44, 0x00, 0x00, 0x00, 0x1a, 0xf8, 0xff, 0xff,
    0x14, 0x00, 0x00, 0x00, 0x00, 0x00, 0x00, 0x08, 0x10, 0x00, 0x00, 0x00,
    0x14, 0x00, 0x00, 0x00, 0x09, 0x00, 0x00, 0x00, 0x08, 0xae, 0xff, 0xff,
    0x01, 0x00, 0x00, 0x00, 0x44, 0x00, 0x00, 0x00, 0x03, 0x00, 0x00, 0x00,
    0x43, 0x00, 0x00, 0x00, 0x08, 0x00, 0x00, 0x00, 0x07, 0x00, 0x00, 0x00,
    0xe2, 0xf9, 0xff, 0xff, 0x0c, 0x00, 0x00, 0x00, 0x10, 0x00, 0x00, 0x00,
    0x03, 0x00, 0x00, 0x00, 0x01, 0x00, 0x00, 0x00, 0x43, 0x00, 0x00, 0x00,
    0x02, 0x00, 0x00, 0x00, 0x42, 0x00, 0x00, 0x00, 0x02, 0x00, 0x00, 0x00,
    0x06, 0xfa, 0xff, 0xff, 0x0c, 0x00, 0x00, 0x00, 0x10, 0x00, 0x00, 0x00,
    0x06, 0x00, 0x00, 0x00, 0x01, 0x00, 0x00, 0x00, 0x42, 0x00, 0x00, 0x00,
    0x01, 0x00, 0x00, 0x00, 0x41, 0x00, 0x00, 0x00, 0x92, 0xf8, 0xff, 0xff,
    0x14, 0x00, 0x00, 0x00, 0x00, 0x00, 0x00, 0x0a, 0x14, 0x00, 0x00, 0x00,
    0x18, 0x00, 0x00, 0x00, 0x05, 0x00, 0x00, 0x00, 0x2a, 0xf8, 0xff, 0xff,
    0x01, 0x00, 0x00, 0x00, 0x01, 0x00, 0x00, 0x00, 0x41, 0x00, 0x00, 0x00,
    0x02, 0x00, 0x00, 0x00, 0x25, 0x00, 0x00, 0x00, 0x40, 0x00, 0x00, 0x00,
    0x5a, 0xfa, 0xff, 0xff, 0x0c, 0x00, 0x00, 0x00, 0x10, 0x00, 0x00, 0x00,
    0x04, 0x00, 0x00, 0x00, 0x01, 0x00, 0x00, 0x00, 0x40, 0x00, 0x00, 0x00,
    0x01, 0x00, 0x00, 0x00, 0x3f, 0x00, 0x00, 0x00, 0xe6, 0xf8, 0xff, 0xff,
    0x14, 0x00, 0x00, 0x00, 0x00, 0x00, 0x00, 0x01, 0x20, 0x00, 0x00, 0x00,
    0x24, 0x00, 0x00, 0x00, 0x07, 0x00, 0x00, 0x00, 0x04, 0xfc, 0xff, 0xff,
    0x00, 0x00, 0x00, 0x01, 0x01, 0x00, 0x00, 0x00, 0x01, 0x00, 0x00, 0x00,
    0x00, 0x00, 0x00, 0x01, 0x01, 0x00, 0x00, 0x00, 0x3f, 0x00, 0x00, 0x00,
    0x03, 0x00, 0x00, 0x00, 0x3e, 0x00, 0x00, 0x00, 0x0a, 0x00, 0x00, 0x00,
    0x09, 0x00, 0x00, 0x00, 0x2a, 0xf9, 0xff, 0xff, 0x14, 0x00, 0x00, 0x00,
    0x00, 0x00, 0x00, 0x02, 0x20, 0x00, 0x00, 0x00, 0x24, 0x00, 0x00, 0x00,
    0x08, 0x00, 0x00, 0x00, 0x0c, 0xfd, 0xff, 0xff, 0x01, 0x00, 0x00, 0x00,
    0x01, 0x00, 0x00, 0x00, 0x01, 0x00, 0x00, 0x00, 0x00, 0x00, 0x00, 0x01,
    0x01, 0x00, 0x00, 0x00, 0x3e, 0x00, 0x00, 0x00, 0x03, 0x00, 0x00, 0x00,
    0x3d, 0x00, 0x00, 0x00, 0x0c, 0x00, 0x00, 0x00, 0x0b, 0x00, 0x00, 0x00,
    0x02, 0xfb, 0xff, 0xff, 0x0c, 0x00, 0x00, 0x00, 0x10, 0x00, 0x00, 0x00,
    0x06, 0x00, 0x00, 0x00, 0x01, 0x00, 0x00, 0x00, 0x3d, 0x00, 0x00, 0x00,
    0x01, 0x00, 0x00, 0x00, 0x3c, 0x00, 0x00, 0x00, 0x8e, 0xf9, 0xff, 0xff,
    0x14, 0x00, 0x00, 0x00, 0x00, 0x00, 0x00, 0x0a, 0x14, 0x00, 0x00, 0x00,
    0x18, 0x00, 0x00, 0x00, 0x05, 0x00, 0x00, 0x00, 0x26, 0xf9, 0xff, 0xff,
    0x01, 0x00, 0x00, 0x00, 0x01, 0x00, 0x00, 0x00, 0x3c, 0x00, 0x00, 0x00,
    0x02, 0x00, 0x00, 0x00, 0x24, 0x00, 0x00, 0x00, 0x3b, 0x00, 0x00, 0x00,
    0x56, 0xfb, 0xff, 0xff, 0x0c, 0x00, 0x00, 0x00, 0x10, 0x00, 0x00, 0x00,
    0x04, 0x00, 0x00, 0x00, 0x01, 0x00, 0x00, 0x00, 0x3b, 0x00, 0x00, 0x00,
    0x01, 0x00, 0x00, 0x00, 0x3a, 0x00, 0x00, 0x00, 0xe2, 0xf9, 0xff, 0xff,
    0x14, 0x00, 0x00, 0x00, 0x00, 0x00, 0x00, 0x01, 0x20, 0x00, 0x00, 0x00,
    0x24, 0x00, 0x00, 0x00, 0x07, 0x00, 0x00, 0x00, 0x00, 0xfd, 0xff, 0xff,
    0x00, 0x00, 0x00, 0x01, 0x01, 0x00, 0x00, 0x00, 0x01, 0x00, 0x00, 0x00,
    0x00, 0x00, 0x00, 0x01, 0x01, 0x00, 0x00, 0x00, 0x3a, 0x00, 0x00, 0x00,
    0x03, 0x00, 0x00, 0x00, 0x39, 0x00, 0x00, 0x00, 0x0e, 0x00, 0x00, 0x00,
    0x0d, 0x00, 0x00, 0x00, 0x26, 0xfa, 0xff, 0xff, 0x14, 0x00, 0x00, 0x00,
    0x00, 0x00, 0x00, 0x02, 0x20, 0x00, 0x00, 0x00, 0x24, 0x00, 0x00, 0x00,
    0x08, 0x00, 0x00, 0x00, 0x08, 0xfe, 0xff, 0xff, 0x01, 0x00, 0x00, 0x00,
    0x01, 0x00, 0x00, 0x00, 0x01, 0x00, 0x00, 0x00, 0x00, 0x00, 0x00, 0x01,
    0x01, 0x00, 0x00, 0x00, 0x39, 0x00, 0x00, 0x00, 0x03, 0x00, 0x00, 0x00,
    0x38, 0x00, 0x00, 0x00, 0x10, 0x00, 0x00, 0x00, 0x0f, 0x00, 0x00, 0x00,
    0xfe, 0xfb, 0xff, 0xff, 0x0c, 0x00, 0x00, 0x00, 0x10, 0x00, 0x00, 0x00,
    0x06, 0x00, 0x00, 0x00, 0x01, 0x00, 0x00, 0x00, 0x38, 0x00, 0x00, 0x00,
    0x01, 0x00, 0x00, 0x00, 0x37, 0x00, 0x00, 0x00, 0x8a, 0xfa, 0xff, 0xff,
    0x14, 0x00, 0x00, 0x00, 0x00, 0x00, 0x00, 0x0a, 0x14, 0x00, 0x00, 0x00,
    0x18, 0x00, 0x00, 0x00, 0x05, 0x00, 0x00, 0x00, 0x22, 0xfa, 0xff, 0xff,
    0x01, 0x00, 0x00, 0x00, 0x01, 0x00, 0x00, 0x00, 0x37, 0x00, 0x00, 0x00,
    0x02, 0x00, 0x00, 0x00, 0x23, 0x00, 0x00, 0x00, 0x36, 0x00, 0x00, 0x00,
    0x52, 0xfc, 0xff, 0xff, 0x0c, 0x00, 0x00, 0x00, 0x10, 0x00, 0x00, 0x00,
    0x04, 0x00, 0x00, 0x00, 0x01, 0x00, 0x00, 0x00, 0x36, 0x00, 0x00, 0x00,
    0x01, 0x00, 0x00, 0x00, 0x35, 0x00, 0x00, 0x00, 0xde, 0xfa, 0xff, 0xff,
    0x14, 0x00, 0x00, 0x00, 0x00, 0x00, 0x00, 0x01, 0x20, 0x00, 0x00, 0x00,
    0x24, 0x00, 0x00, 0x00, 0x07, 0x00, 0x00, 0x00, 0xfc, 0xfd, 0xff, 0xff,
    0x00, 0x00, 0x00, 0x01, 0x01, 0x00, 0x00, 0x00, 0x01, 0x00, 0x00, 0x00,
    0x00, 0x00, 0x00, 0x01, 0x01, 0x00, 0x00, 0x00, 0x35, 0x00, 0x00, 0x00,
    0x03, 0x00, 0x00, 0x00, 0x34, 0x00, 0x00, 0x00, 0x12, 0x00, 0x00, 0x00,
    0x11, 0x00, 0x00, 0x00, 0x22, 0xfb, 0xff, 0xff, 0x14, 0x00, 0x00, 0x00,
    0x00, 0x00, 0x00, 0x02, 0x20, 0x00, 0x00, 0x00, 0x24, 0x00, 0x00, 0x00,
    0x08, 0x00, 0x00, 0x00, 0x04, 0xff, 0xff, 0xff, 0x01, 0x00, 0x00, 0x00,
    0x01, 0x00, 0x00, 0x00, 0x01, 0x00, 0x00, 0x00, 0x00, 0x00, 0x00, 0x01,
    0x01, 0x00, 0x00, 0x00, 0x34, 0x00, 0x00, 0x00, 0x03, 0x00, 0x00, 0x00,
    0x33, 0x00, 0x00, 0x00, 0x14, 0x00, 0x00, 0x00, 0x13, 0x00, 0x00, 0x00,
    0xfa, 0xfc, 0xff, 0xff, 0x0c, 0x00, 0x00, 0x00, 0x10, 0x00, 0x00, 0x00,
    0x06, 0x00, 0x00, 0x00, 0x01, 0x00, 0x00, 0x00, 0x33, 0x00, 0x00, 0x00,
    0x01, 0x00, 0x00, 0x00, 0x32, 0x00, 0x00, 0x00, 0x86, 0xfb, 0xff, 0xff,
    0x14, 0x00, 0x00, 0x00, 0x00, 0x00, 0x00, 0x0a, 0x14, 0x00, 0x00, 0x00,
    0x18, 0x00, 0x00, 0x00, 0x05, 0x00, 0x00, 0x00, 0x1e, 0xfb, 0xff, 0xff,
    0x01, 0x00, 0x00, 0x00, 0x01, 0x00, 0x00, 0x00, 0x32, 0x00, 0x00, 0x00,
    0x02, 0x00, 0x00, 0x00, 0x22, 0x00, 0x00, 0x00, 0x31, 0x00, 0x00, 0x00,
    0x4e, 0xfd, 0xff, 0xff, 0x0c, 0x00, 0x00, 0x00, 0x10, 0x00, 0x00, 0x00,
    0x04, 0x00, 0x00, 0x00, 0x01, 0x00, 0x00, 0x00, 0x31, 0x00, 0x00, 0x00,
    0x01, 0x00, 0x00, 0x00, 0x30, 0x00, 0x00, 0x00, 0xda, 0xfb, 0xff, 0xff,
    0x14, 0x00, 0x00, 0x00, 0x00, 0x00, 0x00, 0x01, 0x20, 0x00, 0x00, 0x00,
    0x24, 0x00, 0x00, 0x00, 0x07, 0x00, 0x00, 0x00, 0xf8, 0xfe, 0xff, 0xff,
    0x00, 0x00, 0x00, 0x01, 0x01, 0x00, 0x00, 0x00, 0x01, 0x00, 0x00, 0x00,
    0x00, 0x00, 0x00, 0x01, 0x01, 0x00, 0x00, 0x00, 0x30, 0x00, 0x00, 0x00,
    0x03, 0x00, 0x00, 0x00, 0x2f, 0x00, 0x00, 0x00, 0x16, 0x00, 0x00, 0x00,
    0x15, 0x00, 0x00, 0x00, 0x1e, 0xfc, 0xff, 0xff, 0x20, 0x00, 0x00, 0x00,
    0x00, 0x00, 0x00, 0x02, 0x2c, 0x00, 0x00, 0x00, 0x30, 0x00, 0x00, 0x00,
    0x08, 0x00, 0x00, 0x00, 0x0c, 0x00, 0x14, 0x00, 0x13, 0x00, 0x0c, 0x00,
    0x08, 0x00, 0x04, 0x00, 0x0c, 0x00, 0x00, 0x00, 0x01, 0x00, 0x00, 0x00,
    0x01, 0x00, 0x00, 0x00, 0x01, 0x00, 0x00, 0x00, 0x00, 0x00, 0x00, 0x01,
    0x01, 0x00, 0x00, 0x00, 0x2f, 0x00, 0x00, 0x00, 0x03, 0x00, 0x00, 0x00,
    0x2e, 0x00, 0x00, 0x00, 0x18, 0x00, 0x00, 0x00, 0x17, 0x00, 0x00, 0x00,
    0x02, 0xfe, 0xff, 0xff, 0x0c, 0x00, 0x00, 0x00, 0x10, 0x00, 0x00, 0x00,
    0x06, 0x00, 0x00, 0x00, 0x01, 0x00, 0x00, 0x00, 0x2e, 0x00, 0x00, 0x00,
    0x01, 0x00, 0x00, 0x00, 0x2d, 0x00, 0x00, 0x00, 0x8e, 0xfc, 0xff, 0xff,
    0x14, 0x00, 0x00, 0x00, 0x00, 0x00, 0x00, 0x0a, 0x14, 0x00, 0x00, 0x00,
    0x18, 0x00, 0x00, 0x00, 0x05, 0x00, 0x00, 0x00, 0x26, 0xfc, 0xff, 0xff,
    0x01, 0x00, 0x00, 0x00, 0x01, 0x00, 0x00, 0x00, 0x2d, 0x00, 0x00, 0x00,
    0x02, 0x00, 0x00, 0x00, 0x21, 0x00, 0x00, 0x00, 0x2c, 0x00, 0x00, 0x00,
    0x56, 0xfe, 0xff, 0xff, 0x0c, 0x00, 0x00, 0x00, 0x10, 0x00, 0x00, 0x00,
    0x04, 0x00, 0x00, 0x00, 0x01, 0x00, 0x00, 0x00, 0x2c, 0x00, 0x00, 0x00,
    0x01, 0x00, 0x00, 0x00, 0x2b, 0x00, 0x00, 0x00, 0xe2, 0xfc, 0xff, 0xff,
    0x20, 0x00, 0x00, 0x00, 0x00, 0x00, 0x00, 0x01, 0x2c, 0x00, 0x00, 0x00,
    0x30, 0x00, 0x00, 0x00, 0x07, 0x00, 0x00, 0x00, 0x0c, 0x00, 0x14, 0x00,
    0x13, 0x00, 0x0c, 0x00, 0x08, 0x00, 0x07, 0x00, 0x0c, 0x00, 0x00, 0x00,
    0x00, 0x00, 0x00, 0x01, 0x03, 0x00, 0x00, 0x00, 0x01, 0x00, 0x00, 0x00,
    0x00, 0x00, 0x00, 0x01, 0x01, 0x00, 0x00, 0x00, 0x2b, 0x00, 0x00, 0x00,
    0x03, 0x00, 0x00, 0x00, 0x2a, 0x00, 0x00, 0x00, 0x1a, 0x00, 0x00, 0x00,
    0x19, 0x00, 0x00, 0x00, 0xc6, 0xfe, 0xff, 0xff, 0x0c, 0x00, 0x00, 0x00,
    0x10, 0x00, 0x00, 0x00, 0x06, 0x00, 0x00, 0x00, 0x01, 0x00, 0x00, 0x00,
    0x2a, 0x00, 0x00, 0x00, 0x01, 0x00, 0x00, 0x00, 0x29, 0x00, 0x00, 0x00,
    0x52, 0xfd, 0xff, 0xff, 0x14, 0x00, 0x00, 0x00, 0x00, 0x00, 0x00, 0x0a,
    0x14, 0x00, 0x00, 0x00, 0x18, 0x00, 0x00, 0x00, 0x05, 0x00, 0x00, 0x00,
    0xea, 0xfc, 0xff, 0xff, 0x01, 0x00, 0x00, 0x00, 0x01, 0x00, 0x00, 0x00,
    0x29, 0x00, 0x00, 0x00, 0x02, 0x00, 0x00, 0x00, 0x26, 0x00, 0x00, 0x00,
    0x28, 0x00, 0x00, 0x00, 0x1a, 0xff, 0xff, 0xff, 0x0c, 0x00, 0x00, 0x00,
    0x10, 0x00, 0x00, 0x00, 0x04, 0x00, 0x00, 0x00, 0x01, 0x00, 0x00, 0x00,
    0x28, 0x00, 0x00, 0x00, 0x01, 0x00, 0x00, 0x00, 0x27, 0x00, 0x00, 0x00,
    0x3a, 0xff, 0xff, 0xff, 0x0c, 0x00, 0x00, 0x00, 0x10, 0x00, 0x00, 0x00,
    0x03, 0x00, 0x00, 0x00, 0x01, 0x00, 0x00, 0x00, 0x27, 0x00, 0x00, 0x00,
    0x02, 0x00, 0x00, 0x00, 0x00, 0x00, 0x00, 0x00, 0x01, 0x00, 0x00, 0x00,
    0x5e, 0xff, 0xff, 0xff, 0x0c, 0x00, 0x00, 0x00, 0x10, 0x00, 0x00, 0x00,
    0x02, 0x00, 0x00, 0x00, 0x01, 0x00, 0x00, 0x00, 0x26, 0x00, 0x00, 0x00,
    0x01, 0x00, 0x00, 0x00, 0x1b, 0x00, 0x00, 0x00, 0x7e, 0xff, 0xff, 0xff,
    0x0c, 0x00, 0x00, 0x00, 0x10, 0x00, 0x00, 0x00, 0x02, 0x00, 0x00, 0x00,
    0x01, 0x00, 0x00, 0x00, 0x25, 0x00, 0x00, 0x00, 0x01, 0x00, 0x00, 0x00,
    0x20, 0x00, 0x00, 0x00, 0x9e, 0xff, 0xff, 0xff, 0x0c, 0x00, 0x00, 0x00,
    0x10, 0x00, 0x00, 0x00, 0x02, 0x00, 0x00, 0x00, 0x01, 0x00, 0x00, 0x00,
    0x24, 0x00, 0x00, 0x00, 0x01, 0x00, 0x00, 0x00, 0x1f, 0x00, 0x00, 0x00,
    0xbe, 0xff, 0xff, 0xff, 0x0c, 0x00, 0x00, 0x00, 0x10, 0x00, 0x00, 0x00,
    0x02, 0x00, 0x00, 0x00, 0x01, 0x00, 0x00, 0x00, 0x23, 0x00, 0x00, 0x00,
    0x01, 0x00, 0x00, 0x00, 0x1e, 0x00, 0x00, 0x00, 0xde, 0xff, 0xff, 0xff,
    0x0c, 0x00, 0x00, 0x00, 0x10, 0x00, 0x00, 0x00, 0x02, 0x00, 0x00, 0x00,
    0x01, 0x00, 0x00, 0x00, 0x22, 0x00, 0x00, 0x00, 0x01, 0x00, 0x00, 0x00,
    0x1d, 0x00, 0x00, 0x00, 0x00, 0x00, 0x0a, 0x00, 0x10, 0x00, 0x0c, 0x00,
    0x08, 0x00, 0x04, 0x00, 0x0a, 0x00, 0x00, 0x00, 0x0c, 0x00, 0x00, 0x00,
    0x10, 0x00, 0x00, 0x00, 0x02, 0x00, 0x00, 0x00, 0x01, 0x00, 0x00, 0x00,
    0x21, 0x00, 0x00, 0x00, 0x01, 0x00, 0x00, 0x00, 0x1c, 0x00, 0x00, 0x00,
    0x96, 0xfe, 0xff, 0xff, 0x14, 0x00, 0x00, 0x00, 0x00, 0x00, 0x00, 0x6f,
    0x30, 0x00, 0x00, 0x00, 0x34, 0x00, 0x00, 0x00, 0x01, 0x00, 0x00, 0x00,
    0x88, 0xfe, 0xff, 0xff, 0x08, 0x00, 0x00, 0x00, 0x14, 0x00, 0x00, 0x00,
    0x08, 0x00, 0x00, 0x00, 0x73, 0x74, 0x72, 0x65, 0x61, 0x6d, 0x5f, 0x35,
    0x00, 0x00, 0x00, 0x00, 0x00, 0x00, 0x00, 0x00, 0x00, 0x00, 0x00, 0x00,
    0x01, 0x00, 0x00, 0x00, 0x20, 0x00, 0x00, 0x00, 0x00, 0x00, 0x00, 0x00,
    0xde, 0xfe, 0xff, 0xff, 0x14, 0x00, 0x00, 0x00, 0x00, 0x00, 0x00, 0x6f,
    0x30, 0x00, 0x00, 0x00, 0x34, 0x00, 0x00, 0x00, 0x01, 0x00, 0x00, 0x00,
    0xd0, 0xfe, 0xff, 0xff, 0x08, 0x00, 0x00, 0x00, 0x14, 0x00, 0x00, 0x00,
    0x08, 0x00, 0x00, 0x00, 0x73, 0x74, 0x72, 0x65, 0x61, 0x6d, 0x5f, 0x34,
    0x00, 0x00, 0x00, 0x00, 0x00, 0x00, 0x00, 0x00, 0x00, 0x00, 0x00, 0x00,
    0x01, 0x00, 0x00, 0x00, 0x1f, 0x00, 0x00, 0x00, 0x00, 0x00, 0x00, 0x00,
    0x26, 0xff, 0xff, 0xff, 0x14, 0x00, 0x00, 0x00, 0x00, 0x00, 0x00, 0x6f,
    0x30, 0x00, 0x00, 0x00, 0x34, 0x00, 0x00, 0x00, 0x01, 0x00, 0x00, 0x00,
    0x18, 0xff, 0xff, 0xff, 0x08, 0x00, 0x00, 0x00, 0x14, 0x00, 0x00, 0x00,
    0x08, 0x00, 0x00, 0x00, 0x73, 0x74, 0x72, 0x65, 0x61, 0x6d, 0x5f, 0x33,
    0x00, 0x00, 0x00, 0x00, 0x00, 0x00, 0x00, 0x00, 0x00, 0x00, 0x00, 0x00,
    0x01, 0x00, 0x00, 0x00, 0x1e, 0x00, 0x00, 0x00, 0x00, 0x00, 0x00, 0x00,
    0x6e, 0xff, 0xff, 0xff, 0x14, 0x00, 0x00, 0x00, 0x00, 0x00, 0x00, 0x6f,
    0x30, 0x00, 0x00, 0x00, 0x34, 0x00, 0x00, 0x00, 0x01, 0x00, 0x00, 0x00,
    0x60, 0xff, 0xff, 0xff, 0x08, 0x00, 0x00, 0x00, 0x14, 0x00, 0x00, 0x00,
    0x08, 0x00, 0x00, 0x00, 0x73, 0x74, 0x72, 0x65, 0x61, 0x6d, 0x5f, 0x32,
    0x00, 0x00, 0x00, 0x00, 0x00, 0x00, 0x00, 0x00, 0x00, 0x00, 0x00, 0x00,
    0x01, 0x00, 0x00, 0x00, 0x1d, 0x00, 0x00, 0x00, 0x00, 0x00, 0x00, 0x00,
    0xb6, 0xff, 0xff, 0xff, 0x14, 0x00, 0x00, 0x00, 0x00, 0x00, 0x00, 0x6f,
    0x30, 0x00, 0x00, 0x00, 0x34, 0x00, 0x00, 0x00, 0x01, 0x00, 0x00, 0x00,
    0xa8, 0xff, 0xff, 0xff, 0x08, 0x00, 0x00, 0x00, 0x14, 0x00, 0x00, 0x00,
    0x08, 0x00, 0x00, 0x00, 0x73, 0x74, 0x72, 0x65, 0x61, 0x6d, 0x5f, 0x31,
    0x00, 0x00, 0x00, 0x00, 0x00, 0x00, 0x00, 0x00, 0x00, 0x00, 0x00, 0x00,
    0x01, 0x00, 0x00, 0x00, 0x1c, 0x00, 0x00, 0x00, 0x00, 0x00, 0x00, 0x00,
    0x00, 0x00, 0x0e, 0x00, 0x18, 0x00, 0x14, 0x00, 0x10, 0x00, 0x0c, 0x00,
    0x0b, 0x00, 0x04, 0x00, 0x0e, 0x00, 0x00, 0x00, 0x1c, 0x00, 0x00, 0x00,
    0x00, 0x00, 0x00, 0x6f, 0x34, 0x00, 0x00, 0x00, 0x38, 0x00, 0x00, 0x00,
    0x01, 0x00, 0x00, 0x00, 0x08, 0x00, 0x0c, 0x00, 0x08, 0x00, 0x04, 0x00,
    0x08, 0x00, 0x00, 0x00, 0x08, 0x00, 0x00, 0x00, 0x10, 0x00, 0x00, 0x00,
    0x06, 0x00, 0x00, 0x00, 0x73, 0x74, 0x72, 0x65, 0x61, 0x6d, 0x00, 0x00,
    0x00, 0x00, 0x00, 0x00, 0x00, 0x00, 0x00, 0x00, 0x01, 0x00, 0x00, 0x00,
    0x1b, 0x00, 0x00, 0x00, 0x00, 0x00, 0x00, 0x00, 0x00, 0x00, 0x0e, 0x00,
    0x16, 0x00, 0x00, 0x00, 0x10, 0x00, 0x0c, 0x00, 0x0b, 0x00, 0x04, 0x00,
    0x0e, 0x00, 0x00, 0x00, 0x18, 0x00, 0x00, 0x00, 0x00, 0x00, 0x00, 0x67,
    0x18, 0x00, 0x00, 0x00, 0x18, 0x00, 0x00, 0x00, 0x00, 0x00, 0x06, 0x00,
    0x08, 0x00, 0x04, 0x00, 0x06, 0x00, 0x00, 0x00, 0x01, 0x00, 0x00, 0x00,
    0x00, 0x00, 0x00, 0x00, 0x00, 0x00, 0x00, 0x00, 0x01, 0x00, 0x00, 0x00,
    0x45, 0x00, 0x00, 0x00, 0x01, 0x00, 0x00, 0x00, 0x00, 0x00, 0x00, 0x00,
    0x52, 0x00, 0x00, 0x00, 0xbc, 0x49, 0x00, 0x00, 0x60, 0x49, 0x00, 0x00,
    0x20, 0x49, 0x00, 0x00, 0xe0, 0x48, 0x00, 0x00, 0xa0, 0x48, 0x00, 0x00,
    0x60, 0x48, 0x00, 0x00, 0x20, 0x48, 0x00, 0x00, 0xbc, 0x47, 0x00, 0x00,
    0x58, 0x47, 0x00, 0x00, 0x34, 0x44, 0x00, 0x00, 0x00, 0x41, 0x00, 0x00,
    0xdc, 0x3d, 0x00, 0x00, 0x90, 0x3a, 0x00, 0x00, 0x54, 0x37, 0x00, 0x00,
    0x20, 0x34, 0x00, 0x00, 0xfc, 0x30, 0x00, 0x00, 0xc4, 0x2d, 0x00, 0x00,
    0x9c, 0x2a, 0x00, 0x00, 0x68, 0x27, 0x00, 0x00, 0x44, 0x24, 0x00, 0x00,
    0x0c, 0x21, 0x00, 0x00, 0xe4, 0x1d, 0x00, 0x00, 0xb0, 0x1a, 0x00, 0x00,
    0xf4, 0x18, 0x00, 0x00, 0x24, 0x17, 0x00, 0x00, 0x64, 0x15, 0x00, 0x00,
    0x98, 0x13, 0x00, 0x00, 0x64, 0x13, 0x00, 0x00, 0x2c, 0x13, 0x00, 0x00,
    0xf4, 0x12, 0x00, 0x00, 0xbc, 0x12, 0x00, 0x00, 0x84, 0x12, 0x00, 0x00,
    0x4c, 0x12, 0x00, 0x00, 0xfc, 0x11, 0x00, 0x00, 0x94, 0x11, 0x00, 0x00,
    0x44, 0x11, 0x00, 0x00, 0xf4, 0x10, 0x00, 0x00, 0xa4, 0x10, 0x00, 0x00,
    0x54, 0x10, 0x00, 0x00, 0xec, 0x0f, 0x00, 0x00, 0xa8, 0x0f, 0x00, 0x00,
    0x68, 0x0f, 0x00, 0x00, 0x00, 0x0f, 0x00, 0x00, 0x7c, 0x0e, 0x00, 0x00,
    0x1c, 0x0e, 0x00, 0x00, 0xd8, 0x0d, 0x00, 0x00, 0x70, 0x0d, 0x00, 0x00,
    0xfc, 0x0c, 0x00, 0x00, 0x80, 0x0c, 0x00, 0x00, 0x24, 0x0c, 0x00, 0x00,
    0xe0, 0x0b, 0x00, 0x00, 0x74, 0x0b, 0x00, 0x00, 0x00, 0x0b, 0x00, 0x00,
    0x84, 0x0a, 0x00, 0x00, 0x28, 0x0a, 0x00, 0x00, 0xe4, 0x09, 0x00, 0x00,
    0x78, 0x09, 0x00, 0x00, 0x04, 0x09, 0x00, 0x00, 0x88, 0x08, 0x00, 0x00,
    0x2c, 0x08, 0x00, 0x00, 0xe8, 0x07, 0x00, 0x00, 0x7c, 0x07, 0x00, 0x00,
    0x08, 0x07, 0x00, 0x00, 0x8c, 0x06, 0x00, 0x00, 0x30, 0x06, 0x00, 0x00,
    0xec, 0x05, 0x00, 0x00, 0x80, 0x05, 0x00, 0x00, 0x24, 0x05, 0x00, 0x00,
    0xb8, 0x04, 0x00, 0x00, 0x4c, 0x04, 0x00, 0x00, 0xe0, 0x03, 0x00, 0x00,
    0x98, 0x03, 0x00, 0x00, 0x30, 0x03, 0x00, 0x00, 0xe4, 0x02, 0x00, 0x00,
    0x78, 0x02, 0x00, 0x00, 0x2c, 0x02, 0x00, 0x00, 0xc0, 0x01, 0x00, 0x00,
    0x74, 0x01, 0x00, 0x00, 0x08, 0x01, 0x00, 0x00, 0xbc, 0x00, 0x00, 0x00,
    0x50, 0x00, 0x00, 0x00, 0x04, 0x00, 0x00, 0x00, 0xde, 0xee, 0xff, 0xff,
    0x00, 0x00, 0x00, 0x01, 0x10, 0x00, 0x00, 0x00, 0x10, 0x00, 0x00, 0x00,
    0x52, 0x00, 0x00, 0x00, 0x20, 0x00, 0x00, 0x00, 0xe0, 0xb7, 0xff, 0xff,
    0x10, 0x00, 0x00, 0x00, 0x73, 0x74, 0x72, 0x69, 0x64, 0x65, 0x64, 0x5f,
    0x73, 0x6c, 0x69, 0x63, 0x65, 0x5f, 0x35, 0x31, 0x00, 0x00, 0x00, 0x00,
    0x04, 0x00, 0x00, 0x00, 0x01, 0x00, 0x00, 0x00, 0x04, 0x00, 0x00, 0x00,
    0x01, 0x00, 0x00, 0x00, 0x3c, 0x00, 0x00, 0x00, 0xea, 0xb7, 0xff, 0xff,
    0x00, 0x00, 0x00, 0x01, 0x14, 0x00, 0x00, 0x00, 0x34, 0x00, 0x00, 0x00,
    0x51, 0x00, 0x00, 0x00, 0x00, 0x00, 0x00, 0x09, 0x3c, 0x00, 0x00, 0x00,
    0xd4, 0xb7, 0xff, 0xff, 0x08, 0x00, 0x00, 0x00, 0x14, 0x00, 0x00, 0x00,
    0x01, 0x00, 0x00, 0x00, 0x80, 0xff, 0xff, 0xff, 0xff, 0xff, 0xff, 0xff,
    0x00, 0x00, 0x00, 0x00, 0x01, 0x00, 0x00, 0x00, 0xa1, 0x04, 0x82, 0x3c,
    0x0f, 0x00, 0x00, 0x00, 0x73, 0x74, 0x72, 0x69, 0x64, 0x65, 0x64, 0x5f,
    0x73, 0x6c, 0x69, 0x63, 0x65, 0x5f, 0x35, 0x00, 0x04, 0x00, 0x00, 0x00,
    0x01, 0x00, 0x00, 0x00, 0x04, 0x00, 0x00, 0x00, 0x01, 0x00, 0x00, 0x00,
    0x3c, 0x00, 0x00, 0x00, 0x8e, 0xef, 0xff, 0xff, 0x00, 0x00, 0x00, 0x01,
    0x10, 0x00, 0x00, 0x00, 0x10, 0x00, 0x00, 0x00, 0x50, 0x00, 0x00, 0x00,
    0x20, 0x00, 0x00, 0x00, 0x90, 0xb8, 0xff, 0xff, 0x10, 0x00, 0x00, 0x00,
    0x73, 0x74, 0x72, 0x69, 0x64, 0x65, 0x64, 0x5f, 0x73, 0x6c, 0x69, 0x63,
    0x65, 0x5f, 0x34, 0x31, 0x00, 0x00, 0x00, 0x00, 0x04, 0x00, 0x00, 0x00,
    0x01, 0x00, 0x00, 0x00, 0x14, 0x00, 0x00, 0x00, 0x01, 0x00, 0x00, 0x00,
    0x3c, 0x00, 0x00, 0x00, 0x9a, 0xb8, 0xff, 0xff, 0x00, 0x00, 0x00, 0x01,
    0x14, 0x00, 0x00, 0x00, 0x34, 0x00, 0x00, 0x00, 0x4f, 0x00, 0x00, 0x00,
    0x00, 0x00, 0x00, 0x09, 0x3c, 0x00, 0x00, 0x00, 0x84, 0xb8, 0xff, 0xff,
    0x08, 0x00, 0x00, 0x00, 0x14, 0x00, 0x00, 0x00, 0x01, 0x00, 0x00, 0x00,
    0x80, 0xff, 0xff, 0xff, 0xff, 0xff, 0xff, 0xff, 0x00, 0x00, 0x00, 0x00,
    0x01, 0x00, 0x00, 0x00, 0xc9, 0x9e, 0x82, 0x3c, 0x0f, 0x00, 0x00, 0x00,
    0x73, 0x74, 0x72, 0x69, 0x64, 0x65, 0x64, 0x5f, 0x73, 0x6c, 0x69, 0x63,
    0x65, 0x5f, 0x34, 0x00, 0x04, 0x00, 0x00, 0x00, 0x01, 0x00, 0x00, 0x00,
    0x14, 0x00, 0x00, 0x00, 0x01, 0x00, 0x00, 0x00, 0x3c, 0x00, 0x00, 0x00,
    0x3e, 0xf0, 0xff, 0xff, 0x00, 0x00, 0x00, 0x01, 0x10, 0x00, 0x00, 0x00,
    0x10, 0x00, 0x00, 0x00, 0x4e, 0x00, 0x00, 0x00, 0x20, 0x00, 0x00, 0x00,
    0x40, 0xb9, 0xff, 0xff, 0x10, 0x00, 0x00, 0x00, 0x73, 0x74, 0x72, 0x69,
    0x64, 0x65, 0x64, 0x5f, 0x73, 0x6c, 0x69, 0x63, 0x65, 0x5f, 0x33, 0x31,
    0x00, 0x00, 0x00, 0x00, 0x04, 0x00, 0x00, 0x00, 0x01, 0x00, 0x00, 0x00,
    0x0c, 0x00, 0x00, 0x00, 0x01, 0x00, 0x00, 0x00, 0x3c, 0x00, 0x00, 0x00,
    0x4a, 0xb9, 0xff, 0xff, 0x00, 0x00, 0x00, 0x01, 0x14, 0x00, 0x00, 0x00,
    0x34, 0x00, 0x00, 0x00, 0x4d, 0x00, 0x00, 0x00, 0x00, 0x00, 0x00, 0x09,
    0x3c, 0x00, 0x00, 0x00, 0x34, 0xb9, 0xff, 0xff, 0x08, 0x00, 0x00, 0x00,
    0x14, 0x00, 0x00, 0x00, 0x01, 0x00, 0x00, 0x00, 0x80, 0xff, 0xff, 0xff,
    0xff, 0xff, 0xff, 0xff, 0x00, 0x00, 0x00, 0x00, 0x01, 0x00, 0x00, 0x00,
    0x66, 0xd6, 0x6c, 0x3c, 0x0f, 0x00, 0x00, 0x00, 0x73, 0x74, 0x72, 0x69,
    0x64, 0x65, 0x64, 0x5f, 0x73, 0x6c, 0x69, 0x63, 0x65, 0x5f, 0x33, 0x00,
    0x04, 0x00, 0x00, 0x00, 0x01, 0x00, 0x00, 0x00, 0x0c, 0x00, 0x00, 0x00,
    0x01, 0x00, 0x00, 0x00, 0x3c, 0x00, 0x00, 0x00, 0xee, 0xf0, 0xff, 0xff,
    0x00, 0x00, 0x00, 0x01, 0x10, 0x00, 0x00, 0x00, 0x10, 0x00, 0x00, 0x00,
    0x4c, 0x00, 0x00, 0x00, 0x20, 0x00, 0x00, 0x00, 0xf0, 0xb9, 0xff, 0xff,
    0x10, 0x00, 0x00, 0x00, 0x73, 0x74, 0x72, 0x69, 0x64, 0x65, 0x64, 0x5f,
    0x73, 0x6c, 0x69, 0x63, 0x65, 0x5f, 0x32, 0x31, 0x00, 0x00, 0x00, 0x00,
    0x04, 0x00, 0x00, 0x00, 0x01, 0x00, 0x00, 0x00, 0x08, 0x00, 0x00, 0x00,
    0x01, 0x00, 0x00, 0x00, 0x3c, 0x00, 0x00, 0x00, 0xfa, 0xb9, 0xff, 0xff,
    0x00, 0x00, 0x00, 0x01, 0x14, 0x00, 0x00, 0x00, 0x34, 0x00, 0x00, 0x00,
    0x4b, 0x00, 0x00, 0x00, 0x00, 0x00, 0x00, 0x09, 0x3c, 0x00, 0x00, 0x00,
    0xe4, 0xb9, 0xff, 0xff, 0x08, 0x00, 0x00, 0x00, 0x14, 0x00, 0x00, 0x00,
    0x01, 0x00, 0x00, 0x00, 0x80, 0xff, 0xff, 0xff, 0xff, 0xff, 0xff, 0xff,
    0x00, 0x00, 0x00, 0x00, 0x01, 0x00, 0x00, 0x00, 0x89, 0xd8, 0xc3, 0x3c,
    0x0f, 0x00, 0x00, 0x00, 0x73, 0x74, 0x72, 0x69, 0x64, 0x65, 0x64, 0x5f,
    0x73, 0x6c, 0x69, 0x63, 0x65, 0x5f, 0x32, 0x00, 0x04, 0x00, 0x00, 0x00,
    0x01, 0x00, 0x00, 0x00, 0x08, 0x00, 0x00, 0x00, 0x01, 0x00, 0x00, 0x00,
    0x3c, 0x00, 0x00, 0x00, 0x9e, 0xf1, 0xff, 0xff, 0x00, 0x00, 0x00, 0x01,
    0x10, 0x00, 0x00, 0x00, 0x10, 0x00, 0x00, 0x00, 0x4a, 0x00, 0x00, 0x00,
    0x20, 0x00, 0x00, 0x00, 0xa0, 0xba, 0xff, 0xff, 0x10, 0x00, 0x00, 0x00,
    0x73, 0x74, 0x72, 0x69, 0x64, 0x65, 0x64, 0x5f, 0x73, 0x6c, 0x69, 0x63,
    0x65, 0x5f, 0x31, 0x31, 0x00, 0x00, 0x00, 0x00, 0x04, 0x00, 0x00, 0x00,
    0x01, 0x00, 0x00, 0x00, 0x04, 0x00, 0x00, 0x00, 0x01, 0x00, 0x00, 0x00,
    0x1e, 0x00, 0x00, 0x00, 0xaa, 0xba, 0xff, 0xff, 0x00, 0x00, 0x00, 0x01,
    0x14, 0x00, 0x00, 0x00, 0x30, 0x00, 0x00, 0x00, 0x49, 0x00, 0x00, 0x00,
    0x00, 0x00, 0x00, 0x09, 0x38, 0x00, 0x00, 0x00, 0x94, 0xba, 0xff, 0xff,
    0x08, 0x00, 0x00, 0x00, 0x10, 0x00, 0x00, 0x00, 0x01, 0x00, 0x00, 0x00,
    0x80, 0xff, 0xff, 0xff, 0xff, 0xff, 0xff, 0xff, 0x01, 0x00, 0x00, 0x00,
    0xde, 0x1d, 0x7c, 0x3c, 0x0f, 0x00, 0x00, 0x00, 0x73, 0x74, 0x72, 0x69,
    0x64, 0x65, 0x64, 0x5f, 0x73, 0x6c, 0x69, 0x63, 0x65, 0x5f, 0x31, 0x00,
    0x04, 0x00, 0x00, 0x00, 0x01, 0x00, 0x00, 0x00, 0x04, 0x00, 0x00, 0x00,
    0x01, 0x00, 0x00, 0x00, 0x1e, 0x00, 0x00, 0x00, 0x4a, 0xf2, 0xff, 0xff,
    0x00, 0x00, 0x00, 0x01, 0x10, 0x00, 0x00, 0x00, 0x10, 0x00, 0x00, 0x00,
    0x48, 0x00, 0x00, 0x00, 0x1c, 0x00, 0x00, 0x00, 0x4c, 0xbb, 0xff, 0xff,
    0x0e, 0x00, 0x00, 0x00, 0x73, 0x74, 0x72, 0x69, 0x64, 0x65, 0x64, 0x5f,
    0x73, 0x6c, 0x69, 0x63, 0x65, 0x31, 0x00, 0x00, 0x04, 0x00, 0x00, 0x00,
    0x01, 0x00, 0x00, 0x00, 0x02, 0x00, 0x00, 0x00, 0x01, 0x00, 0x00, 0x00,
    0x28, 0x00, 0x00, 0x00, 0x52, 0xbb, 0xff, 0xff, 0x00, 0x00, 0x00, 0x01,
    0x14, 0x00, 0x00, 0x00, 0x34, 0x00, 0x00, 0x00, 0x47, 0x00, 0x00, 0x00,
    0x00, 0x00, 0x00, 0x09, 0x3c, 0x00, 0x00, 0x00, 0x3c, 0xbb, 0xff, 0xff,
    0x08, 0x00, 0x00, 0x00, 0x14, 0x00, 0x00, 0x00, 0x01, 0x00, 0x00, 0x00,
    0x80, 0xff, 0xff, 0xff, 0xff, 0xff, 0xff, 0xff, 0x00, 0x00, 0x00, 0x00,
    0x01, 0x00, 0x00, 0x00, 0x14, 0x4d, 0x26, 0x40, 0x0d, 0x00, 0x00, 0x00,
    0x73, 0x74, 0x72, 0x69, 0x64, 0x65, 0x64, 0x5f, 0x73, 0x6c, 0x69, 0x63,
    0x65, 0x00, 0x00, 0x00, 0x04, 0x00, 0x00, 0x00, 0x01, 0x00, 0x00, 0x00,
    0x02, 0x00, 0x00, 0x00, 0x01, 0x00, 0x00, 0x00, 0x28, 0x00, 0x00, 0x00,
    0xba, 0xbb, 0xff, 0xff, 0x00, 0x00, 0x00, 0x01, 0x14, 0x00, 0x00, 0x00,
    0x30, 0x00, 0x00, 0x00, 0x46, 0x00, 0x00, 0x00, 0x00, 0x00, 0x00, 0x09,
    0x44, 0x00, 0x00, 0x00, 0xa4, 0xbb, 0xff, 0xff, 0x08, 0x00, 0x00, 0x00,
    0x10, 0x00, 0x00, 0x00, 0x01, 0x00, 0x00, 0x00, 0x80, 0xff, 0xff, 0xff,
    0xff, 0xff, 0xff, 0xff, 0x01, 0x00, 0x00, 0x00, 0x00, 0x00, 0x80, 0x3b,
    0x19, 0x00, 0x00, 0x00, 0x53, 0x74, 0x61, 0x74, 0x65, 0x66, 0x75, 0x6c,
    0x50, 0x61, 0x72, 0x74, 0x69, 0x74, 0x69, 0x6f, 0x6e, 0x65, 0x64, 0x43,
    0x61, 0x6c, 0x6c, 0x3a, 0x30, 0x00, 0x00, 0x00, 0x02, 0x00, 0x00, 0x00,
    0x01, 0x00, 0x00, 0x00, 0x01, 0x00, 0x00, 0x00, 0x22, 0xbc, 0xff, 0xff,
    0x00, 0x00, 0x00, 0x01, 0x14, 0x00, 0x00, 0x00, 0x30, 0x00, 0x00, 0x00,
    0x45, 0x00, 0x00, 0x00, 0x00, 0x00, 0x00, 0x09, 0x44, 0x00, 0x00, 0x00,
    0x0c, 0xbc, 0xff, 0xff, 0x08, 0x00, 0x00, 0x00, 0x10, 0x00, 0x00, 0x00,
    0x01, 0x00, 0x00, 0x00, 0x58, 0x00, 0x00, 0x00, 0x00, 0x00, 0x00, 0x00,
    0x01, 0x00, 0x00, 0x00, 0x54, 0xf0, 0x13, 0x3e, 0x1a, 0x00, 0x00, 0x00,
    0x64, 0x65, 0x6e, 0x73, 0x65, 0x2f, 0x4d, 0x61, 0x74, 0x4d, 0x75, 0x6c,
    0x3b, 0x64, 0x65, 0x6e, 0x73, 0x65, 0x2f, 0x42, 0x69, 0x61, 0x73, 0x41,
    0x64, 0x64, 0x00, 0x00, 0x02, 0x00, 0x00, 0x00, 0x01, 0x00, 0x00, 0x00,
    0x01, 0x00, 0x00, 0x00, 0x8a, 0xbc, 0xff, 0xff, 0x00, 0x00, 0x00, 0x01,
    0x14, 0x00, 0x00, 0x00, 0x34, 0x00, 0x00, 0x00, 0x44, 0x00, 0x00, 0x00,
    0x00, 0x00, 0x00, 0x09, 0x34, 0x00, 0x00, 0x00, 0x74, 0xbc, 0xff, 0xff,
    0x08, 0x00, 0x00, 0x00, 0x14, 0x00, 0x00, 0x00, 0x01, 0x00, 0x00, 0x00,
    0x80, 0xff, 0xff, 0xff, 0xff, 0xff, 0xff, 0xff, 0x00, 0x00, 0x00, 0x00,
    0x01, 0x00, 0x00, 0x00, 0xa1, 0x04, 0x82, 0x3c, 0x07, 0x00, 0x00, 0x00,
    0x52, 0x65, 0x73, 0x68, 0x61, 0x70, 0x65, 0x00, 0x02, 0x00, 0x00, 0x00,
    0x01, 0x00, 0x00, 0x00, 0x2c, 0x01, 0x00, 0x00, 0xe2, 0xbc, 0xff, 0xff,
    0x00, 0x00, 0x00, 0x01, 0x14, 0x00, 0x00, 0x00, 0x34, 0x00, 0x00, 0x00,
    0x43, 0x00, 0x00, 0x00, 0x00, 0x00, 0x00, 0x09, 0x3c, 0x00, 0x00, 0x00,
    0xcc, 0xbc, 0xff, 0xff, 0x08, 0x00, 0x00, 0x00, 0x14, 0x00, 0x00, 0x00,
    0x01, 0x00, 0x00, 0x00, 0x80, 0xff, 0xff, 0xff, 0xff, 0xff, 0xff, 0xff,
    0x00, 0x00, 0x00, 0x00, 0x01, 0x00, 0x00, 0x00, 0xa1, 0x04, 0x82, 0x3c,
    0x0d, 0x00, 0x00, 0x00, 0x74, 0x66, 0x6c, 0x2e, 0x71, 0x75, 0x61, 0x6e,
    0x74, 0x69, 0x7a, 0x65, 0x35, 0x00, 0x00, 0x00, 0x04, 0x00, 0x00, 0x00,
    0x01, 0x00, 0x00, 0x00, 0x05, 0x00, 0x00, 0x00, 0x01, 0x00, 0x00, 0x00,
    0x3c, 0x00, 0x00, 0x00, 0x86, 0xf4, 0xff, 0xff, 0x00, 0x00, 0x00, 0x01,
    0x10, 0x00, 0x00, 0x00, 0x10, 0x00, 0x00, 0x00, 0x42, 0x00, 0x00, 0x00,
    0x18, 0x00, 0x00, 0x00, 0x88, 0xbd, 0xff, 0xff, 0x08, 0x00, 0x00, 0x00,
    0x63, 0x6f, 0x6e, 0x63, 0x61, 0x74, 0x5f, 0x35, 0x00, 0x00, 0x00, 0x00,
    0x04, 0x00, 0x00, 0x00, 0x01, 0x00, 0x00, 0x00, 0x05, 0x00, 0x00, 0x00,
    0x01, 0x00, 0x00, 0x00, 0x3c, 0x00, 0x00, 0x00, 0xc6, 0xf4, 0xff, 0xff,
    0x00, 0x00, 0x00, 0x01, 0x10, 0x00, 0x00, 0x00, 0x10, 0x00, 0x00, 0x00,
    0x41, 0x00, 0x00, 0x00, 0x30, 0x00, 0x00, 0x00, 0xc8, 0xbd, 0xff, 0xff,
    0x20, 0x00, 0x00, 0x00, 0x70, 0x77, 0x34, 0x2f, 0x52, 0x65, 0x6c, 0x75,
    0x3b, 0x70, 0x77, 0x34, 0x2f, 0x42, 0x69, 0x61, 0x73, 0x41, 0x64, 0x64,
    0x3b, 0x70, 0x77, 0x34, 0x2f, 0x43, 0x6f, 0x6e, 0x76, 0x32, 0x44, 0x31,
    0x00, 0x00, 0x00, 0x00, 0x04, 0x00, 0x00, 0x00, 0x01, 0x00, 0x00, 0x00,
    0x01, 0x00, 0x00, 0x00, 0x01, 0x00, 0x00, 0x00, 0x3c, 0x00, 0x00, 0x00,
    0xe2, 0xbd, 0xff, 0xff, 0x00, 0x00, 0x00, 0x01, 0x14, 0x00, 0x00, 0x00,
    0x34, 0x00, 0x00, 0x00, 0x40, 0x00, 0x00, 0x00, 0x00, 0x00, 0x00, 0x09,
    0x4c, 0x00, 0x00, 0x00, 0xcc, 0xbd, 0xff, 0xff, 0x08, 0x00, 0x00, 0x00,
    0x14, 0x00, 0x00, 0x00, 0x01, 0x00, 0x00, 0x00, 0x80, 0xff, 0xff, 0xff,
    0xff, 0xff, 0xff, 0xff, 0x00, 0x00, 0x00, 0x00, 0x01, 0x00, 0x00, 0x00,
    0xa1, 0x04, 0x82, 0x3c, 0x1f, 0x00, 0x00, 0x00, 0x70, 0x77, 0x34, 0x2f,
    0x52, 0x65, 0x6c, 0x75, 0x3b, 0x70, 0x77, 0x34, 0x2f, 0x42, 0x69, 0x61,
    0x73, 0x41, 0x64, 0x64, 0x3b, 0x70, 0x77, 0x34, 0x2f, 0x43, 0x6f, 0x6e,
    0x76, 0x32, 0x44, 0x00, 0x04, 0x00, 0x00, 0x00, 0x01, 0x00, 0x00, 0x00,
    0x01, 0x00, 0x00, 0x00, 0x01, 0x00, 0x00, 0x00, 0x3c, 0x00, 0x00, 0x00,
    0x5a, 0xbe, 0xff, 0xff, 0x00, 0x00, 0x00, 0x01, 0x14, 0x00, 0x00, 0x00,
    0x30, 0x00, 0x00, 0x00, 0x3f, 0x00, 0x00, 0x00, 0x00, 0x00, 0x00, 0x09,
    0x44, 0x00, 0x00, 0x00, 0x44, 0xbe, 0xff, 0xff, 0x08, 0x00, 0x00, 0x00,
    0x10, 0x00, 0x00, 0x00, 0x01, 0x00, 0x00, 0x00, 0x0f, 0x00, 0x00, 0x00,
    0x00, 0x00, 0x00, 0x00, 0x01, 0x00, 0x00, 0x00, 0x73, 0xdd, 0xe1, 0x3c,
    0x19, 0x00, 0x00, 0x00, 0x64, 0x77, 0x34, 0x2f, 0x42, 0x69, 0x61, 0x73,
    0x41, 0x64, 0x64, 0x3b, 0x64, 0x77, 0x34, 0x2f, 0x64, 0x65, 0x70, 0x74,
    0x68, 0x77, 0x69, 0x73, 0x65, 0x00, 0x00, 0x00, 0x04, 0x00, 0x00, 0x00,
    0x01, 0x00, 0x00, 0x00, 0x01, 0x00, 0x00, 0x00, 0x01, 0x00, 0x00, 0x00,
    0x3c, 0x00, 0x00, 0x00, 0xca, 0xbe, 0xff, 0xff, 0x00, 0x00, 0x00, 0x01,
    0x14, 0x00, 0x00, 0x00, 0x34, 0x00, 0x00, 0x00, 0x3e, 0x00, 0x00, 0x00,
    0x00, 0x00, 0x00, 0x09, 0x3c, 0x00, 0x00, 0x00, 0xb4, 0xbe, 0xff, 0xff,
    0x08, 0x00, 0x00, 0x00, 0x14, 0x00, 0x00, 0x00, 0x01, 0x00, 0x00, 0x00,
    0x80, 0xff, 0xff, 0xff, 0xff, 0xff, 0xff, 0xff, 0x00, 0x00, 0x00, 0x00,
    0x01, 0x00, 0x00, 0x00, 0xc9, 0x9e, 0x82, 0x3c, 0x0d, 0x00, 0x00, 0x00,
    0x74, 0x66, 0x6c, 0x2e, 0x71, 0x75, 0x61, 0x6e, 0x74, 0x69, 0x7a, 0x65,
    0x34, 0x00, 0x00, 0x00, 0x04, 0x00, 0x00, 0x00, 0x01, 0x00, 0x00, 0x00,
    0x15, 0x00, 0x00, 0x00, 0x01, 0x00, 0x00, 0x00, 0x3c, 0x00, 0x00, 0x00,
    0x6e, 0xf6, 0xff, 0xff, 0x00, 0x00, 0x00, 0x01, 0x10, 0x00, 0x00, 0x00,
    0x10, 0x00, 0x00, 0x00, 0x3d, 0x00, 0x00, 0x00, 0x18, 0x00, 0x00, 0x00,
    0x70, 0xbf, 0xff, 0xff, 0x08, 0x00, 0x00, 0x00, 0x63, 0x6f, 0x6e, 0x63,
    0x61, 0x74, 0x5f, 0x34, 0x00, 0x00, 0x00, 0x00, 0x04, 0x00, 0x00, 0x00,
    0x01, 0x00, 0x00, 0x00, 0x15, 0x00, 0x00, 0x00, 0x01, 0x00, 0x00, 0x00,
    0x3c, 0x00, 0x00, 0x00, 0xae, 0xf6, 0xff, 0xff, 0x00, 0x00, 0x00, 0x01,
    0x10, 0x00, 0x00, 0x00, 0x10, 0x00, 0x00, 0x00, 0x3c, 0x00, 0x00, 0x00,
    0x30, 0x00, 0x00, 0x00, 0xb0, 0xbf, 0xff, 0xff, 0x20, 0x00, 0x00, 0x00,
    0x70, 0x77, 0x33, 0x2f, 0x52, 0x65, 0x6c, 0x75, 0x3b, 0x70, 0x77, 0x33,
    0x2f, 0x42, 0x69, 0x61, 0x73, 0x41, 0x64, 0x64, 0x3b, 0x70, 0x77, 0x33,
    0x2f, 0x43, 0x6f, 0x6e, 0x76, 0x32, 0x44, 0x31, 0x00, 0x00, 0x00, 0x00,
    0x04, 0x00, 0x00, 0x00, 0x01, 0x00, 0x00, 0x00, 0x01, 0x00, 0x00, 0x00,
    0x01, 0x00, 0x00, 0x00, 0x3c, 0x00, 0x00, 0x00, 0xca, 0xbf, 0xff, 0xff,
    0x00, 0x00, 0x00, 0x01, 0x14, 0x00, 0x00, 0x00, 0x34, 0x00, 0x00, 0x00,
    0x3b, 0x00, 0x00, 0x00, 0x00, 0x00, 0x00, 0x09, 0x4c, 0x00, 0x00, 0x00,
    0xb4, 0xbf, 0xff, 0xff, 0x08, 0x00, 0x00, 0x00, 0x14, 0x00, 0x00, 0x00,
    0x01, 0x00, 0x00, 0x00, 0x80, 0xff, 0xff, 0xff, 0xff, 0xff, 0xff, 0xff,
    0x00, 0x00, 0x00, 0x00, 0x01, 0x00, 0x00, 0x00, 0xc9, 0x9e, 0x82, 0x3c,
    0x1f, 0x00, 0x00, 0x00, 0x70, 0x77, 0x33, 0x2f, 0x52, 0x65, 0x6c, 0x75,
    0x3b, 0x70, 0x77, 0x33, 0x2f, 0x42, 0x69, 0x61, 0x73, 0x41, 0x64, 0x64,
    0x3b, 0x70, 0x77, 0x33, 0x2f, 0x43, 0x6f, 0x6e, 0x76, 0x32, 0x44, 0x00,
    0x04, 0x00, 0x00, 0x00, 0x01, 0x00, 0x00, 0x00, 0x01, 0x00, 0x00, 0x00,
    0x01, 0x00, 0x00, 0x00, 0x3c, 0x00, 0x00, 0x00, 0x42, 0xc0, 0xff, 0xff,
    0x00, 0x00, 0x00, 0x01, 0x14, 0x00, 0x00, 0x00, 0x30, 0x00, 0x00, 0x00,
    0x3a, 0x00, 0x00, 0x00, 0x00, 0x00, 0x00, 0x09, 0x44, 0x00, 0x00, 0x00,
    0x2c, 0xc0, 0xff, 0xff, 0x08, 0x00, 0x00, 0x00, 0x10, 0x00, 0x00, 0x00,
    0x01, 0x00, 0x00, 0x00, 0x09, 0x00, 0x00, 0x00, 0x00, 0x00, 0x00, 0x00,
    0x01, 0x00, 0x00, 0x00, 0xb1, 0xe0, 0x74, 0x3c, 0x19, 0x00, 0x00, 0x00,
    0x64, 0x77, 0x33, 0x2f, 0x42, 0x69, 0x61, 0x73, 0x41, 0x64, 0x64, 0x3b,
    0x64, 0x77, 0x33, 0x2f, 0x64, 0x65, 0x70, 0x74, 0x68, 0x77, 0x69, 0x73,
    0x65, 0x00, 0x00, 0x00, 0x04, 0x00, 0x00, 0x00, 0x01, 0x00, 0x00, 0x00,
    0x01, 0x00, 0x00, 0x00, 0x01, 0x00, 0x00, 0x00, 0x3c, 0x00, 0x00, 0x00,
    0xb2, 0xc0, 0xff, 0xff, 0x00, 0x00, 0x00, 0x01, 0x14, 0x00, 0x00, 0x00,
    0x34, 0x00, 0x00, 0x00, 0x39, 0x00, 0x00, 0x00, 0x00, 0x00, 0x00, 0x09,
    0x3c, 0x00, 0x00, 0x00, 0x9c, 0xc0, 0xff, 0xff, 0x08, 0x00, 0x00, 0x00,
    0x14, 0x00, 0x00, 0x00, 0x01, 0x00, 0x00, 0x00, 0x80, 0xff, 0xff, 0xff,
    0xff, 0xff, 0xff, 0xff, 0x00, 0x00, 0x00, 0x00, 0x01, 0x00, 0x00, 0x00,
    0x66, 0xd6, 0x6c, 0x3c, 0x0d, 0x00, 0x00, 0x00, 0x74, 0x66, 0x6c, 0x2e,
    0x71, 0x75, 0x61, 0x6e, 0x74, 0x69, 0x7a, 0x65, 0x33, 0x00, 0x00, 0x00,
    0x04, 0x00, 0x00, 0x00, 0x01, 0x00, 0x00, 0x00, 0x0d, 0x00, 0x00, 0x00,
    0x01, 0x00, 0x00, 0x00, 0x3c, 0x00, 0x00, 0x00, 0x56, 0xf8, 0xff, 0xff,
    0x00, 0x00, 0x00, 0x01, 0x10, 0x00, 0x00, 0x00, 0x10, 0x00, 0x00, 0x00,
    0x38, 0x00, 0x00, 0x00, 0x18, 0x00, 0x00, 0x00, 0x58, 0xc1, 0xff, 0xff,
    0x08, 0x00, 0x00, 0x00, 0x63, 0x6f, 0x6e, 0x63, 0x61, 0x74, 0x5f, 0x33,
    0x00, 0x00, 0x00, 0x00, 0x04, 0x00, 0x00, 0x00, 0x01, 0x00, 0x00, 0x00,
    0x0d, 0x00, 0x00, 0x00, 0x01, 0x00, 0x00, 0x00, 0x3c, 0x00, 0x00, 0x00,
    0x96, 0xf8, 0xff, 0xff, 0x00, 0x00, 0x00, 0x01, 0x10, 0x00, 0x00, 0x00,
    0x10, 0x00, 0x00, 0x00, 0x37, 0x00, 0x00, 0x00, 0x30, 0x00, 0x00, 0x00,
    0x98, 0xc1, 0xff, 0xff, 0x20, 0x00, 0x00, 0x00, 0x70, 0x77, 0x32, 0x2f,
    0x52, 0x65, 0x6c, 0x75, 0x3b, 0x70, 0x77, 0x32, 0x2f, 0x42, 0x69, 0x61,
    0x73, 0x41, 0x64, 0x64, 0x3b, 0x70, 0x77, 0x32, 0x2f, 0x43, 0x6f, 0x6e,
    0x76, 0x32, 0x44, 0x31, 0x00, 0x00, 0x00, 0x00, 0x04, 0x00, 0x00, 0x00,
    0x01, 0x00, 0x00, 0x00, 0x01, 0x00, 0x00, 0x00, 0x01, 0x00, 0x00, 0x00,
    0x3c, 0x00, 0x00, 0x00, 0xb2, 0xc1, 0xff, 0xff, 0x00, 0x00, 0x00, 0x01,
    0x14, 0x00, 0x00, 0x00, 0x34, 0x00, 0x00, 0x00, 0x36, 0x00, 0x00, 0x00,
    0x00, 0x00, 0x00, 0x09, 0x4c, 0x00, 0x00, 0x00, 0x9c, 0xc1, 0xff, 0xff,
    0x08, 0x00, 0x00, 0x00, 0x14, 0x00, 0x00, 0x00, 0x01, 0x00, 0x00, 0x00,
    0x80, 0xff, 0xff, 0xff, 0xff, 0xff, 0xff, 0xff, 0x00, 0x00, 0x00, 0x00,
    0x01, 0x00, 0x00, 0x00, 0x66, 0xd6, 0x6c, 0x3c, 0x1f, 0x00, 0x00, 0x00,
    0x70, 0x77, 0x32, 0x2f, 0x52, 0x65, 0x6c, 0x75, 0x3b, 0x70, 0x77, 0x32,
    0x2f, 0x42, 0x69, 0x61, 0x73, 0x41, 0x64, 0x64, 0x3b, 0x70, 0x77, 0x32,
    0x2f, 0x43, 0x6f, 0x6e, 0x76, 0x32, 0x44, 0x00, 0x04, 0x00, 0x00, 0x00,
    0x01, 0x00, 0x00, 0x00, 0x01, 0x00, 0x00, 0x00, 0x01, 0x00, 0x00, 0x00,
    0x3c, 0x00, 0x00, 0x00, 0x2a, 0xc2, 0xff, 0xff, 0x00, 0x00, 0x00, 0x01,
    0x14, 0x00, 0x00, 0x00, 0x30, 0x00, 0x00, 0x00, 0x35, 0x00, 0x00, 0x00,
    0x00, 0x00, 0x00, 0x09, 0x44, 0x00, 0x00, 0x00, 0x14, 0xc2, 0xff, 0xff,
    0x08, 0x00, 0x00, 0x00, 0x10, 0x00, 0x00, 0x00, 0x01, 0x00, 0x00, 0x00,
    0x06, 0x00, 0x00, 0x00, 0x00, 0x00, 0x00, 0x00, 0x01, 0x00, 0x00, 0x00,
    0x10, 0x6c, 0x6b, 0x3c, 0x19, 0x00, 0x00, 0x00, 0x64, 0x77, 0x32, 0x2f,
    0x42, 0x69, 0x61, 0x73, 0x41, 0x64, 0x64, 0x3b, 0x64, 0x77, 0x32, 0x2f,
    0x64, 0x65, 0x70, 0x74, 0x68, 0x77, 0x69, 0x73, 0x65, 0x00, 0x00, 0x00,
    0x04, 0x00, 0x00, 0x00, 0x01, 0x00, 0x00, 0x00, 0x01, 0x00, 0x00, 0x00,
    0x01, 0x00, 0x00, 0x00, 0x3c, 0x00, 0x00, 0x00, 0x9a, 0xc2, 0xff, 0xff,
    0x00, 0x00, 0x00, 0x01, 0x14, 0x00, 0x00, 0x00, 0x34, 0x00, 0x00, 0x00,
    0x34, 0x00, 0x00, 0x00, 0x00, 0x00, 0x00, 0x09, 0x3c, 0x00, 0x00, 0x00,
    0x84, 0xc2, 0xff, 0xff, 0x08, 0x00, 0x00, 0x00, 0x14, 0x00, 0x00, 0x00,
    0x01, 0x00, 0x00, 0x00, 0x80, 0xff, 0xff, 0xff, 0xff, 0xff, 0xff, 0xff,
    0x00, 0x00, 0x00, 0x00, 0x01, 0x00, 0x00, 0x00, 0x89, 0xd8, 0xc3, 0x3c,
    0x0d, 0x00, 0x00, 0x00, 0x74, 0x66, 0x6c, 0x2e, 0x71, 0x75, 0x61, 0x6e,
    0x74, 0x69, 0x7a, 0x65, 0x32, 0x00, 0x00, 0x00, 0x04, 0x00, 0x00, 0x00,
    0x01, 0x00, 0x00, 0x00, 0x09, 0x00, 0x00, 0x00, 0x01, 0x00, 0x00, 0x00,
    0x3c, 0x00, 0x00, 0x00, 0x3e, 0xfa, 0xff, 0xff, 0x00, 0x00, 0x00, 0x01,
    0x10, 0x00, 0x00, 0x00, 0x10, 0x00, 0x00, 0x00, 0x33, 0x00, 0x00, 0x00,
    0x18, 0x00, 0x00, 0x00, 0x40, 0xc3, 0xff, 0xff, 0x08, 0x00, 0x00, 0x00,
    0x63, 0x6f, 0x6e, 0x63, 0x61, 0x74, 0x5f, 0x32, 0x00, 0x00, 0x00, 0x00,
    0x04, 0x00, 0x00, 0x00, 0x01, 0x00, 0x00, 0x00, 0x09, 0x00, 0x00, 0x00,
    0x01, 0x00, 0x00, 0x00, 0x3c, 0x00, 0x00, 0x00, 0x7e, 0xfa, 0xff, 0xff,
    0x00, 0x00, 0x00, 0x01, 0x10, 0x00, 0x00, 0x00, 0x10, 0x00, 0x00, 0x00,
    0x32, 0x00, 0x00, 0x00, 0x30, 0x00, 0x00, 0x00, 0x80, 0xc3, 0xff, 0xff,
    0x20, 0x00, 0x00, 0x00, 0x70, 0x77, 0x31, 0x2f, 0x52, 0x65, 0x6c, 0x75,
    0x3b, 0x70, 0x77, 0x31, 0x2f, 0x42, 0x69, 0x61, 0x73, 0x41, 0x64, 0x64,
    0x3b, 0x70, 0x77, 0x31, 0x2f, 0x43, 0x6f, 0x6e, 0x76, 0x32, 0x44, 0x31,
    0x00, 0x00, 0x00, 0x00, 0x04, 0x00, 0x00, 0x00, 0x01, 0x00, 0x00, 0x00,
    0x01, 0x00, 0x00, 0x00, 0x01, 0x00, 0x00, 0x00, 0x3c, 0x00, 0x00, 0x00,
    0x9a, 0xc3, 0xff, 0xff, 0x00, 0x00, 0x00, 0x01, 0x14, 0x00, 0x00, 0x00,
    0x34, 0x00, 0x00, 0x00, 0x31, 0x00, 0x00, 0x00, 0x00, 0x00, 0x00, 0x09,
    0x4c, 0x00, 0x00, 0x00, 0x84, 0xc3, 0xff, 0xff, 0x08, 0x00, 0x00, 0x00,
    0x14, 0x00, 0x00, 0x00, 0x01, 0x00, 0x00, 0x00, 0x80, 0xff, 0xff, 0xff,
    0xff, 0xff, 0xff, 0xff, 0x00, 0x00, 0x00, 0x00, 0x01, 0x00, 0x00, 0x00,
    0x89, 0xd8, 0xc3, 0x3c, 0x1f, 0x00, 0x00, 0x00, 0x70, 0x77, 0x31, 0x2f,
    0x52, 0x65, 0x6c, 0x75, 0x3b, 0x70, 0x77, 0x31, 0x2f, 0x42, 0x69, 0x61,
    0x73, 0x41, 0x64, 0x64, 0x3b, 0x70, 0x77, 0x31, 0x2f, 0x43, 0x6f, 0x6e,
    0x76, 0x32, 0x44, 0x00, 0x04, 0x00, 0x00, 0x00, 0x01, 0x00, 0x00, 0x00,
    0x01, 0x00, 0x00, 0x00, 0x01, 0x00, 0x00, 0x00, 0x3c, 0x00, 0x00, 0x00,
    0x12, 0xc4, 0xff, 0xff, 0x00, 0x00, 0x00, 0x01, 0x14, 0x00, 0x00, 0x00,
    0x30, 0x00, 0x00, 0x00, 0x30, 0x00, 0x00, 0x00, 0x00, 0x00, 0x00, 0x09,
    0x44, 0x00, 0x00, 0x00, 0xfc, 0xc3, 0xff, 0xff, 0x08, 0x00, 0x00, 0x00,
    0x10, 0x00, 0x00, 0x00, 0x01, 0x00, 0x00, 0x00, 0x12, 0x00, 0x00, 0x00,
    0x00, 0x00, 0x00, 0x00, 0x01, 0x00, 0x00, 0x00, 0x2c, 0xca, 0x23, 0x3c,
    0x19, 0x00, 0x00, 0x00, 0x64, 0x77, 0x31, 0x2f, 0x42, 0x69, 0x61, 0x73,
    0x41, 0x64, 0x64, 0x3b, 0x64, 0x77, 0x31, 0x2f, 0x64, 0x65, 0x70, 0x74,
    0x68, 0x77, 0x69, 0x73, 0x65, 0x00, 0x00, 0x00, 0x04, 0x00, 0x00, 0x00,
    0x01, 0x00, 0x00, 0x00, 0x01, 0x00, 0x00, 0x00, 0x01, 0x00, 0x00, 0x00,
    0x1e, 0x00, 0x00, 0x00, 0x82, 0xc4, 0xff, 0xff, 0x00, 0x00, 0x00, 0x01,
    0x14, 0x00, 0x00, 0x00, 0x30, 0x00, 0x00, 0x00, 0x2f, 0x00, 0x00, 0x00,
    0x00, 0x00, 0x00, 0x09, 0x38, 0x00, 0x00, 0x00, 0x6c, 0xc4, 0xff, 0xff,
    0x08, 0x00, 0x00, 0x00, 0x10, 0x00, 0x00, 0x00, 0x01, 0x00, 0x00, 0x00,
    0x80, 0xff, 0xff, 0xff, 0xff, 0xff, 0xff, 0xff, 0x01, 0x00, 0x00, 0x00,
    0xde, 0x1d, 0x7c, 0x3c, 0x0d, 0x00, 0x00, 0x00, 0x74, 0x66, 0x6c, 0x2e,
    0x71, 0x75, 0x61, 0x6e, 0x74, 0x69, 0x7a, 0x65, 0x31, 0x00, 0x00, 0x00,
    0x04, 0x00, 0x00, 0x00, 0x01, 0x00, 0x00, 0x00, 0x05, 0x00, 0x00, 0x00,
    0x01, 0x00, 0x00, 0x00, 0x1e, 0x00, 0x00, 0x00, 0x22, 0xfc, 0xff, 0xff,
    0x00, 0x00, 0x00, 0x01, 0x10, 0x00, 0x00, 0x00, 0x10, 0x00, 0x00, 0x00,
    0x2e, 0x00, 0x00, 0x00, 0x18, 0x00, 0x00, 0x00, 0x24, 0xc5, 0xff, 0xff,
    0x08, 0x00, 0x00, 0x00, 0x63, 0x6f, 0x6e, 0x63, 0x61, 0x74, 0x5f, 0x31,
    0x00, 0x00, 0x00, 0x00, 0x04, 0x00, 0x00, 0x00, 0x01, 0x00, 0x00, 0x00,
    0x05, 0x00, 0x00, 0x00, 0x01, 0x00, 0x00, 0x00, 0x1e, 0x00, 0x00, 0x00,
    0x62, 0xfc, 0xff, 0xff, 0x00, 0x00, 0x00, 0x01, 0x10, 0x00, 0x00, 0x00,
    0x10, 0x00, 0x00, 0x00, 0x2d, 0x00, 0x00, 0x00, 0x34, 0x00, 0x00, 0x00,
    0x64, 0xc5, 0xff, 0xff, 0x26, 0x00, 0x00, 0x00, 0x63, 0x6f, 0x6e, 0x76,
    0x30, 0x2f, 0x52, 0x65, 0x6c, 0x75, 0x3b, 0x63, 0x6f, 0x6e, 0x76, 0x30,
    0x2f, 0x42, 0x69, 0x61, 0x73, 0x41, 0x64, 0x64, 0x3b, 0x63, 0x6f, 0x6e,
    0x76, 0x30, 0x2f, 0x43, 0x6f, 0x6e, 0x76, 0x32, 0x44, 0x31, 0x00, 0x00,
    0x04, 0x00, 0x00, 0x00, 0x01, 0x00, 0x00, 0x00, 0x01, 0x00, 0x00, 0x00,
    0x01, 0x00, 0x00, 0x00, 0x1e, 0x00, 0x00, 0x00, 0x82, 0xc5, 0xff, 0xff,
    0x00, 0x00, 0x00, 0x01, 0x14, 0x00, 0x00, 0x00, 0x34, 0x00, 0x00, 0x00,
    0x2c, 0x00, 0x00, 0x00, 0x00, 0x00, 0x00, 0x09, 0x54, 0x00, 0x00, 0x00,
    0x6c, 0xc5, 0xff, 0xff, 0x08, 0x00, 0x00, 0x00, 0x14, 0x00, 0x00, 0x00,
    0x01, 0x00, 0x00, 0x00, 0x80, 0xff, 0xff, 0xff, 0xff, 0xff, 0xff, 0xff,
    0x00, 0x00, 0x00, 0x00, 0x01, 0x00, 0x00, 0x00, 0xde, 0x1d, 0x7c, 0x3c,
    0x25, 0x00, 0x00, 0x00, 0x63, 0x6f, 0x6e, 0x76, 0x30, 0x2f, 0x52, 0x65,
    0x6c, 0x75, 0x3b, 0x63, 0x6f, 0x6e, 0x76, 0x30, 0x2f, 0x42, 0x69, 0x61,
    0x73, 0x41, 0x64, 0x64, 0x3b, 0x63, 0x6f, 0x6e, 0x76, 0x30, 0x2f, 0x43,
    0x6f, 0x6e, 0x76, 0x32, 0x44, 0x00, 0x00, 0x00, 0x04, 0x00, 0x00, 0x00,
    0x01, 0x00, 0x00, 0x00, 0x01, 0x00, 0x00, 0x00, 0x01, 0x00, 0x00, 0x00,
    0x1e, 0x00, 0x00, 0x00, 0x02, 0xc6, 0xff, 0xff, 0x00, 0x00, 0x00, 0x01,
    0x14, 0x00, 0x00, 0x00, 0x30, 0x00, 0x00, 0x00, 0x2b, 0x00, 0x00, 0x00,
    0x00, 0x00, 0x00, 0x09, 0x38, 0x00, 0x00, 0x00, 0xec, 0xc5, 0xff, 0xff,
    0x08, 0x00, 0x00, 0x00, 0x10, 0x00, 0x00, 0x00, 0x01, 0x00, 0x00, 0x00,
    0x80, 0xff, 0xff, 0xff, 0xff, 0xff, 0xff, 0xff, 0x01, 0x00, 0x00, 0x00,
    0x14, 0x4d, 0x26, 0x40, 0x0c, 0x00, 0x00, 0x00, 0x74, 0x66, 0x6c, 0x2e,
    0x71, 0x75, 0x61, 0x6e, 0x74, 0x69, 0x7a, 0x65, 0x00, 0x00, 0x00, 0x00,
    0x04, 0x00, 0x00, 0x00, 0x01, 0x00, 0x00, 0x00, 0x05, 0x00, 0x00, 0x00,
    0x01, 0x00, 0x00, 0x00, 0x28, 0x00, 0x00, 0x00, 0xa2, 0xfd, 0xff, 0xff,
    0x00, 0x00, 0x00, 0x01, 0x10, 0x00, 0x00, 0x00, 0x10, 0x00, 0x00, 0x00,
    0x2a, 0x00, 0x00, 0x00, 0x14, 0x00, 0x00, 0x00, 0xa4, 0xc6, 0xff, 0xff,
    0x06, 0x00, 0x00, 0x00, 0x63, 0x6f, 0x6e, 0x63, 0x61, 0x74, 0x00, 0x00,
    0x04, 0x00, 0x00, 0x00, 0x01, 0x00, 0x00, 0x00, 0x05, 0x00, 0x00, 0x00,
    0x01, 0x00, 0x00, 0x00, 0x28, 0x00, 0x00, 0x00, 0xde, 0xfd, 0xff, 0xff,
    0x00, 0x00, 0x00, 0x01, 0x10, 0x00, 0x00, 0x00, 0x10, 0x00, 0x00, 0x00,
    0x29, 0x00, 0x00, 0x00, 0x18, 0x00, 0x00, 0x00, 0xe0, 0xc6, 0xff, 0xff,
    0x0b, 0x00, 0x00, 0x00, 0x45, 0x78, 0x70, 0x61, 0x6e, 0x64, 0x44, 0x69,
    0x6d, 0x73, 0x31, 0x00, 0x04, 0x00, 0x00, 0x00, 0x01, 0x00, 0x00, 0x00,
    0x03, 0x00, 0x00, 0x00, 0x01, 0x00, 0x00, 0x00, 0x28, 0x00, 0x00, 0x00,
    0xe2, 0xc6, 0xff, 0xff, 0x00, 0x00, 0x00, 0x01, 0x14, 0x00, 0x00, 0x00,
    0x34, 0x00, 0x00, 0x00, 0x28, 0x00, 0x00, 0x00, 0x00, 0x00, 0x00, 0x09,
    0x38, 0x00, 0x00, 0x00, 0xcc, 0xc6, 0xff, 0xff, 0x08, 0x00, 0x00, 0x00,
    0x14, 0x00, 0x00, 0x00, 0x01, 0x00, 0x00, 0x00, 0x80, 0xff, 0xff, 0xff,
    0xff, 0xff, 0xff, 0xff, 0x00, 0x00, 0x00, 0x00, 0x01, 0x00, 0x00, 0x00,
    0x14, 0x4d, 0x26, 0x40, 0x0a, 0x00, 0x00, 0x00, 0x45, 0x78, 0x70, 0x61,
    0x6e, 0x64, 0x44, 0x69, 0x6d, 0x73, 0x00, 0x00, 0x04, 0x00, 0x00, 0x00,
    0x01, 0x00, 0x00, 0x00, 0x03, 0x00, 0x00, 0x00, 0x01, 0x00, 0x00, 0x00,
    0x28, 0x00, 0x00, 0x00, 0x82, 0xfe, 0xff, 0xff, 0x00, 0x00, 0x00, 0x01,
    0x10, 0x00, 0x00, 0x00, 0x10, 0x00, 0x00, 0x00, 0x27, 0x00, 0x00, 0x00,
    0x24, 0x00, 0x00, 0x00, 0x84, 0xc7, 0xff, 0xff, 0x15, 0x00, 0x00, 0x00,
    0x63, 0x6f, 0x6e, 0x63, 0x61, 0x74, 0x2f, 0x52, 0x65, 0x61, 0x64, 0x56,
    0x61, 0x72, 0x69, 0x61, 0x62, 0x6c, 0x65, 0x4f, 0x70, 0x00, 0x00, 0x00,
    0x04, 0x00, 0x00, 0x00, 0x01, 0x00, 0x00, 0x00, 0x02, 0x00, 0x00, 0x00,
    0x01, 0x00, 0x00, 0x00, 0x28, 0x00, 0x00, 0x00, 0xce, 0xfe, 0xff, 0xff,
    0x00, 0x00, 0x00, 0x01, 0x10, 0x00, 0x00, 0x00, 0x10, 0x00, 0x00, 0x00,
    0x26, 0x00, 0x00, 0x00, 0x24, 0x00, 0x00, 0x00, 0xd0, 0xc7, 0xff, 0xff,
    0x17, 0x00, 0x00, 0x00, 0x63, 0x6f, 0x6e, 0x63, 0x61, 0x74, 0x5f, 0x35,
    0x2f, 0x52, 0x65, 0x61, 0x64, 0x56, 0x61, 0x72, 0x69, 0x61, 0x62, 0x6c,
    0x65, 0x4f, 0x70, 0x00, 0x04, 0x00, 0x00, 0x00, 0x01, 0x00, 0x00, 0x00,
    0x04, 0x00, 0x00, 0x00, 0x01, 0x00, 0x00, 0x00, 0x3c, 0x00, 0x00, 0x00,
    0x1a, 0xff, 0xff, 0xff, 0x00, 0x00, 0x00, 0x01, 0x10, 0x00, 0x00, 0x00,
    0x10, 0x00, 0x00, 0x00, 0x25, 0x00, 0x00, 0x00, 0x24, 0x00, 0x00, 0x00,
    0x1c, 0xc8, 0xff, 0xff, 0x17, 0x00, 0x00, 0x00, 0x63, 0x6f, 0x6e, 0x63,
    0x61, 0x74, 0x5f, 0x34, 0x2f, 0x52, 0x65, 0x61, 0x64, 0x56, 0x61, 0x72,
    0x69, 0x61, 0x62, 0x6c, 0x65, 0x4f, 0x70, 0x00, 0x04, 0x00, 0x00, 0x00,
    0x01, 0x00, 0x00, 0x00, 0x14, 0x00, 0x00, 0x00, 0x01, 0x00, 0x00, 0x00,
    0x3c, 0x00, 0x00, 0x00, 0x66, 0xff, 0xff, 0xff, 0x00, 0x00, 0x00, 0x01,
    0x10, 0x00, 0x00, 0x00, 0x10, 0x00, 0x00, 0x00, 0x24, 0x00, 0x00, 0x00,
    0x24, 0x00, 0x00, 0x00, 0x68, 0xc8, 0xff, 0xff, 0x17, 0x00, 0x00, 0x00,
    0x63, 0x6f, 0x6e, 0x63, 0x61, 0x74, 0x5f, 0x33, 0x2f, 0x52, 0x65, 0x61,
    0x64, 0x56, 0x61, 0x72, 0x69, 0x61, 0x62, 0x6c, 0x65, 0x4f, 0x70, 0x00,
    0x04, 0x00, 0x00, 0x00, 0x01, 0x00, 0x00, 0x00, 0x0c, 0x00, 0x00, 0x00,
    0x01, 0x00, 0x00, 0x00, 0x3c, 0x00, 0x00, 0x00, 0xb2, 0xff, 0xff, 0xff,
    0x00, 0x00, 0x00, 0x01, 0x10, 0x00, 0x00, 0x00, 0x10, 0x00, 0x00, 0x00,
    0x23, 0x00, 0x00, 0x00, 0x24, 0x00, 0x00, 0x00, 0xb4, 0xc8, 0xff, 0xff,
    0x17, 0x00, 0x00, 0x00, 0x63, 0x6f, 0x6e, 0x63, 0x61, 0x74, 0x5f, 0x32,
    0x2f, 0x52, 0x65, 0x61, 0x64, 0x56, 0x61, 0x72, 0x69, 0x61, 0x62, 0x6c,
    0x65, 0x4f, 0x70, 0x00, 0x04, 0x00, 0x00, 0x00, 0x01, 0x00, 0x00, 0x00,
    0x08, 0x00, 0x00, 0x00, 0x01, 0x00, 0x00, 0x00, 0x3c, 0x00, 0x00, 0x00,
    0x00, 0x00, 0x16, 0x00, 0x18, 0x00, 0x14, 0x00, 0x00, 0x00, 0x10, 0x00,
    0x0c, 0x00, 0x08, 0x00, 0x00, 0x00, 0x00, 0x00, 0x00, 0x00, 0x07, 0x00,
    0x16, 0x00, 0x00, 0x00, 0x00, 0x00, 0x00, 0x01, 0x10, 0x00, 0x00, 0x00,
    0x10, 0x00, 0x00, 0x00, 0x22, 0x00, 0x00, 0x00, 0x24, 0x00, 0x00, 0x00,
    0x18, 0xc9, 0xff, 0xff, 0x17, 0x00, 0x00, 0x00, 0x63, 0x6f, 0x6e, 0x63,
    0x61, 0x74, 0x5f, 0x31, 0x2f, 0x52, 0x65, 0x61, 0x64, 0x56, 0x61, 0x72,
    0x69, 0x61, 0x62, 0x6c, 0x65, 0x4f, 0x70, 0x00, 0x04, 0x00, 0x00, 0x00,
    0x01, 0x00, 0x00, 0x00, 0x04, 0x00, 0x00, 0x00, 0x01, 0x00, 0x00, 0x00,
    0x1e, 0x00, 0x00, 0x00, 0x26, 0xc9, 0xff, 0xff, 0x00, 0x00, 0x00, 0x01,
    0x14, 0x00, 0x00, 0x00, 0x14, 0x00, 0x00, 0x00, 0x21, 0x00, 0x00, 0x00,
    0x00, 0x00, 0x00, 0x0d, 0x18, 0x00, 0x00, 0x00, 0x68, 0xc9, 0xff, 0xff,
    0x08, 0x00, 0x00, 0x00, 0x73, 0x74, 0x72, 0x65, 0x61, 0x6d, 0x5f, 0x35,
    0x00, 0x00, 0x00, 0x00, 0x00, 0x00, 0x00, 0x00, 0x5a, 0xc9, 0xff, 0xff,
    0x00, 0x00, 0x00, 0x01, 0x14, 0x00, 0x00, 0x00, 0x14, 0x00, 0x00, 0x00,
    0x20, 0x00, 0x00, 0x00, 0x00, 0x00, 0x00, 0x0d, 0x18, 0x00, 0x00, 0x00,
    0x9c, 0xc9, 0xff, 0xff, 0x08, 0x00, 0x00, 0x00, 0x73, 0x74, 0x72, 0x65,
    0x61, 0x6d, 0x5f, 0x34, 0x00, 0x00, 0x00, 0x00, 0x00, 0x00, 0x00, 0x00,
    0x8e, 0xc9, 0xff, 0xff, 0x00, 0x00, 0x00, 0x01, 0x14, 0x00, 0x00, 0x00,
    0x14, 0x00, 0x00, 0x00, 0x1f, 0x00, 0x00, 0x00, 0x00, 0x00, 0x00, 0x0d,
    0x18, 0x00, 0x00, 0x00, 0xd0, 0xc9, 0xff, 0xff, 0x08, 0x00, 0x00, 0x00,
    0x73, 0x74, 0x72, 0x65, 0x61, 0x6d, 0x5f, 0x33, 0x00, 0x00, 0x00, 0x00,
    0x00, 0x00, 0x00, 0x00, 0xc2, 0xc9, 0xff, 0xff, 0x00, 0x00, 0x00, 0x01,
    0x14, 0x00, 0x00, 0x00, 0x14, 0x00, 0x00, 0x00, 0x1e, 0x00, 0x00, 0x00,
    0x00, 0x00, 0x00, 0x0d, 0x18, 0x00, 0x00, 0x00, 0x04, 0xca, 0xff, 0xff,
    0x08, 0x00, 0x00, 0x00, 0x73, 0x74, 0x72, 0x65, 0x61, 0x6d, 0x5f, 0x32,
    0x00, 0x00, 0x00, 0x00, 0x00, 0x00, 0x00, 0x00, 0xf6, 0xc9, 0xff, 0xff,
    0x00, 0x00, 0x00, 0x01, 0x14, 0x00, 0x00, 0x00, 0x14, 0x00, 0x00, 0x00,
    0x1d, 0x00, 0x00, 0x00, 0x00, 0x00, 0x00, 0x0d, 0x18, 0x00, 0x00, 0x00,
    0x38, 0xca, 0xff, 0xff, 0x08, 0x00, 0x00, 0x00, 0x73, 0x74, 0x72, 0x65,
    0x61, 0x6d, 0x5f, 0x31, 0x00, 0x00, 0x00, 0x00, 0x00, 0x00, 0x00, 0x00,
    0x2a, 0xca, 0xff, 0xff, 0x00, 0x00, 0x00, 0x01, 0x14, 0x00, 0x00, 0x00,
    0x14, 0x00, 0x00, 0x00, 0x1c, 0x00, 0x00, 0x00, 0x00, 0x00, 0x00, 0x0d,
    0x14, 0x00, 0x00, 0x00, 0x6c, 0xca, 0xff, 0xff, 0x06, 0x00, 0x00, 0x00,
    0x73, 0x74, 0x72, 0x65, 0x61, 0x6d, 0x00, 0x00, 0x00, 0x00, 0x00, 0x00,
    0x5a, 0xca, 0xff, 0xff, 0x00, 0x00, 0x00, 0x01, 0x14, 0x00, 0x00, 0x00,
    0x90, 0x01, 0x00, 0x00, 0x1b, 0x00, 0x00, 0x00, 0x00, 0x00, 0x00, 0x09,
    0x9c, 0x01, 0x00, 0x00, 0x44, 0xca, 0xff, 0xff, 0x08, 0x00, 0x00, 0x00,
    0xfc, 0x00, 0x00, 0x00, 0x1e, 0x00, 0x00, 0x00, 0x00, 0x00, 0x00, 0x00,
    0x00, 0x00, 0x00, 0x00, 0x00, 0x00, 0x00, 0x00, 0x00, 0x00, 0x00, 0x00,
    0x00, 0x00, 0x00, 0x00, 0x00, 0x00, 0x00, 0x00, 0x00, 0x00, 0x00, 0x00,
    0x00, 0x00, 0x00, 0x00, 0x00, 0x00, 0x00, 0x00, 0x00, 0x00, 0x00, 0x00,
    0x00, 0x00, 0x00, 0x00, 0x00, 0x00, 0x00, 0x00, 0x00, 0x00, 0x00, 0x00,
    0x00, 0x00, 0x00, 0x00, 0x00, 0x00, 0x00, 0x00, 0x00, 0x00, 0x00, 0x00,
    0x00, 0x00, 0x00, 0x00, 0x00, 0x00, 0x00, 0x00, 0x00, 0x00, 0x00, 0x00,
    0x00, 0x00, 0x00, 0x00, 0x00, 0x00, 0x00, 0x00, 0x00, 0x00, 0x00, 0x00,
    0x00, 0x00, 0x00, 0x00, 0x00, 0x00, 0x00, 0x00, 0x00, 0x00, 0x00, 0x00,
    0x00, 0x00, 0x00, 0x00, 0x00, 0x00, 0x00, 0x00, 0x00, 0x00, 0x00, 0x00,
    0x00, 0x00, 0x00, 0x00, 0x00, 0x00, 0x00, 0x00, 0x00, 0x00, 0x00, 0x00,
    0x00, 0x00, 0x00, 0x00, 0x00, 0x00, 0x00, 0x00, 0x00, 0x00, 0x00, 0x00,
    0x00, 0x00, 0x00, 0x00, 0x00, 0x00, 0x00, 0x00, 0x00, 0x00, 0x00, 0x00,
    0x00, 0x00, 0x00, 0x00, 0x00, 0x00, 0x00, 0x00, 0x00, 0x00, 0x00, 0x00,
    0x00, 0x00, 0x00, 0x00, 0x00, 0x00, 0x00, 0x00, 0x00, 0x00, 0x00, 0x00,
    0x00, 0x00, 0x00, 0x00, 0x00, 0x00, 0x00, 0x00, 0x00, 0x00, 0x00, 0x00,
    0x00, 0x00, 0x00, 0x00, 0x00, 0x00, 0x00, 0x00, 0x00, 0x00, 0x00, 0x00,
    0x00, 0x00, 0x00, 0x00, 0x00, 0x00, 0x00, 0x00, 0x00, 0x00, 0x00, 0x00,
    0x00, 0x00, 0x00, 0x00, 0x00, 0x00, 0x00, 0x00, 0x00, 0x00, 0x00, 0x00,
    0x00, 0x00, 0x00, 0x00, 0x00, 0x00, 0x00, 0x00, 0x00, 0x00, 0x00, 0x00,
    0x00, 0x00, 0x00, 0x00, 0x00, 0x00, 0x00, 0x00, 0x00, 0x00, 0x00, 0x00,
    0x1e, 0x00, 0x00, 0x00, 0xba, 0x12, 0xac, 0x36, 0x4e, 0xea, 0xc5, 0x36,
    0xe9, 0x02, 0xc8, 0x36, 0x59, 0x83, 0x15, 0x37, 0x2f, 0xcb, 0xca, 0x36,
    0x8e, 0xa9, 0x8a, 0x36, 0x19, 0x4d, 0xe2, 0x36, 0x58, 0x45, 0x9f, 0x36,
    0x59, 0xe9, 0x38, 0x36, 0xf6, 0xfb, 0xbf, 0x36, 0xad, 0xa7, 0xb3, 0x36,
    0x7b, 0xe4, 0x92, 0x36, 0x4a, 0x24, 0xa4, 0x36, 0x90, 0xfb, 0x6b, 0x36,
    0xa0, 0xdd, 0x4e, 0x36, 0x3e, 0xc0, 0x87, 0x36, 0x39, 0x81, 0xa3, 0x36,
    0x9e, 0x39, 0xa6, 0x36, 0xab, 0x38, 0x91, 0x36, 0xf5, 0xbe, 0xd9, 0x36,
    0xf8, 0xbb, 0xa4, 0x36, 0xe9, 0xba, 0xa9, 0x36, 0xab, 0xce, 0x89, 0x36,
    0x31, 0xbb, 0x4a, 0x36, 0x69, 0x2d, 0xcb, 0x36, 0xde, 0x16, 0x11, 0x36,
    0x46, 0xfe, 0xbe, 0x36, 0xef, 0xb8, 0xac, 0x36, 0xe8, 0x45, 0x9b, 0x36,
    0x66, 0x90, 0x00, 0x37, 0x13, 0x00, 0x00, 0x00, 0x74, 0x66, 0x6c, 0x2e,
    0x70, 0x73, 0x65, 0x75, 0x64, 0x6f, 0x5f, 0x71, 0x63, 0x6f, 0x6e, 0x73,
    0x74, 0x31, 0x39, 0x00, 0x04, 0x00, 0x00, 0x00, 0x1e, 0x00, 0x00, 0x00,
    0x05, 0x00, 0x00, 0x00, 0x01, 0x00, 0x00, 0x00, 0x28, 0x00, 0x00, 0x00,
    0x22, 0xcc, 0xff, 0xff, 0x00, 0x00, 0x00, 0x01, 0x14, 0x00, 0x00, 0x00,
    0x90, 0x01, 0x00, 0x00, 0x1a, 0x00, 0x00, 0x00, 0x00, 0x00, 0x00, 0x02,
    0x9c, 0x01, 0x00, 0x00, 0x0c, 0xcc, 0xff, 0xff, 0x08, 0x00, 0x00, 0x00,
    0xfc, 0x00, 0x00, 0x00, 0x1e, 0x00, 0x00, 0x00, 0x00, 0x00, 0x00, 0x00,
    0x00, 0x00, 0x00, 0x00, 0x00, 0x00, 0x00, 0x00, 0x00, 0x00, 0x00, 0x00,
    0x00, 0x00, 0x00, 0x00, 0x00, 0x00, 0x00, 0x00, 0x00, 0x00, 0x00, 0x00,
    0x00, 0x00, 0x00, 0x00, 0x00, 0x00, 0x00, 0x00, 0x00, 0x00, 0x00, 0x00,
    0x00, 0x00, 0x00, 0x00, 0x00, 0x00, 0x00, 0x00, 0x00, 0x00, 0x00, 0x00,
    0x00, 0x00, 0x00, 0x00, 0x00, 0x00, 0x00, 0x00, 0x00, 0x00, 0x00, 0x00,
    0x00, 0x00, 0x00, 0x00, 0x00, 0x00, 0x00, 0x00, 0x00, 0x00, 0x00, 0x00,
    0x00, 0x00, 0x00, 0x00, 0x00, 0x00, 0x00, 0x00, 0x00, 0x00, 0x00, 0x00,
    0x00, 0x00, 0x00, 0x00, 0x00, 0x00, 0x00, 0x00, 0x00, 0x00, 0x00, 0x00,
    0x00, 0x00, 0x00, 0x00, 0x00, 0x00, 0x00, 0x00, 0x00, 0x00, 0x00, 0x00,
    0x00, 0x00, 0x00, 0x00, 0x00, 0x00, 0x00, 0x00, 0x00, 0x00, 0x00, 0x00,
    0x00, 0x00, 0x00, 0x00, 0x00, 0x00, 0x00, 0x00, 0x00, 0x00, 0x00, 0x00,
    0x00, 0x00, 0x00, 0x00, 0x00, 0x00, 0x00, 0x00, 0x00, 0x00, 0x00, 0x00,
    0x00, 0x00, 0x00, 0x00, 0x00, 0x00, 0x00, 0x00, 0x00, 0x00, 0x00, 0x00,
    0x00, 0x00, 0x00, 0x00, 0x00, 0x00, 0x00, 0x00, 0x00, 0x00, 0x00, 0x00,
    0x00, 0x00, 0x00, 0x00, 0x00, 0x00, 0x00, 0x00, 0x00, 0x00, 0x00, 0x00,
    0x00, 0x00, 0x00, 0x00, 0x00, 0x00, 0x00, 0x00, 0x00, 0x00, 0x00, 0x00,
    0x00, 0x00, 0x00, 0x00, 0x00, 0x00, 0x00, 0x00, 0x00, 0x00, 0x00, 0x00,
    0x00, 0x00, 0x00, 0x00, 0x00, 0x00, 0x00, 0x00, 0x00, 0x00, 0x00, 0x00,
    0x00, 0x00, 0x00, 0x00, 0x00, 0x00, 0x00, 0x00, 0x00, 0x00, 0x00, 0x00,
    0x00, 0x00, 0x00, 0x00, 0x00, 0x00, 0x00, 0x00, 0x00, 0x00, 0x00, 0x00,
    0x1e, 0x00, 0x00, 0x00, 0xe7, 0x8f, 0x5f, 0x37, 0x86, 0x91, 0x80, 0x37,
    0x1c, 0xee, 0x81, 0x37, 0x60, 0x40, 0xc2, 0x37, 0xcf, 0xbc, 0x83, 0x37,
    0x64, 0x27, 0x34, 0x37, 0x21, 0x02, 0x93, 0x37, 0xd7, 0xed, 0x4e, 0x37,
    0xf9, 0x3d, 0xf0, 0x36, 0x5f, 0x6e, 0x79, 0x37, 0xa3, 0x69, 0x69, 0x37,
    0xc4, 0xd8, 0x3e, 0x37, 0xe7, 0x41, 0x55, 0x37, 0x2c, 0x4c, 0x19, 0x37,
    0xff, 0x61, 0x06, 0x37, 0x0f, 0x5f, 0x30, 0x37, 0x0b, 0x6e, 0x54, 0x37,
    0xd2, 0xf6, 0x57, 0x37, 0xf1, 0xac, 0x3c, 0x37, 0x62, 0x73, 0x8d, 0x37,
    0xf8, 0x06, 0x56, 0x37, 0x9b, 0x84, 0x5c, 0x37, 0x02, 0x0b, 0x33, 0x37,
    0x6c, 0xb2, 0x03, 0x37, 0x9f, 0xfc, 0x83, 0x37, 0x06, 0x81, 0xbc, 0x36,
    0xc6, 0x24, 0x78, 0x37, 0xd8, 0x67, 0x60, 0x37, 0x29, 0xbc, 0x49, 0x37,
    0xaf, 0x08, 0xa7, 0x37, 0x13, 0x00, 0x00, 0x00, 0x74, 0x66, 0x6c, 0x2e,
    0x70, 0x73, 0x65, 0x75, 0x64, 0x6f, 0x5f, 0x71, 0x63, 0x6f, 0x6e, 0x73,
    0x74, 0x31, 0x38, 0x00, 0x01, 0x00, 0x00, 0x00, 0x1e, 0x00, 0x00, 0x00,
    0xde, 0xcd, 0xff, 0xff, 0x00, 0x00, 0x00, 0x01, 0x14, 0x00, 0x00, 0x00,
    0x94, 0x01, 0x00, 0x00, 0x19, 0x00, 0x00, 0x00, 0x00, 0x00, 0x00, 0x09,
    0xa0, 0x01, 0x00, 0x00, 0xc2, 0xdc, 0xff, 0xff, 0x03, 0x00, 0x00, 0x00,
    0x08, 0x00, 0x00, 0x00, 0xfc, 0x00, 0x00, 0x00, 0x1e, 0x00, 0x00, 0x00,
    0x00, 0x00, 0x00, 0x00, 0x00, 0x00, 0x00, 0x00, 0x00, 0x00, 0x00, 0x00,
    0x00, 0x00, 0x00, 0x00, 0x00, 0x00, 0x00, 0x00, 0x00, 0x00, 0x00, 0x00,
    0x00, 0x00, 0x00, 0x00, 0x00, 0x00, 0x00, 0x00, 0x00, 0x00, 0x00, 0x00,
    0x00, 0x00, 0x00, 0x00, 0x00, 0x00, 0x00, 0x00, 0x00, 0x00, 0x00, 0x00,
    0x00, 0x00, 0x00, 0x00, 0x00, 0x00, 0x00, 0x00, 0x00, 0x00, 0x00, 0x00,
    0x00, 0x00, 0x00, 0x00, 0x00, 0x00, 0x00, 0x00, 0x00, 0x00, 0x00, 0x00,
    0x00, 0x00, 0x00, 0x00, 0x00, 0x00, 0x00, 0x00, 0x00, 0x00, 0x00, 0x00,
    0x00, 0x00, 0x00, 0x00, 0x00, 0x00, 0x00, 0x00, 0x00, 0x00, 0x00, 0x00,
    0x00, 0x00, 0x00, 0x00, 0x00, 0x00, 0x00, 0x00, 0x00, 0x00, 0x00, 0x00,
    0x00, 0x00, 0x00, 0x00, 0x00, 0x00, 0x00, 0x00, 0x00, 0x00, 0x00, 0x00,
    0x00, 0x00, 0x00, 0x00, 0x00, 0x00, 0x00, 0x00, 0x00, 0x00, 0x00, 0x00,
    0x00, 0x00, 0x00, 0x00, 0x00, 0x00, 0x00, 0x00, 0x00, 0x00, 0x00, 0x00,
    0x00, 0x00, 0x00, 0x00, 0x00, 0x00, 0x00, 0x00, 0x00, 0x00, 0x00, 0x00,
    0x00, 0x00, 0x00, 0x00, 0x00, 0x00, 0x00, 0x00, 0x00, 0x00, 0x00, 0x00,
    0x00, 0x00, 0x00, 0x00, 0x00, 0x00, 0x00, 0x00, 0x00, 0x00, 0x00, 0x00,
    0x00, 0x00, 0x00, 0x00, 0x00, 0x00, 0x00, 0x00, 0x00, 0x00, 0x00, 0x00,
    0x00, 0x00, 0x00, 0x00, 0x00, 0x00, 0x00, 0x00, 0x00, 0x00, 0x00, 0x00,
    0x00, 0x00, 0x00, 0x00, 0x00, 0x00, 0x00, 0x00, 0x00, 0x00, 0x00, 0x00,
    0x00, 0x00, 0x00, 0x00, 0x00, 0x00, 0x00, 0x00, 0x00, 0x00, 0x00, 0x00,
    0x00, 0x00, 0x00, 0x00, 0x00, 0x00, 0x00, 0x00, 0x00, 0x00, 0x00, 0x00,
    0x00, 0x00, 0x00, 0x00, 0x1e, 0x00, 0x00, 0x00, 0xac, 0xde, 0xb5, 0x3a,
    0xaa, 0x29, 0x03, 0x3b, 0x87, 0x74, 0xc5, 0x3a, 0x5a, 0x53, 0x01, 0x3b,
    0xe1, 0x25, 0xdf, 0x3a, 0x62, 0x40, 0xf8, 0x3a, 0x55, 0x64, 0x2d, 0x3b,
    0x9c, 0x18, 0x19, 0x3b, 0x1d, 0x81, 0xd7, 0x3a, 0x69, 0xfd, 0x1e, 0x3b,
    0xe0, 0x16, 0xd9, 0x3a, 0x46, 0xb1, 0x13, 0x3b, 0xc9, 0x13, 0xe2, 0x3a,
    0x3a, 0xb9, 0x02, 0x3b, 0x56, 0x7e, 0x07, 0x3b, 0xfd, 0x10, 0x0d, 0x3b,
    0x5e, 0x71, 0x23, 0x3b, 0xed, 0xdc, 0x03, 0x3b, 0xd0, 0x6a, 0x2e, 0x3b,
    0x89, 0xd9, 0xed, 0x3a, 0xc5, 0x6e, 0x0c, 0x3b, 0xec, 0xd9, 0x19, 0x3b,
    0x44, 0x4c, 0x3a, 0x3b, 0xfd, 0xfa, 0xe1, 0x3a, 0x7f, 0x29, 0x8b, 0x3a,
    0x29, 0xd6, 0xdd, 0x3a, 0x39, 0xe2, 0xa5, 0x3a, 0x56, 0x57, 0xc4, 0x3a,
    0x3e, 0x50, 0x2c, 0x3b, 0x79, 0x4a, 0x04, 0x3b, 0x13, 0x00, 0x00, 0x00,
    0x74, 0x66, 0x6c, 0x2e, 0x70, 0x73, 0x65, 0x75, 0x64, 0x6f, 0x5f, 0x71,
    0x63, 0x6f, 0x6e, 0x73, 0x74, 0x31, 0x37, 0x00, 0x04, 0x00, 0x00, 0x00,
    0x01, 0x00, 0x00, 0x00, 0x05, 0x00, 0x00, 0x00, 0x01, 0x00, 0x00, 0x00,
    0x1e, 0x00, 0x00, 0x00, 0xaa, 0xcf, 0xff, 0xff, 0x00, 0x00, 0x00, 0x01,
    0x14, 0x00, 0x00, 0x00, 0x8c, 0x01, 0x00, 0x00, 0x18, 0x00, 0x00, 0x00,
    0x00, 0x00, 0x00, 0x02, 0x98, 0x01, 0x00, 0x00, 0x94, 0xcf, 0xff, 0xff,
    0x08, 0x00, 0x00, 0x00, 0xf8, 0x00, 0x00, 0x00, 0x1e, 0x00, 0x00, 0x00,
    0x00, 0x00, 0x00, 0x00, 0x00, 0x00, 0x00, 0x00, 0x00, 0x00, 0x00, 0x00,
    0x00, 0x00, 0x00, 0x00, 0x00, 0x00, 0x00, 0x00, 0x00, 0x00, 0x00, 0x00,
    0x00, 0x00, 0x00, 0x00, 0x00, 0x00, 0x00, 0x00, 0x00, 0x00, 0x00, 0x00,
    0x00, 0x00, 0x00, 0x00, 0x00, 0x00, 0x00, 0x00, 0x00, 0x00, 0x00, 0x00,
    0x00, 0x00, 0x00, 0x00, 0x00, 0x00, 0x00, 0x00, 0x00, 0x00, 0x00, 0x00,
    0x00, 0x00, 0x00, 0x00, 0x00, 0x00, 0x00, 0x00, 0x00, 0x00, 0x00, 0x00,
    0x00, 0x00, 0x00, 0x00, 0x00, 0x00, 0x00, 0x00, 0x00, 0x00, 0x00, 0x00,
    0x00, 0x00, 0x00, 0x00, 0x00, 0x00, 0x00, 0x00, 0x00, 0x00, 0x00, 0x00,
    0x00, 0x00, 0x00, 0x00, 0x00, 0x00, 0x00, 0x00, 0x00, 0x00, 0x00, 0x00,
    0x00, 0x00, 0x00, 0x00, 0x00, 0x00, 0x00, 0x00, 0x00, 0x00, 0x00, 0x00,
    0x00, 0x00, 0x00, 0x00, 0x00, 0x00, 0x00, 0x00, 0x00, 0x00, 0x00, 0x00,
    0x00, 0x00, 0x00, 0x00, 0x00, 0x00, 0x00, 0x00, 0x00, 0x00, 0x00, 0x00,
    0x00, 0x00, 0x00, 0x00, 0x00, 0x00, 0x00, 0x00, 0x00, 0x00, 0x00, 0x00,
    0x00, 0x00, 0x00, 0x00, 0x00, 0x00, 0x00, 0x00, 0x00, 0x00, 0x00, 0x00,
    0x00, 0x00, 0x00, 0x00, 0x00, 0x00, 0x00, 0x00, 0x00, 0x00, 0x00, 0x00,
    0x00, 0x00, 0x00, 0x00, 0x00, 0x00, 0x00, 0x00, 0x00, 0x00, 0x00, 0x00,
    0x00, 0x00, 0x00, 0x00, 0x00, 0x00, 0x00, 0x00, 0x00, 0x00, 0x00, 0x00,
    0x00, 0x00, 0x00, 0x00, 0x00, 0x00, 0x00, 0x00, 0x00, 0x00, 0x00, 0x00,
    0x00, 0x00, 0x00, 0x00, 0x00, 0x00, 0x00, 0x00, 0x00, 0x00, 0x00, 0x00,
    0x00, 0x00, 0x00, 0x00, 0x00, 0x00, 0x00, 0x00, 0x00, 0x00, 0x00, 0x00,
    0x1e, 0x00, 0x00, 0x00, 0x69, 0x1c, 0xb3, 0x37, 0x51, 0x2c, 0x01, 0x38,
    0xbe, 0x75, 0xc2, 0x37, 0x46, 0xba, 0xfe, 0x37, 0x52, 0xc3, 0xdb, 0x37,
    0x57, 0x7c, 0xf4, 0x37, 0xfe, 0xc2, 0x2a, 0x38, 0x16, 0xc6, 0x16, 0x38,
    0x3d, 0x3c, 0xd4, 0x37, 0x00, 0x94, 0x1c, 0x38, 0xd8, 0xcb, 0xd5, 0x37,
    0xbc, 0x73, 0x11, 0x38, 0xda, 0xa5, 0xde, 0x37, 0x95, 0xbd, 0x00, 0x38,
    0x2b, 0x70, 0x05, 0x38, 0x2e, 0xed, 0x0a, 0x38, 0xaa, 0xf6, 0x20, 0x38,
    0xdc, 0xdc, 0x01, 0x38, 0x7e, 0xc5, 0x2b, 0x38, 0xe3, 0x3d, 0xea, 0x37,
    0x6c, 0x4d, 0x0a, 0x38, 0x77, 0x84, 0x17, 0x38, 0xcf, 0x78, 0x37, 0x38,
    0x6e, 0x8d, 0xde, 0x37, 0x15, 0x0d, 0x89, 0x37, 0xb2, 0x78, 0xda, 0x37,
    0x0b, 0x5e, 0xa3, 0x37, 0xe1, 0x5c, 0xc1, 0x37, 0x18, 0xb3, 0x29, 0x38,
    0xbe, 0x48, 0x02, 0x38, 0x13, 0x00, 0x00, 0x00, 0x74, 0x66, 0x6c, 0x2e,
    0x70, 0x73, 0x65, 0x75, 0x64, 0x6f, 0x5f, 0x71, 0x63, 0x6f, 0x6e, 0x73,
    0x74, 0x31, 0x36, 0x00, 0x01, 0x00, 0x00, 0x00, 0x1e, 0x00, 0x00, 0x00,
    0x62, 0xd1, 0xff, 0xff, 0x00, 0x00, 0x00, 0x01, 0x14, 0x00, 0x00, 0x00,
    0xf8, 0x02, 0x00, 0x00, 0x17, 0x00, 0x00, 0x00, 0x00, 0x00, 0x00, 0x09,
    0x04, 0x03, 0x00, 0x00, 0x4c, 0xd1, 0xff, 0xff, 0x08, 0x00, 0x00, 0x00,
    0xec, 0x01, 0x00, 0x00, 0x3c, 0x00, 0x00, 0x00, 0x00, 0x00, 0x00, 0x00,
    0x00, 0x00, 0x00, 0x00, 0x00, 0x00, 0x00, 0x00, 0x00, 0x00, 0x00, 0x00,
    0x00, 0x00, 0x00, 0x00, 0x00, 0x00, 0x00, 0x00, 0x00, 0x00, 0x00, 0x00,
    0x00, 0x00, 0x00, 0x00, 0x00, 0x00, 0x00, 0x00, 0x00, 0x00, 0x00, 0x00,
    0x00, 0x00, 0x00, 0x00, 0x00, 0x00, 0x00, 0x00, 0x00, 0x00, 0x00, 0x00,
    0x00, 0x00, 0x00, 0x00, 0x00, 0x00, 0x00, 0x00, 0x00, 0x00, 0x00, 0x00,
    0x00, 0x00, 0x00, 0x00, 0x00, 0x00, 0x00, 0x00, 0x00, 0x00, 0x00, 0x00,
    0x00, 0x00, 0x00, 0x00, 0x00, 0x00, 0x00, 0x00, 0x00, 0x00, 0x00, 0x00,
    0x00, 0x00, 0x00, 0x00, 0x00, 0x00, 0x00, 0x00, 0x00, 0x00, 0x00, 0x00,
    0x00, 0x00, 0x00, 0x00, 0x00, 0x00, 0x00, 0x00, 0x00, 0x00, 0x00, 0x00,
    0x00, 0x00, 0x00, 0x00, 0x00, 0x00, 0x00, 0x00, 0x00, 0x00, 0x00, 0x00,
    0x00, 0x00, 0x00, 0x00, 0x00, 0x00, 0x00, 0x00, 0x00, 0x00, 0x00, 0x00,
    0x00, 0x00, 0x00, 0x00, 0x00, 0x00, 0x00, 0x00, 0x00, 0x00, 0x00, 0x00,
    0x00, 0x00, 0x00, 0x00, 0x00, 0x00, 0x00, 0x00, 0x00, 0x00, 0x00, 0x00,
    0x00, 0x00, 0x00, 0x00, 0x00, 0x00, 0x00, 0x00, 0x00, 0x00, 0x00, 0x00,
    0x00, 0x00, 0x00, 0x00, 0x00, 0x00, 0x00, 0x00, 0x00, 0x00, 0x00, 0x00,
    0x00, 0x00, 0x00, 0x00, 0x00, 0x00, 0x00, 0x00, 0x00, 0x00, 0x00, 0x00,
    0x00, 0x00, 0x00, 0x00, 0x00, 0x00, 0x00, 0x00, 0x00, 0x00, 0x00, 0x00,
    0x00, 0x00, 0x00, 0x00, 0x00, 0x00, 0x00, 0x00, 0x00, 0x00, 0x00, 0x00,
    0x00, 0x00, 0x00, 0x00, 0x00, 0x00, 0x00, 0x00, 0x00, 0x00, 0x00, 0x00,
    0x00, 0x00, 0x00, 0x00, 0x00, 0x00, 0x00, 0x00, 0x00, 0x00, 0x00, 0x00,
    0x00, 0x00, 0x00, 0x00, 0x00, 0x00, 0x00, 0x00, 0x00, 0x00, 0x00, 0x00,
    0x00, 0x00, 0x00, 0x00, 0x00, 0x00, 0x00, 0x00, 0x00, 0x00, 0x00, 0x00,
    0x00, 0x00, 0x00, 0x00, 0x00, 0x00, 0x00, 0x00, 0x00, 0x00, 0x00, 0x00,
    0x00, 0x00, 0x00, 0x00, 0x00, 0x00, 0x00, 0x00, 0x00, 0x00, 0x00, 0x00,
    0x00, 0x00, 0x00, 0x00, 0x00, 0x00, 0x00, 0x00, 0x00, 0x00, 0x00, 0x00,
    0x00, 0x00, 0x00, 0x00, 0x00, 0x00, 0x00, 0x00, 0x00, 0x00, 0x00, 0x00,
    0x00, 0x00, 0x00, 0x00, 0x00, 0x00, 0x00, 0x00, 0x00, 0x00, 0x00, 0x00,
    0x00, 0x00, 0x00, 0x00, 0x00, 0x00, 0x00, 0x00, 0x00, 0x00, 0x00, 0x00,
    0x00, 0x00, 0x00, 0x00, 0x00, 0x00, 0x00, 0x00, 0x00, 0x00, 0x00, 0x00,
    0x00, 0x00, 0x00, 0x00, 0x00, 0x00, 0x00, 0x00, 0x00, 0x00, 0x00, 0x00,
    0x00, 0x00, 0x00, 0x00, 0x00, 0x00, 0x00, 0x00, 0x00, 0x00, 0x00, 0x00,
    0x00, 0x00, 0x00, 0x00, 0x00, 0x00, 0x00, 0x00, 0x00, 0x00, 0x00, 0x00,
    0x00, 0x00, 0x00, 0x00, 0x00, 0x00, 0x00, 0x00, 0x00, 0x00, 0x00, 0x00,
    0x00, 0x00, 0x00, 0x00, 0x00, 0x00, 0x00, 0x00, 0x00, 0x00, 0x00, 0x00,
    0x00, 0x00, 0x00, 0x00, 0x00, 0x00, 0x00, 0x00, 0x00, 0x00, 0x00, 0x00,
    0x00, 0x00, 0x00, 0x00, 0x00, 0x00, 0x00, 0x00, 0x00, 0x00, 0x00, 0x00,
    0x00, 0x00, 0x00, 0x00, 0x00, 0x00, 0x00, 0x00, 0x00, 0x00, 0x00, 0x00,
    0x00, 0x00, 0x00, 0x00, 0x00, 0x00, 0x00, 0x00, 0x00, 0x00, 0x00, 0x00,
    0x00, 0x00, 0x00, 0x00, 0x00, 0x00, 0x00, 0x00, 0x00, 0x00, 0x00, 0x00,
    0x00, 0x00, 0x00, 0x00, 0x00, 0x00, 0x00, 0x00, 0x00, 0x00, 0x00, 0x00,
    0x3c, 0x00, 0x00, 0x00, 0xa8, 0xe2, 0xb8, 0x3c, 0x0d, 0x87, 0x8d, 0x3c,
    0x90, 0x59, 0x5b, 0x3c, 0x78, 0x3f, 0x84, 0x3c, 0xdd, 0x0b, 0xbf, 0x3c,
    0x46, 0xf8, 0x4d, 0x3c, 0xe6, 0xc3, 0x83, 0x3c, 0xcd, 0x03, 0x1a, 0x3c,
    0x51, 0x60, 0x9e, 0x3c, 0x10, 0xe9, 0xcc, 0x3c, 0xb1, 0xcc, 0x89, 0x3c,
    0x62, 0x35, 0x74, 0x3c, 0x49, 0x21, 0x83, 0x3c, 0xf2, 0x28, 0x6d, 0x3c,
    0xd9, 0xbe, 0xb6, 0x3c, 0xb1, 0xb2, 0x01, 0x3d, 0x17, 0x3d, 0x7b, 0x3c,
    0xfe, 0x7c, 0x6a, 0x3c, 0x98, 0x70, 0x6e, 0x3c, 0xe7, 0x40, 0x95, 0x3c,
    0x2c, 0x62, 0x9c, 0x3c, 0xec, 0xb9, 0x77, 0x3c, 0x19, 0xd1, 0x9a, 0x3c,
    0x20, 0x02, 0x2b, 0x3c, 0xc2, 0x5b, 0x31, 0x3c, 0xf3, 0x73, 0x7a, 0x3c,
    0xf4, 0x01, 0x8f, 0x3c, 0x27, 0x36, 0x7e, 0x3c, 0x01, 0x0e, 0x05, 0x3c,
    0x25, 0xc8, 0xa0, 0x3c, 0x39, 0x23, 0xf0, 0x3c, 0x8b, 0x1c, 0x5e, 0x3c,
    0x20, 0x39, 0x81, 0x3c, 0xea, 0xa6, 0xf9, 0x3c, 0xea, 0xdd, 0x83, 0x3c,
    0x53, 0xfe, 0x97, 0x3c, 0xb0, 0x5e, 0x88, 0x3c, 0xd6, 0x0e, 0x14, 0x3c,
    0xa8, 0xd8, 0x5c, 0x3c, 0x2d, 0xa7, 0xb7, 0x3c, 0x46, 0x5a, 0x9c, 0x3c,
    0x1c, 0x97, 0xf4, 0x3c, 0xa8, 0xb4, 0xe0, 0x3c, 0xbf, 0xe8, 0x54, 0x3c,
    0xbc, 0x4a, 0xb9, 0x3c, 0x6f, 0x96, 0x9b, 0x3c, 0xec, 0xbf, 0x68, 0x3c,
    0xc7, 0xea, 0x2b, 0x3c, 0xf8, 0x9f, 0x5a, 0x3c, 0xab, 0xda, 0x83, 0x3c,
    0x0c, 0xe7, 0x4b, 0x3c, 0xcf, 0x13, 0xa3, 0x3c, 0xa5, 0x24, 0x55, 0x3c,
    0x53, 0x21, 0x88, 0x3c, 0x2a, 0x40, 0x98, 0x3c, 0x30, 0xd7, 0x71, 0x3c,
    0x80, 0xf3, 0x87, 0x3c, 0xbb, 0x09, 0x8b, 0x3c, 0xc6, 0xc6, 0x30, 0x3c,
    0x0c, 0x5d, 0x07, 0x3d, 0x13, 0x00, 0x00, 0x00, 0x74, 0x66, 0x6c, 0x2e,
    0x70, 0x73, 0x65, 0x75, 0x64, 0x6f, 0x5f, 0x71, 0x63, 0x6f, 0x6e, 0x73,
    0x74, 0x31, 0x35, 0x00, 0x04, 0x00, 0x00, 0x00, 0x3c, 0x00, 0x00, 0x00,
    0x01, 0x00, 0x00, 0x00, 0x01, 0x00, 0x00, 0x00, 0x1e, 0x00, 0x00, 0x00,
    0x92, 0xd4, 0xff, 0xff, 0x00, 0x00, 0x00, 0x01, 0x14, 0x00, 0x00, 0x00,
    0xf8, 0x02, 0x00, 0x00, 0x16, 0x00, 0x00, 0x00, 0x00, 0x00, 0x00, 0x02,
    0x04, 0x03, 0x00, 0x00, 0x7c, 0xd4, 0xff, 0xff, 0x08, 0x00, 0x00, 0x00,
    0xec, 0x01, 0x00, 0x00, 0x3c, 0x00, 0x00, 0x00, 0x00, 0x00, 0x00, 0x00,
    0x00, 0x00, 0x00, 0x00, 0x00, 0x00, 0x00, 0x00, 0x00, 0x00, 0x00, 0x00,
    0x00, 0x00, 0x00, 0x00, 0x00, 0x00, 0x00, 0x00, 0x00, 0x00, 0x00, 0x00,
    0x00, 0x00, 0x00, 0x00, 0x00, 0x00, 0x00, 0x00, 0x00, 0x00, 0x00, 0x00,
    0x00, 0x00, 0x00, 0x00, 0x00, 0x00, 0x00, 0x00, 0x00, 0x00, 0x00, 0x00,
    0x00, 0x00, 0x00, 0x00, 0x00, 0x00, 0x00, 0x00, 0x00, 0x00, 0x00, 0x00,
    0x00, 0x00, 0x00, 0x00, 0x00, 0x00, 0x00, 0x00, 0x00, 0x00, 0x00, 0x00,
    0x00, 0x00, 0x00, 0x00, 0x00, 0x00, 0x00, 0x00, 0x00, 0x00, 0x00, 0x00,
    0x00, 0x00, 0x00, 0x00, 0x00, 0x00, 0x00, 0x00, 0x00, 0x00, 0x00, 0x00,
    0x00, 0x00, 0x00, 0x00, 0x00, 0x00, 0x00, 0x00, 0x00, 0x00, 0x00, 0x00,
    0x00, 0x00, 0x00, 0x00, 0x00, 0x00, 0x00, 0x00, 0x00, 0x00, 0x00, 0x00,
    0x00, 0x00, 0x00, 0x00, 0x00, 0x00, 0x00, 0x00, 0x00, 0x00, 0x00, 0x00,
    0x00, 0x00, 0x00, 0x00, 0x00, 0x00, 0x00, 0x00, 0x00, 0x00, 0x00, 0x00,
    0x00, 0x00, 0x00, 0x00, 0x00, 0x00, 0x00, 0x00, 0x00, 0x00, 0x00, 0x00,
    0x00, 0x00, 0x00, 0x00, 0x00, 0x00, 0x00, 0x00, 0x00, 0x00, 0x00, 0x00,
    0x00, 0x00, 0x00, 0x00, 0x00, 0x00, 0x00, 0x00, 0x00, 0x00, 0x00, 0x00,
    0x00, 0x00, 0x00, 0x00, 0x00, 0x00, 0x00, 0x00, 0x00, 0x00, 0x00, 0x00,
    0x00, 0x00, 0x00, 0x00, 0x00, 0x00, 0x00, 0x00, 0x00, 0x00, 0x00, 0x00,
    0x00, 0x00, 0x00, 0x00, 0x00, 0x00, 0x00, 0x00, 0x00, 0x00, 0x00, 0x00,
    0x00, 0x00, 0x00, 0x00, 0x00, 0x00, 0x00, 0x00, 0x00, 0x00, 0x00, 0x00,
    0x00, 0x00, 0x00, 0x00, 0x00, 0x00, 0x00, 0x00, 0x00, 0x00, 0x00, 0x00,
    0x00, 0x00, 0x00, 0x00, 0x00, 0x00, 0x00, 0x00, 0x00, 0x00, 0x00, 0x00,
    0x00, 0x00, 0x00, 0x00, 0x00, 0x00, 0x00, 0x00, 0x00, 0x00, 0x00, 0x00,
    0x00, 0x00, 0x00, 0x00, 0x00, 0x00, 0x00, 0x00, 0x00, 0x00, 0x00, 0x00,
    0x00, 0x00, 0x00, 0x00, 0x00, 0x00, 0x00, 0x00, 0x00, 0x00, 0x00, 0x00,
    0x00, 0x00, 0x00, 0x00, 0x00, 0x00, 0x00, 0x00, 0x00, 0x00, 0x00, 0x00,
    0x00, 0x00, 0x00, 0x00, 0x00, 0x00, 0x00, 0x00, 0x00, 0x00, 0x00, 0x00,
    0x00, 0x00, 0x00, 0x00, 0x00, 0x00, 0x00, 0x00, 0x00, 0x00, 0x00, 0x00,
    0x00, 0x00, 0x00, 0x00, 0x00, 0x00, 0x00, 0x00, 0x00, 0x00, 0x00, 0x00,
    0x00, 0x00, 0x00, 0x00, 0x00, 0x00, 0x00, 0x00, 0x00, 0x00, 0x00, 0x00,
    0x00, 0x00, 0x00, 0x00, 0x00, 0x00, 0x00, 0x00, 0x00, 0x00, 0x00, 0x00,
    0x00, 0x00, 0x00, 0x00, 0x00, 0x00, 0x00, 0x00, 0x00, 0x00, 0x00, 0x00,
    0x00, 0x00, 0x00, 0x00, 0x00, 0x00, 0x00, 0x00, 0x00, 0x00, 0x00, 0x00,
    0x00, 0x00, 0x00, 0x00, 0x00, 0x00, 0x00, 0x00, 0x00, 0x00, 0x00, 0x00,
    0x00, 0x00, 0x00, 0x00, 0x00, 0x00, 0x00, 0x00, 0x00, 0x00, 0x00, 0x00,
    0x00, 0x00, 0x00, 0x00, 0x00, 0x00, 0x00, 0x00, 0x00, 0x00, 0x00, 0x00,
    0x00, 0x00, 0x00, 0x00, 0x00, 0x00, 0x00, 0x00, 0x00, 0x00, 0x00, 0x00,
    0x00, 0x00, 0x00, 0x00, 0x00, 0x00, 0x00, 0x00, 0x00, 0x00, 0x00, 0x00,
    0x00, 0x00, 0x00, 0x00, 0x00, 0x00, 0x00, 0x00, 0x00, 0x00, 0x00, 0x00,
    0x00, 0x00, 0x00, 0x00, 0x00, 0x00, 0x00, 0x00, 0x00, 0x00, 0x00, 0x00,
    0x00, 0x00, 0x00, 0x00, 0x00, 0x00, 0x00, 0x00, 0x00, 0x00, 0x00, 0x00,
    0x3c, 0x00, 0x00, 0x00, 0xa7, 0x94, 0x6c, 0x39, 0x84, 0x19, 0x35, 0x39,
    0x41, 0x57, 0x0c, 0x39, 0xb4, 0x39, 0x29, 0x39, 0xdc, 0x76, 0x74, 0x39,
    0xbe, 0xc7, 0x03, 0x39, 0x95, 0x9b, 0x28, 0x39, 0x1a, 0x14, 0xc5, 0x38,
    0xce, 0xa8, 0x4a, 0x39, 0x38, 0x1a, 0x83, 0x39, 0x50, 0x54, 0x30, 0x39,
    0xd9, 0x3e, 0x1c, 0x39, 0x81, 0xcb, 0x27, 0x39, 0x5d, 0xbc, 0x17, 0x39,
    0xac, 0xd7, 0x69, 0x39, 0x68, 0xf6, 0xa5, 0x39, 0x4f, 0xbe, 0x20, 0x39,
    0xc5, 0x06, 0x16, 0x39, 0xff, 0x8d, 0x18, 0x39, 0x64, 0xfc, 0x3e, 0x39,
    0x05, 0x1c, 0x48, 0x39, 0x05, 0x7f, 0x1e, 0x39, 0xcd, 0x1a, 0x46, 0x39,
    0xcf, 0xd2, 0xda, 0x38, 0xfb, 0xf2, 0xe2, 0x38, 0x9e, 0x3d, 0x20, 0x39,
    0x5d, 0xfe, 0x36, 0x39, 0x3d, 0xa5, 0x22, 0x39, 0xfd, 0x41, 0xaa, 0x38,
    0xd2, 0xbc, 0x4d, 0x39, 0x12, 0xa4, 0x99, 0x39, 0x95, 0x1b, 0x0e, 0x39,
    0xd9, 0x5a, 0x25, 0x39, 0x70, 0xba, 0x9f, 0x39, 0xe0, 0xbc, 0x28, 0x39,
    0xef, 0x7d, 0x42, 0x39, 0xf8, 0x7f, 0x2e, 0x39, 0xbf, 0x74, 0xbd, 0x38,
    0x5c, 0x4c, 0x0d, 0x39, 0xf6, 0x00, 0x6b, 0x39, 0xe9, 0x11, 0x48, 0x39,
    0x60, 0x7d, 0x9c, 0x39, 0x7c, 0xc4, 0x8f, 0x39, 0x56, 0x38, 0x08, 0x39,
    0xd5, 0x19, 0x6d, 0x39, 0x50, 0x17, 0x47, 0x39, 0x03, 0xea, 0x14, 0x39,
    0x83, 0xfc, 0xdb, 0x38, 0x83, 0xe0, 0x0b, 0x39, 0xb8, 0xb8, 0x28, 0x39,
    0x24, 0x75, 0x02, 0x39, 0xcd, 0xac, 0x50, 0x39, 0xa9, 0x5e, 0x08, 0x39,
    0x73, 0x31, 0x2e, 0x39, 0x2f, 0xd2, 0x42, 0x39, 0x01, 0xbb, 0x1a, 0x39,
    0xd0, 0xf6, 0x2d, 0x39, 0xff, 0xe9, 0x31, 0x39, 0x57, 0x34, 0xe2, 0x38,
    0x4b, 0x36, 0xad, 0x39, 0x13, 0x00, 0x00, 0x00, 0x74, 0x66, 0x6c, 0x2e,
    0x70, 0x73, 0x65, 0x75, 0x64, 0x6f, 0x5f, 0x71, 0x63, 0x6f, 0x6e, 0x73,
    0x74, 0x31, 0x34, 0x00, 0x01, 0x00, 0x00, 0x00, 0x3c, 0x00, 0x00, 0x00,
    0xb6, 0xd7, 0xff, 0xff, 0x00, 0x00, 0x00, 0x01, 0x14, 0x00, 0x00, 0x00,
    0xfc, 0x02, 0x00, 0x00, 0x15, 0x00, 0x00, 0x00, 0x00, 0x00, 0x00, 0x09,
    0x08, 0x03, 0x00, 0x00, 0x9a, 0xe6, 0xff, 0xff, 0x03, 0x00, 0x00, 0x00,
    0x08, 0x00, 0x00, 0x00, 0xec, 0x01, 0x00, 0x00, 0x3c, 0x00, 0x00, 0x00,
    0x00, 0x00, 0x00, 0x00, 0x00, 0x00, 0x00, 0x00, 0x00, 0x00, 0x00, 0x00,
    0x00, 0x00, 0x00, 0x00, 0x00, 0x00, 0x00, 0x00, 0x00, 0x00, 0x00, 0x00,
    0x00, 0x00, 0x00, 0x00, 0x00, 0x00, 0x00, 0x00, 0x00, 0x00, 0x00, 0x00,
    0x00, 0x00, 0x00, 0x00, 0x00, 0x00, 0x00, 0x00, 0x00, 0x00, 0x00, 0x00,
    0x00, 0x00, 0x00, 0x00, 0x00, 0x00, 0x00, 0x00, 0x00, 0x00, 0x00, 0x00,
    0x00, 0x00, 0x00, 0x00, 0x00, 0x00, 0x00, 0x00, 0x00, 0x00, 0x00, 0x00,
    0x00, 0x00, 0x00, 0x00, 0x00, 0x00, 0x00, 0x00, 0x00, 0x00, 0x00, 0x00,
    0x00, 0x00, 0x00, 0x00, 0x00, 0x00, 0x00, 0x00, 0x00, 0x00, 0x00, 0x00,
    0x00, 0x00, 0x00, 0x00, 0x00, 0x00, 0x00, 0x00, 0x00, 0x00, 0x00, 0x00,
    0x00, 0x00, 0x00, 0x00, 0x00, 0x00, 0x00, 0x00, 0x00, 0x00, 0x00, 0x00,
    0x00, 0x00, 0x00, 0x00, 0x00, 0x00, 0x00, 0x00, 0x00, 0x00, 0x00, 0x00,
    0x00, 0x00, 0x00, 0x00, 0x00, 0x00, 0x00, 0x00, 0x00, 0x00, 0x00, 0x00,
    0x00, 0x00, 0x00, 0x00, 0x00, 0x00, 0x00, 0x00, 0x00, 0x00, 0x00, 0x00,
    0x00, 0x00, 0x00, 0x00, 0x00, 0x00, 0x00, 0x00, 0x00, 0x00, 0x00, 0x00,
    0x00, 0x00, 0x00, 0x00, 0x00, 0x00, 0x00, 0x00, 0x00, 0x00, 0x00, 0x00,
    0x00, 0x00, 0x00, 0x00, 0x00, 0x00, 0x00, 0x00, 0x00, 0x00, 0x00, 0x00,
    0x00, 0x00, 0x00, 0x00, 0x00, 0x00, 0x00, 0x00, 0x00, 0x00, 0x00, 0x00,
    0x00, 0x00, 0x00, 0x00, 0x00, 0x00, 0x00, 0x00, 0x00, 0x00, 0x00, 0x00,
    0x00, 0x00, 0x00, 0x00, 0x00, 0x00, 0x00, 0x00, 0x00, 0x00, 0x00, 0x00,
    0x00, 0x00, 0x00, 0x00, 0x00, 0x00, 0x00, 0x00, 0x00, 0x00, 0x00, 0x00,
    0x00, 0x00, 0x00, 0x00, 0x00, 0x00, 0x00, 0x00, 0x00, 0x00, 0x00, 0x00,
    0x00, 0x00, 0x00, 0x00, 0x00, 0x00, 0x00, 0x00, 0x00, 0x00, 0x00, 0x00,
    0x00, 0x00, 0x00, 0x00, 0x00, 0x00, 0x00, 0x00, 0x00, 0x00, 0x00, 0x00,
    0x00, 0x00, 0x00, 0x00, 0x00, 0x00, 0x00, 0x00, 0x00, 0x00, 0x00, 0x00,
    0x00, 0x00, 0x00, 0x00, 0x00, 0x00, 0x00, 0x00, 0x00, 0x00, 0x00, 0x00,
    0x00, 0x00, 0x00, 0x00, 0x00, 0x00, 0x00, 0x00, 0x00, 0x00, 0x00, 0x00,
    0x00, 0x00, 0x00, 0x00, 0x00, 0x00, 0x00, 0x00, 0x00, 0x00, 0x00, 0x00,
    0x00, 0x00, 0x00, 0x00, 0x00, 0x00, 0x00, 0x00, 0x00, 0x00, 0x00, 0x00,
    0x00, 0x00, 0x00, 0x00, 0x00, 0x00, 0x00, 0x00, 0x00, 0x00, 0x00, 0x00,
    0x00, 0x00, 0x00, 0x00, 0x00, 0x00, 0x00, 0x00, 0x00, 0x00, 0x00, 0x00,
    0x00, 0x00, 0x00, 0x00, 0x00, 0x00, 0x00, 0x00, 0x00, 0x00, 0x00, 0x00,
    0x00, 0x00, 0x00, 0x00, 0x00, 0x00, 0x00, 0x00, 0x00, 0x00, 0x00, 0x00,
    0x00, 0x00, 0x00, 0x00, 0x00, 0x00, 0x00, 0x00, 0x00, 0x00, 0x00, 0x00,
    0x00, 0x00, 0x00, 0x00, 0x00, 0x00, 0x00, 0x00, 0x00, 0x00, 0x00, 0x00,
    0x00, 0x00, 0x00, 0x00, 0x00, 0x00, 0x00, 0x00, 0x00, 0x00, 0x00, 0x00,
    0x00, 0x00, 0x00, 0x00, 0x00, 0x00, 0x00, 0x00, 0x00, 0x00, 0x00, 0x00,
    0x00, 0x00, 0x00, 0x00, 0x00, 0x00, 0x00, 0x00, 0x00, 0x00, 0x00, 0x00,
    0x00, 0x00, 0x00, 0x00, 0x00, 0x00, 0x00, 0x00, 0x00, 0x00, 0x00, 0x00,
    0x00, 0x00, 0x00, 0x00, 0x00, 0x00, 0x00, 0x00, 0x00, 0x00, 0x00, 0x00,
    0x00, 0x00, 0x00, 0x00, 0x00, 0x00, 0x00, 0x00, 0x00, 0x00, 0x00, 0x00,
    0x00, 0x00, 0x00, 0x00, 0x3c, 0x00, 0x00, 0x00, 0x8c, 0x86, 0xe7, 0x3a,
    0x53, 0x27, 0x08, 0x3b, 0xa9, 0xb7, 0xbe, 0x3a, 0x0b, 0x5c, 0xfb, 0x3a,
    0x92, 0x7a, 0x05, 0x3b, 0x9d, 0x25, 0x81, 0x3a, 0x2a, 0xef, 0xb3, 0x3a,
    0xbb, 0xe4, 0x8a, 0x3a, 0x37, 0x70, 0xe4, 0x3a, 0x6f, 0xc0, 0xfd, 0x3a,
    0xbe, 0x4d, 0x9f, 0x3a, 0x7c, 0x1a, 0xd8, 0x3a, 0xf4, 0x2a, 0x9c, 0x3a,
    0x81, 0xd6, 0x26, 0x3b, 0xb7, 0x34, 0xf0, 0x3a, 0x37, 0x2f, 0x14, 0x3b,
    0xb2, 0xa5, 0x3c, 0x3b, 0xa9, 0x2d, 0xcc, 0x3a, 0x2a, 0x65, 0xb2, 0x3a,
    0x48, 0xb2, 0xef, 0x3a, 0x9e, 0x8d, 0x11, 0x3b, 0xcb, 0xcf, 0xdb, 0x3a,
    0x71, 0x87, 0xd2, 0x3a, 0x15, 0xad, 0xc1, 0x3a, 0x8f, 0x40, 0xdf, 0x3a,
    0xc3, 0x6f, 0xb2, 0x3a, 0x19, 0x8f, 0x96, 0x3a, 0x61, 0x70, 0xf1, 0x3a,
    0xb5, 0xf7, 0xa7, 0x3a, 0xc8, 0x17, 0xd2, 0x3a, 0x1a, 0x94, 0x53, 0x3b,
    0xfc, 0xfe, 0xd4, 0x3a, 0x0a, 0xc5, 0x02, 0x3b, 0x62, 0x3a, 0xdb, 0x3a,
    0xff, 0x1f, 0xfb, 0x3a, 0xa4, 0x1a, 0xc0, 0x3a, 0xb2, 0xc5, 0xd0, 0x3a,
    0x8e, 0xd1, 0x9c, 0x3a, 0x88, 0x0a, 0xdc, 0x3a, 0x47, 0xe9, 0xe3, 0x3a,
    0xab, 0x1c, 0x02, 0x3b, 0x92, 0xa8, 0xc6, 0x3a, 0xd3, 0xf8, 0xcc, 0x3a,
    0x08, 0x39, 0xfb, 0x3a, 0xf7, 0xb8, 0xa9, 0x3a, 0x13, 0x6d, 0x04, 0x3b,
    0x24, 0x3c, 0x6d, 0x3a, 0xb2, 0x9b, 0xe0, 0x3a, 0x1a, 0xe3, 0x86, 0x3b,
    0xa3, 0x9b, 0x59, 0x3b, 0x3e, 0x31, 0xcf, 0x3a, 0xbe, 0xed, 0xe6, 0x3a,
    0x7b, 0x95, 0x89, 0x3a, 0x0b, 0x73, 0xf9, 0x3a, 0x82, 0x3d, 0xd9, 0x3a,
    0x1b, 0x8d, 0xc4, 0x3a, 0xf2, 0xff, 0xef, 0x3a, 0x90, 0x3d, 0xe0, 0x3a,
    0x93, 0x72, 0x03, 0x3b, 0x82, 0xf3, 0x0f, 0x3b, 0x13, 0x00, 0x00, 0x00,
    0x74, 0x66, 0x6c, 0x2e, 0x70, 0x73, 0x65, 0x75, 0x64, 0x6f, 0x5f, 0x71,
    0x63, 0x6f, 0x6e, 0x73, 0x74, 0x31, 0x33, 0x00, 0x04, 0x00, 0x00, 0x00,
    0x01, 0x00, 0x00, 0x00, 0x09, 0x00, 0x00, 0x00, 0x01, 0x00, 0x00, 0x00,
    0x3c, 0x00, 0x00, 0x00, 0xea, 0xda, 0xff, 0xff, 0x00, 0x00, 0x00, 0x01,
    0x14, 0x00, 0x00, 0x00, 0xf4, 0x02, 0x00, 0x00, 0x14, 0x00, 0x00, 0x00,
    0x00, 0x00, 0x00, 0x02, 0x00, 0x03, 0x00, 0x00, 0xd4, 0xda, 0xff, 0xff,
    0x08, 0x00, 0x00, 0x00, 0xe8, 0x01, 0x00, 0x00, 0x3c, 0x00, 0x00, 0x00,
    0x00, 0x00, 0x00, 0x00, 0x00, 0x00, 0x00, 0x00, 0x00, 0x00, 0x00, 0x00,
    0x00, 0x00, 0x00, 0x00, 0x00, 0x00, 0x00, 0x00, 0x00, 0x00, 0x00, 0x00,
    0x00, 0x00, 0x00, 0x00, 0x00, 0x00, 0x00, 0x00, 0x00, 0x00, 0x00, 0x00,
    0x00, 0x00, 0x00, 0x00, 0x00, 0x00, 0x00, 0x00, 0x00, 0x00, 0x00, 0x00,
    0x00, 0x00, 0x00, 0x00, 0x00, 0x00, 0x00, 0x00, 0x00, 0x00, 0x00, 0x00,
    0x00, 0x00, 0x00, 0x00, 0x00, 0x00, 0x00, 0x00, 0x00, 0x00, 0x00, 0x00,
    0x00, 0x00, 0x00, 0x00, 0x00, 0x00, 0x00, 0x00, 0x00, 0x00, 0x00, 0x00,
    0x00, 0x00, 0x00, 0x00, 0x00, 0x00, 0x00, 0x00, 0x00, 0x00, 0x00, 0x00,
    0x00, 0x00, 0x00, 0x00, 0x00, 0x00, 0x00, 0x00, 0x00, 0x00, 0x00, 0x00,
    0x00, 0x00, 0x00, 0x00, 0x00, 0x00, 0x00, 0x00, 0x00, 0x00, 0x00, 0x00,
    0x00, 0x00, 0x00, 0x00, 0x00, 0x00, 0x00, 0x00, 0x00, 0x00, 0x00, 0x00,
    0x00, 0x00, 0x00, 0x00, 0x00, 0x00, 0x00, 0x00, 0x00, 0x00, 0x00, 0x00,
    0x00, 0x00, 0x00, 0x00, 0x00, 0x00, 0x00, 0x00, 0x00, 0x00, 0x00, 0x00,
    0x00, 0x00, 0x00, 0x00, 0x00, 0x00, 0x00, 0x00, 0x00, 0x00, 0x00, 0x00,
    0x00, 0x00, 0x00, 0x00, 0x00, 0x00, 0x00, 0x00, 0x00, 0x00, 0x00, 0x00,
    0x00, 0x00, 0x00, 0x00, 0x00, 0x00, 0x00, 0x00, 0x00, 0x00, 0x00, 0x00,
    0x00, 0x00, 0x00, 0x00, 0x00, 0x00, 0x00, 0x00, 0x00, 0x00, 0x00, 0x00,
    0x00, 0x00, 0x00, 0x00, 0x00, 0x00, 0x00, 0x00, 0x00, 0x00, 0x00, 0x00,
    0x00, 0x00, 0x00, 0x00, 0x00, 0x00, 0x00, 0x00, 0x00, 0x00, 0x00, 0x00,
    0x00, 0x00, 0x00, 0x00, 0x00, 0x00, 0x00, 0x00, 0x00, 0x00, 0x00, 0x00,
    0x00, 0x00, 0x00, 0x00, 0x00, 0x00, 0x00, 0x00, 0x00, 0x00, 0x00, 0x00,
    0x00, 0x00, 0x00, 0x00, 0x00, 0x00, 0x00, 0x00, 0x00, 0x00, 0x00, 0x00,
    0x00, 0x00, 0x00, 0x00, 0x00, 0x00, 0x00, 0x00, 0x00, 0x00, 0x00, 0x00,
    0x00, 0x00, 0x00, 0x00, 0x00, 0x00, 0x00, 0x00, 0x00, 0x00, 0x00, 0x00,
    0x00, 0x00, 0x00, 0x00, 0x00, 0x00, 0x00, 0x00, 0x00, 0x00, 0x00, 0x00,
    0x00, 0x00, 0x00, 0x00, 0x00, 0x00, 0x00, 0x00, 0x00, 0x00, 0x00, 0x00,
    0x00, 0x00, 0x00, 0x00, 0x00, 0x00, 0x00, 0x00, 0x00, 0x00, 0x00, 0x00,
    0x00, 0x00, 0x00, 0x00, 0x00, 0x00, 0x00, 0x00, 0x00, 0x00, 0x00, 0x00,
    0x00, 0x00, 0x00, 0x00, 0x00, 0x00, 0x00, 0x00, 0x00, 0x00, 0x00, 0x00,
    0x00, 0x00, 0x00, 0x00, 0x00, 0x00, 0x00, 0x00, 0x00, 0x00, 0x00, 0x00,
    0x00, 0x00, 0x00, 0x00, 0x00, 0x00, 0x00, 0x00, 0x00, 0x00, 0x00, 0x00,
    0x00, 0x00, 0x00, 0x00, 0x00, 0x00, 0x00, 0x00, 0x00, 0x00, 0x00, 0x00,
    0x00, 0x00, 0x00, 0x00, 0x00, 0x00, 0x00, 0x00, 0x00, 0x00, 0x00, 0x00,
    0x00, 0x00, 0x00, 0x00, 0x00, 0x00, 0x00, 0x00, 0x00, 0x00, 0x00, 0x00,
    0x00, 0x00, 0x00, 0x00, 0x00, 0x00, 0x00, 0x00, 0x00, 0x00, 0x00, 0x00,
    0x00, 0x00, 0x00, 0x00, 0x00, 0x00, 0x00, 0x00, 0x00, 0x00, 0x00, 0x00,
    0x00, 0x00, 0x00, 0x00, 0x00, 0x00, 0x00, 0x00, 0x00, 0x00, 0x00, 0x00,
    0x00, 0x00, 0x00, 0x00, 0x00, 0x00, 0x00, 0x00, 0x00, 0x00, 0x00, 0x00,
    0x00, 0x00, 0x00, 0x00, 0x00, 0x00, 0x00, 0x00, 0x00, 0x00, 0x00, 0x00,
    0x00, 0x00, 0x00, 0x00, 0x00, 0x00, 0x00, 0x00, 0x00, 0x00, 0x00, 0x00,
    0x3c, 0x00, 0x00, 0x00, 0x52, 0x1f, 0x31, 0x38, 0x3d, 0x52, 0x50, 0x38,
    0x37, 0xe7, 0x11, 0x38, 0xb9, 0x4b, 0x40, 0x38, 0x88, 0x3a, 0x4c, 0x38,
    0xc7, 0x99, 0xc5, 0x37, 0x5f, 0xa7, 0x09, 0x38, 0x6c, 0x83, 0xd4, 0x37,
    0xb3, 0xc2, 0x2e, 0x38, 0x37, 0x20, 0x42, 0x38, 0xed, 0xbd, 0xf3, 0x37,
    0xf6, 0x52, 0x25, 0x38, 0x9f, 0xf1, 0xee, 0x37, 0x05, 0x45, 0x7f, 0x38,
    0x54, 0xc3, 0x37, 0x38, 0x9c, 0xba, 0x62, 0x38, 0xc7, 0x51, 0x90, 0x38,
    0x7c, 0x33, 0x1c, 0x38, 0xf4, 0x79, 0x08, 0x38, 0x8c, 0x5f, 0x37, 0x38,
    0xf9, 0xb3, 0x5e, 0x38, 0x35, 0x29, 0x28, 0x38, 0x3e, 0x0f, 0x21, 0x38,
    0xa9, 0x2a, 0x14, 0x38, 0x03, 0xcb, 0x2a, 0x38, 0x0f, 0x82, 0x08, 0x38,
    0xb3, 0x5c, 0xe6, 0x37, 0xd2, 0xb4, 0x38, 0x38, 0xc2, 0x7f, 0x00, 0x38,
    0xd2, 0xb9, 0x20, 0x38, 0xc6, 0xdc, 0xa1, 0x38, 0x63, 0xf2, 0x22, 0x38,
    0x66, 0x15, 0x48, 0x38, 0xe7, 0xb6, 0x27, 0x38, 0xc9, 0x1d, 0x40, 0x38,
    0xc8, 0xf6, 0x12, 0x38, 0x2d, 0xb7, 0x1f, 0x38, 0x88, 0xf0, 0xef, 0x37,
    0x24, 0x56, 0x28, 0x38, 0x78, 0x5b, 0x2e, 0x38, 0xc8, 0x13, 0x47, 0x38,
    0x70, 0xfa, 0x17, 0x38, 0xe8, 0xce, 0x1c, 0x38, 0xf0, 0x30, 0x40, 0x38,
    0x73, 0xd7, 0x01, 0x38, 0x31, 0x9e, 0x4a, 0x38, 0x79, 0x7d, 0xb5, 0x37,
    0x94, 0xd4, 0x2b, 0x38, 0x29, 0x62, 0xce, 0x38, 0x9d, 0x79, 0xa6, 0x38,
    0xc3, 0x81, 0x1e, 0x38, 0x6c, 0xaa, 0x30, 0x38, 0x79, 0x82, 0xd2, 0x37,
    0xa0, 0xd5, 0x3e, 0x38, 0x9a, 0x31, 0x26, 0x38, 0xbc, 0x5d, 0x16, 0x38,
    0xf6, 0x9a, 0x37, 0x38, 0x91, 0x8c, 0x2b, 0x38, 0xea, 0x1e, 0x49, 0x38,
    0x7d, 0x40, 0x5c, 0x38, 0x13, 0x00, 0x00, 0x00, 0x74, 0x66, 0x6c, 0x2e,
    0x70, 0x73, 0x65, 0x75, 0x64, 0x6f, 0x5f, 0x71, 0x63, 0x6f, 0x6e, 0x73,
    0x74, 0x31, 0x32, 0x00, 0x01, 0x00, 0x00, 0x00, 0x3c, 0x00, 0x00, 0x00,
    0x0a, 0xde, 0xff, 0xff, 0x00, 0x00, 0x00, 0x01, 0x14, 0x00, 0x00, 0x00,
    0xf8, 0x02, 0x00, 0x00, 0x13, 0x00, 0x00, 0x00, 0x00, 0x00, 0x00, 0x09,
    0x04, 0x03, 0x00, 0x00, 0xf4, 0xdd, 0xff, 0xff, 0x08, 0x00, 0x00, 0x00,
    0xec, 0x01, 0x00, 0x00, 0x3c, 0x00, 0x00, 0x00, 0x00, 0x00, 0x00, 0x00,
    0x00, 0x00, 0x00, 0x00, 0x00, 0x00, 0x00, 0x00, 0x00, 0x00, 0x00, 0x00,
    0x00, 0x00, 0x00, 0x00, 0x00, 0x00, 0x00, 0x00, 0x00, 0x00, 0x00, 0x00,
    0x00, 0x00, 0x00, 0x00, 0x00, 0x00, 0x00, 0x00, 0x00, 0x00, 0x00, 0x00,
    0x00, 0x00, 0x00, 0x00, 0x00, 0x00, 0x00, 0x00, 0x00, 0x00, 0x00, 0x00,
    0x00, 0x00, 0x00, 0x00, 0x00, 0x00, 0x00, 0x00, 0x00, 0x00, 0x00, 0x00,
    0x00, 0x00, 0x00, 0x00, 0x00, 0x00, 0x00, 0x00, 0x00, 0x00, 0x00, 0x00,
    0x00, 0x00, 0x00, 0x00, 0x00, 0x00, 0x00, 0x00, 0x00, 0x00, 0x00, 0x00,
    0x00, 0x00, 0x00, 0x00, 0x00, 0x00, 0x00, 0x00, 0x00, 0x00, 0x00, 0x00,
    0x00, 0x00, 0x00, 0x00, 0x00, 0x00, 0x00, 0x00, 0x00, 0x00, 0x00, 0x00,
    0x00, 0x00, 0x00, 0x00, 0x00, 0x00, 0x00, 0x00, 0x00, 0x00, 0x00, 0x00,
    0x00, 0x00, 0x00, 0x00, 0x00, 0x00, 0x00, 0x00, 0x00, 0x00, 0x00, 0x00,
    0x00, 0x00, 0x00, 0x00, 0x00, 0x00, 0x00, 0x00, 0x00, 0x00, 0x00, 0x00,
    0x00, 0x00, 0x00, 0x00, 0x00, 0x00, 0x00, 0x00, 0x00, 0x00, 0x00, 0x00,
    0x00, 0x00, 0x00, 0x00, 0x00, 0x00, 0x00, 0x00, 0x00, 0x00, 0x00, 0x00,
    0x00, 0x00, 0x00, 0x00, 0x00, 0x00, 0x00, 0x00, 0x00, 0x00, 0x00, 0x00,
    0x00, 0x00, 0x00, 0x00, 0x00, 0x00, 0x00, 0x00, 0x00, 0x00, 0x00, 0x00,
    0x00, 0x00, 0x00, 0x00, 0x00, 0x00, 0x00, 0x00, 0x00, 0x00, 0x00, 0x00,
    0x00, 0x00, 0x00, 0x00, 0x00, 0x00, 0x00, 0x00, 0x00, 0x00, 0x00, 0x00,
    0x00, 0x00, 0x00, 0x00, 0x00, 0x00, 0x00, 0x00, 0x00, 0x00, 0x00, 0x00,
    0x00, 0x00, 0x00, 0x00, 0x00, 0x00, 0x00, 0x00, 0x00, 0x00, 0x00, 0x00,
    0x00, 0x00, 0x00, 0x00, 0x00, 0x00, 0x00, 0x00, 0x00, 0x00, 0x00, 0x00,
    0x00, 0x00, 0x00, 0x00, 0x00, 0x00, 0x00, 0x00, 0x00, 0x00, 0x00, 0x00,
    0x00, 0x00, 0x00, 0x00, 0x00, 0x00, 0x00, 0x00, 0x00, 0x00, 0x00, 0x00,
    0x00, 0x00, 0x00, 0x00, 0x00, 0x00, 0x00, 0x00, 0x00, 0x00, 0x00, 0x00,
    0x00, 0x00, 0x00, 0x00, 0x00, 0x00, 0x00, 0x00, 0x00, 0x00, 0x00, 0x00,
    0x00, 0x00, 0x00, 0x00, 0x00, 0x00, 0x00, 0x00, 0x00, 0x00, 0x00, 0x00,
    0x00, 0x00, 0x00, 0x00, 0x00, 0x00, 0x00, 0x00, 0x00, 0x00, 0x00, 0x00,
    0x00, 0x00, 0x00, 0x00, 0x00, 0x00, 0x00, 0x00, 0x00, 0x00, 0x00, 0x00,
    0x00, 0x00, 0x00, 0x00, 0x00, 0x00, 0x00, 0x00, 0x00, 0x00, 0x00, 0x00,
    0x00, 0x00, 0x00, 0x00, 0x00, 0x00, 0x00, 0x00, 0x00, 0x00, 0x00, 0x00,
    0x00, 0x00, 0x00, 0x00, 0x00, 0x00, 0x00, 0x00, 0x00, 0x00, 0x00, 0x00,
    0x00, 0x00, 0x00, 0x00, 0x00, 0x00, 0x00, 0x00, 0x00, 0x00, 0x00, 0x00,
    0x00, 0x00, 0x00, 0x00, 0x00, 0x00, 0x00, 0x00, 0x00, 0x00, 0x00, 0x00,
    0x00, 0x00, 0x00, 0x00, 0x00, 0x00, 0x00, 0x00, 0x00, 0x00, 0x00, 0x00,
    0x00, 0x00, 0x00, 0x00, 0x00, 0x00, 0x00, 0x00, 0x00, 0x00, 0x00, 0x00,
    0x00, 0x00, 0x00, 0x00, 0x00, 0x00, 0x00, 0x00, 0x00, 0x00, 0x00, 0x00,
    0x00, 0x00, 0x00, 0x00, 0x00, 0x00, 0x00, 0x00, 0x00, 0x00, 0x00, 0x00,
    0x00, 0x00, 0x00, 0x00, 0x00, 0x00, 0x00, 0x00, 0x00, 0x00, 0x00, 0x00,
    0x00, 0x00, 0x00, 0x00, 0x00, 0x00, 0x00, 0x00, 0x00, 0x00, 0x00, 0x00,
    0x00, 0x00, 0x00, 0x00, 0x00, 0x00, 0x00, 0x00, 0x00, 0x00, 0x00, 0x00,
    0x3c, 0x00, 0x00, 0x00, 0xfd, 0x43, 0x28, 0x3c, 0xb5, 0x12, 0x18, 0x3c,
    0xbc, 0x5a, 0x3a, 0x3c, 0x54, 0x27, 0x0f, 0x3c, 0x0f, 0x37, 0xd4, 0x3b,
    0x9c, 0x8e, 0xeb, 0x3b, 0x09, 0xbb, 0xfe, 0x3b, 0xb1, 0x7b, 0xfc, 0x3b,
    0x9e, 0x78, 0xd5, 0x3b, 0x67, 0x80, 0x58, 0x3c, 0xa5, 0x5e, 0x09, 0x3c,
    0xf3, 0x7f, 0x34, 0x3c, 0xdd, 0x94, 0x00, 0x3c, 0xa3, 0x40, 0xfb, 0x3b,
    0xb9, 0xca, 0x07, 0x3c, 0x87, 0xce, 0x1d, 0x3c, 0x0f, 0xf9, 0x5d, 0x3c,
    0xbc, 0x76, 0x0a, 0x3c, 0x20, 0x8d, 0x1f, 0x3c, 0xe0, 0x2f, 0x20, 0x3c,
    0x63, 0x74, 0x2a, 0x3c, 0x7e, 0x56, 0x08, 0x3c, 0x60, 0xcb, 0xe0, 0x3b,
    0xbb, 0xdf, 0x68, 0x3c, 0x53, 0x3a, 0x26, 0x3c, 0x37, 0x36, 0x04, 0x3c,
    0x78, 0x12, 0xf8, 0x3b, 0x8c, 0x02, 0xc9, 0x3b, 0xc9, 0xe9, 0x42, 0x3c,
    0xd9, 0x69, 0x08, 0x3c, 0x25, 0x8e, 0xfe, 0x3b, 0x35, 0x75, 0x2c, 0x3c,
    0x47, 0xb0, 0x19, 0x3c, 0x01, 0x36, 0xef, 0x3b, 0x70, 0xd6, 0x02, 0x3c,
    0xa3, 0x83, 0x08, 0x3c, 0x8e, 0x7f, 0x43, 0x3c, 0x52, 0xfa, 0x36, 0x3c,
    0xaf, 0xc2, 0xec, 0x3b, 0x1d, 0xc3, 0x16, 0x3c, 0xe2, 0xfb, 0xc9, 0x3b,
    0x13, 0x96, 0x17, 0x3c, 0x6c, 0xff, 0x08, 0x3c, 0xe5, 0x67, 0x3f, 0x3c,
    0x86, 0x74, 0x39, 0x3c, 0x3e, 0x5e, 0xff, 0x3b, 0x54, 0x1c, 0xf3, 0x3b,
    0x37, 0xee, 0x51, 0x3c, 0x5a, 0x54, 0xf2, 0x3b, 0xbe, 0xb6, 0xf1, 0x3b,
    0x17, 0xf5, 0xc5, 0x3b, 0x5b, 0xa4, 0x28, 0x3c, 0x30, 0xfa, 0x13, 0x3c,
    0xea, 0x17, 0x4c, 0x3c, 0x09, 0x1f, 0x49, 0x3c, 0xbd, 0x31, 0xf6, 0x3b,
    0x55, 0xc0, 0x06, 0x3c, 0x69, 0x9f, 0x19, 0x3c, 0x93, 0x7a, 0xf3, 0x3b,
    0x05, 0xb7, 0xf0, 0x3b, 0x13, 0x00, 0x00, 0x00, 0x74, 0x66, 0x6c, 0x2e,
    0x70, 0x73, 0x65, 0x75, 0x64, 0x6f, 0x5f, 0x71, 0x63, 0x6f, 0x6e, 0x73,
    0x74, 0x31, 0x31, 0x00, 0x04, 0x00, 0x00, 0x00, 0x3c, 0x00, 0x00, 0x00,
    0x01, 0x00, 0x00, 0x00, 0x01, 0x00, 0x00, 0x00, 0x3c, 0x00, 0x00, 0x00,
    0x3a, 0xe1, 0xff, 0xff, 0x00, 0x00, 0x00, 0x01, 0x14, 0x00, 0x00, 0x00,
    0xf8, 0x02, 0x00, 0x00, 0x12, 0x00, 0x00, 0x00, 0x00, 0x00, 0x00, 0x02,
    0x04, 0x03, 0x00, 0x00, 0x24, 0xe1, 0xff, 0xff, 0x08, 0x00, 0x00, 0x00,
    0xec, 0x01, 0x00, 0x00, 0x3c, 0x00, 0x00, 0x00, 0x00, 0x00, 0x00, 0x00,
    0x00, 0x00, 0x00, 0x00, 0x00, 0x00, 0x00, 0x00, 0x00, 0x00, 0x00, 0x00,
    0x00, 0x00, 0x00, 0x00, 0x00, 0x00, 0x00, 0x00, 0x00, 0x00, 0x00, 0x00,
    0x00, 0x00, 0x00, 0x00, 0x00, 0x00, 0x00, 0x00, 0x00, 0x00, 0x00, 0x00,
    0x00, 0x00, 0x00, 0x00, 0x00, 0x00, 0x00, 0x00, 0x00, 0x00, 0x00, 0x00,
    0x00, 0x00, 0x00, 0x00, 0x00, 0x00, 0x00, 0x00, 0x00, 0x00, 0x00, 0x00,
    0x00, 0x00, 0x00, 0x00, 0x00, 0x00, 0x00, 0x00, 0x00, 0x00, 0x00, 0x00,
    0x00, 0x00, 0x00, 0x00, 0x00, 0x00, 0x00, 0x00, 0x00, 0x00, 0x00, 0x00,
    0x00, 0x00, 0x00, 0x00, 0x00, 0x00, 0x00, 0x00, 0x00, 0x00, 0x00, 0x00,
    0x00, 0x00, 0x00, 0x00, 0x00, 0x00, 0x00, 0x00, 0x00, 0x00, 0x00, 0x00,
    0x00, 0x00, 0x00, 0x00, 0x00, 0x00, 0x00, 0x00, 0x00, 0x00, 0x00, 0x00,
    0x00, 0x00, 0x00, 0x00, 0x00, 0x00, 0x00, 0x00, 0x00, 0x00, 0x00, 0x00,
    0x00, 0x00, 0x00, 0x00, 0x00, 0x00, 0x00, 0x00, 0x00, 0x00, 0x00, 0x00,
    0x00, 0x00, 0x00, 0x00, 0x00, 0x00, 0x00, 0x00, 0x00, 0x00, 0x00, 0x00,
    0x00, 0x00, 0x00, 0x00, 0x00, 0x00, 0x00, 0x00, 0x00, 0x00, 0x00, 0x00,
    0x00, 0x00, 0x00, 0x00, 0x00, 0x00, 0x00, 0x00, 0x00, 0x00, 0x00, 0x00,
    0x00, 0x00, 0x00, 0x00, 0x00, 0x00, 0x00, 0x00, 0x00, 0x00, 0x00, 0x00,
    0x00, 0x00, 0x00, 0x00, 0x00, 0x00, 0x00, 0x00, 0x00, 0x00, 0x00, 0x00,
    0x00, 0x00, 0x00, 0x00, 0x00, 0x00, 0x00, 0x00, 0x00, 0x00, 0x00, 0x00,
    0x00, 0x00, 0x00, 0x00, 0x00, 0x00, 0x00, 0x00, 0x00, 0x00, 0x00, 0x00,
    0x00, 0x00, 0x00, 0x00, 0x00, 0x00, 0x00, 0x00, 0x00, 0x00, 0x00, 0x00,
    0x00, 0x00, 0x00, 0x00, 0x00, 0x00, 0x00, 0x00, 0x00, 0x00, 0x00, 0x00,
    0x00, 0x00, 0x00, 0x00, 0x00, 0x00, 0x00, 0x00, 0x00, 0x00, 0x00, 0x00,
    0x00, 0x00, 0x00, 0x00, 0x00, 0x00, 0x00, 0x00, 0x00, 0x00, 0x00, 0x00,
    0x00, 0x00, 0x00, 0x00, 0x00, 0x00, 0x00, 0x00, 0x00, 0x00, 0x00, 0x00,
    0x00, 0x00, 0x00, 0x00, 0x00, 0x00, 0x00, 0x00, 0x00, 0x00, 0x00, 0x00,
    0x00, 0x00, 0x00, 0x00, 0x00, 0x00, 0x00, 0x00, 0x00, 0x00, 0x00, 0x00,
    0x00, 0x00, 0x00, 0x00, 0x00, 0x00, 0x00, 0x00, 0x00, 0x00, 0x00, 0x00,
    0x00, 0x00, 0x00, 0x00, 0x00, 0x00, 0x00, 0x00, 0x00, 0x00, 0x00, 0x00,
    0x00, 0x00, 0x00, 0x00, 0x00, 0x00, 0x00, 0x00, 0x00, 0x00, 0x00, 0x00,
    0x00, 0x00, 0x00, 0x00, 0x00, 0x00, 0x00, 0x00, 0x00, 0x00, 0x00, 0x00,
    0x00, 0x00, 0x00, 0x00, 0x00, 0x00, 0x00, 0x00, 0x00, 0x00, 0x00, 0x00,
    0x00, 0x00, 0x00, 0x00, 0x00, 0x00, 0x00, 0x00, 0x00, 0x00, 0x00, 0x00,
    0x00, 0x00, 0x00, 0x00, 0x00, 0x00, 0x00, 0x00, 0x00, 0x00, 0x00, 0x00,
    0x00, 0x00, 0x00, 0x00, 0x00, 0x00, 0x00, 0x00, 0x00, 0x00, 0x00, 0x00,
    0x00, 0x00, 0x00, 0x00, 0x00, 0x00, 0x00, 0x00, 0x00, 0x00, 0x00, 0x00,
    0x00, 0x00, 0x00, 0x00, 0x00, 0x00, 0x00, 0x00, 0x00, 0x00, 0x00, 0x00,
    0x00, 0x00, 0x00, 0x00, 0x00, 0x00, 0x00, 0x00, 0x00, 0x00, 0x00, 0x00,
    0x00, 0x00, 0x00, 0x00, 0x00, 0x00, 0x00, 0x00, 0x00, 0x00, 0x00, 0x00,
    0x00, 0x00, 0x00, 0x00, 0x00, 0x00, 0x00, 0x00, 0x00, 0x00, 0x00, 0x00,
    0x00, 0x00, 0x00, 0x00, 0x00, 0x00, 0x00, 0x00, 0x00, 0x00, 0x00, 0x00,
    0x3c, 0x00, 0x00, 0x00, 0x70, 0xbd, 0x1a, 0x39, 0x5e, 0xd9, 0x0b, 0x39,
    0xf5, 0x5f, 0x2b, 0x39, 0x88, 0xa5, 0x03, 0x39, 0x1f, 0x28, 0xc3, 0x38,
    0x58, 0x9f, 0xd8, 0x38, 0x38, 0x41, 0xea, 0x38, 0x1f, 0x30, 0xe8, 0x38,
    0xd5, 0x4f, 0xc4, 0x38, 0x42, 0x19, 0x47, 0x39, 0xbc, 0xa7, 0xfc, 0x38,
    0xa5, 0xfd, 0x25, 0x39, 0xdb, 0x7d, 0xec, 0x38, 0x65, 0x0e, 0xe7, 0x38,
    0xd4, 0xc0, 0xf9, 0x38, 0x33, 0x1f, 0x11, 0x39, 0x54, 0x21, 0x4c, 0x39,
    0xe3, 0xaa, 0xfe, 0x38, 0xe6, 0xb9, 0x12, 0x39, 0x91, 0x4f, 0x13, 0x39,
    0xcb, 0xc0, 0x1c, 0x39, 0xe5, 0xc1, 0xfa, 0x38, 0x95, 0xb9, 0xce, 0x38,
    0xae, 0x27, 0x56, 0x39, 0xb5, 0xdd, 0x18, 0x39, 0x27, 0x2b, 0xf3, 0x38,
    0xab, 0x21, 0xe4, 0x38, 0x30, 0xda, 0xb8, 0x38, 0xe2, 0x3e, 0x33, 0x39,
    0x7f, 0xe5, 0xfa, 0x38, 0xf0, 0x17, 0xea, 0x38, 0x64, 0x98, 0x1e, 0x39,
    0xb1, 0x55, 0x0d, 0x39, 0x8d, 0xfb, 0xdb, 0x38, 0x27, 0xa4, 0xf0, 0x38,
    0xed, 0x14, 0xfb, 0x38, 0x9d, 0xc8, 0x33, 0x39, 0x06, 0x45, 0x28, 0x39,
    0xa8, 0xba, 0xd9, 0x38, 0xbf, 0xa4, 0x0a, 0x39, 0x7b, 0xbf, 0xb9, 0x38,
    0xc0, 0x66, 0x0b, 0x39, 0x99, 0xf8, 0xfb, 0x38, 0x2b, 0x05, 0x30, 0x39,
    0x40, 0x8c, 0x2a, 0x39, 0x4f, 0xd7, 0xea, 0x38, 0xa0, 0x91, 0xdf, 0x38,
    0x4a, 0x0e, 0x41, 0x39, 0xb9, 0xd9, 0xde, 0x38, 0xc9, 0x48, 0xde, 0x38,
    0x8c, 0x0b, 0xb6, 0x38, 0x0f, 0x16, 0x1b, 0x39, 0x21, 0x15, 0x08, 0x39,
    0x1b, 0xb0, 0x3b, 0x39, 0x63, 0xf4, 0x38, 0x39, 0x95, 0x67, 0xe2, 0x38,
    0xdf, 0xd6, 0xf7, 0x38, 0x2e, 0x46, 0x0d, 0x39, 0x4c, 0xe8, 0xdf, 0x38,
    0x9e, 0x5d, 0xdd, 0x38, 0x13, 0x00, 0x00, 0x00, 0x74, 0x66, 0x6c, 0x2e,
    0x70, 0x73, 0x65, 0x75, 0x64, 0x6f, 0x5f, 0x71, 0x63, 0x6f, 0x6e, 0x73,
    0x74, 0x31, 0x30, 0x00, 0x01, 0x00, 0x00, 0x00, 0x3c, 0x00, 0x00, 0x00,
    0x5e, 0xe4, 0xff, 0xff, 0x00, 0x00, 0x00, 0x01, 0x14, 0x00, 0x00, 0x00,
    0xfc, 0x02, 0x00, 0x00, 0x11, 0x00, 0x00, 0x00, 0x00, 0x00, 0x00, 0x09,
    0x08, 0x03, 0x00, 0x00, 0x42, 0xf3, 0xff, 0xff, 0x03, 0x00, 0x00, 0x00,
    0x08, 0x00, 0x00, 0x00, 0xec, 0x01, 0x00, 0x00, 0x3c, 0x00, 0x00, 0x00,
    0x00, 0x00, 0x00, 0x00, 0x00, 0x00, 0x00, 0x00, 0x00, 0x00, 0x00, 0x00,
    0x00, 0x00, 0x00, 0x00, 0x00, 0x00, 0x00, 0x00, 0x00, 0x00, 0x00, 0x00,
    0x00, 0x00, 0x00, 0x00, 0x00, 0x00, 0x00, 0x00, 0x00, 0x00, 0x00, 0x00,
    0x00, 0x00, 0x00, 0x00, 0x00, 0x00, 0x00, 0x00, 0x00, 0x00, 0x00, 0x00,
    0x00, 0x00, 0x00, 0x00, 0x00, 0x00, 0x00, 0x00, 0x00, 0x00, 0x00, 0x00,
    0x00, 0x00, 0x00, 0x00, 0x00, 0x00, 0x00, 0x00, 0x00, 0x00, 0x00, 0x00,
    0x00, 0x00, 0x00, 0x00, 0x00, 0x00, 0x00, 0x00, 0x00, 0x00, 0x00, 0x00,
    0x00, 0x00, 0x00, 0x00, 0x00, 0x00, 0x00, 0x00, 0x00, 0x00, 0x00, 0x00,
    0x00, 0x00, 0x00, 0x00, 0x00, 0x00, 0x00, 0x00, 0x00, 0x00, 0x00, 0x00,
    0x00, 0x00, 0x00, 0x00, 0x00, 0x00, 0x00, 0x00, 0x00, 0x00, 0x00, 0x00,
    0x00, 0x00, 0x00, 0x00, 0x00, 0x00, 0x00, 0x00, 0x00, 0x00, 0x00, 0x00,
    0x00, 0x00, 0x00, 0x00, 0x00, 0x00, 0x00, 0x00, 0x00, 0x00, 0x00, 0x00,
    0x00, 0x00, 0x00, 0x00, 0x00, 0x00, 0x00, 0x00, 0x00, 0x00, 0x00, 0x00,
    0x00, 0x00, 0x00, 0x00, 0x00, 0x00, 0x00, 0x00, 0x00, 0x00, 0x00, 0x00,
    0x00, 0x00, 0x00, 0x00, 0x00, 0x00, 0x00, 0x00, 0x00, 0x00, 0x00, 0x00,
    0x00, 0x00, 0x00, 0x00, 0x00, 0x00, 0x00, 0x00, 0x00, 0x00, 0x00, 0x00,
    0x00, 0x00, 0x00, 0x00, 0x00, 0x00, 0x00, 0x00, 0x00, 0x00, 0x00, 0x00,
    0x00, 0x00, 0x00, 0x00, 0x00, 0x00, 0x00, 0x00, 0x00, 0x00, 0x00, 0x00,
    0x00, 0x00, 0x00, 0x00, 0x00, 0x00, 0x00, 0x00, 0x00, 0x00, 0x00, 0x00,
    0x00, 0x00, 0x00, 0x00, 0x00, 0x00, 0x00, 0x00, 0x00, 0x00, 0x00, 0x00,
    0x00, 0x00, 0x00, 0x00, 0x00, 0x00, 0x00, 0x00, 0x00, 0x00, 0x00, 0x00,
    0x00, 0x00, 0x00, 0x00, 0x00, 0x00, 0x00, 0x00, 0x00, 0x00, 0x00, 0x00,
    0x00, 0x00, 0x00, 0x00, 0x00, 0x00, 0x00, 0x00, 0x00, 0x00, 0x00, 0x00,
    0x00, 0x00, 0x00, 0x00, 0x00, 0x00, 0x00, 0x00, 0x00, 0x00, 0x00, 0x00,
    0x00, 0x00, 0x00, 0x00, 0x00, 0x00, 0x00, 0x00, 0x00, 0x00, 0x00, 0x00,
    0x00, 0x00, 0x00, 0x00, 0x00, 0x00, 0x00, 0x00, 0x00, 0x00, 0x00, 0x00,
    0x00, 0x00, 0x00, 0x00, 0x00, 0x00, 0x00, 0x00, 0x00, 0x00, 0x00, 0x00,
    0x00, 0x00, 0x00, 0x00, 0x00, 0x00, 0x00, 0x00, 0x00, 0x00, 0x00, 0x00,
    0x00, 0x00, 0x00, 0x00, 0x00, 0x00, 0x00, 0x00, 0x00, 0x00, 0x00, 0x00,
    0x00, 0x00, 0x00, 0x00, 0x00, 0x00, 0x00, 0x00, 0x00, 0x00, 0x00, 0x00,
    0x00, 0x00, 0x00, 0x00, 0x00, 0x00, 0x00, 0x00, 0x00, 0x00, 0x00, 0x00,
    0x00, 0x00, 0x00, 0x00, 0x00, 0x00, 0x00, 0x00, 0x00, 0x00, 0x00, 0x00,
    0x00, 0x00, 0x00, 0x00, 0x00, 0x00, 0x00, 0x00, 0x00, 0x00, 0x00, 0x00,
    0x00, 0x00, 0x00, 0x00, 0x00, 0x00, 0x00, 0x00, 0x00, 0x00, 0x00, 0x00,
    0x00, 0x00, 0x00, 0x00, 0x00, 0x00, 0x00, 0x00, 0x00, 0x00, 0x00, 0x00,
    0x00, 0x00, 0x00, 0x00, 0x00, 0x00, 0x00, 0x00, 0x00, 0x00, 0x00, 0x00,
    0x00, 0x00, 0x00, 0x00, 0x00, 0x00, 0x00, 0x00, 0x00, 0x00, 0x00, 0x00,
    0x00, 0x00, 0x00, 0x00, 0x00, 0x00, 0x00, 0x00, 0x00, 0x00, 0x00, 0x00,
    0x00, 0x00, 0x00, 0x00, 0x00, 0x00, 0x00, 0x00, 0x00, 0x00, 0x00, 0x00,
    0x00, 0x00, 0x00, 0x00, 0x00, 0x00, 0x00, 0x00, 0x00, 0x00, 0x00, 0x00,
    0x00, 0x00, 0x00, 0x00, 0x3c, 0x00, 0x00, 0x00, 0x80, 0x62, 0xb8, 0x3a,
    0x58, 0x8e, 0x99, 0x3a, 0xce, 0x1c, 0xc7, 0x3a, 0x2a, 0xd2, 0x1e, 0x3b,
    0x92, 0x5e, 0xbb, 0x3a, 0xb3, 0xf4, 0x95, 0x3a, 0xc6, 0xa2, 0xcc, 0x3a,
    0x60, 0x3c, 0xc7, 0x3a, 0x1a, 0xa7, 0xa5, 0x3a, 0x9e, 0xa5, 0xf0, 0x3a,
    0xa0, 0x24, 0x07, 0x3b, 0xd5, 0x05, 0xb7, 0x3a, 0xb9, 0xce, 0x44, 0x3b,
    0x86, 0xba, 0x0c, 0x3b, 0x34, 0x27, 0xa6, 0x3a, 0x1d, 0xce, 0x09, 0x3b,
    0x58, 0x7d, 0x87, 0x3b, 0x62, 0xd7, 0x16, 0x3b, 0x9a, 0x97, 0xd1, 0x3a,
    0xbb, 0x94, 0x63, 0x3b, 0x04, 0x5d, 0x12, 0x3b, 0x46, 0x08, 0xb4, 0x3a,
    0xd1, 0x2a, 0xdc, 0x3a, 0x32, 0xeb, 0xfb, 0x3a, 0x55, 0x11, 0x92, 0x3a,
    0x47, 0x2c, 0xda, 0x3a, 0x5d, 0xe3, 0xd8, 0x3a, 0xff, 0x60, 0xc2, 0x3a,
    0x55, 0x54, 0xed, 0x3a, 0x21, 0xc2, 0x96, 0x3a, 0xb8, 0x06, 0x02, 0x3b,
    0xe1, 0xf7, 0xbe, 0x3a, 0x4e, 0xc3, 0x05, 0x3b, 0x2d, 0xc0, 0x3c, 0x3b,
    0xcb, 0xa6, 0xcb, 0x3a, 0x66, 0x21, 0xd6, 0x3a, 0x12, 0x9a, 0x25, 0x3b,
    0xa2, 0x6d, 0xf9, 0x3a, 0x13, 0x32, 0xb4, 0x3a, 0x21, 0xa4, 0xcf, 0x3a,
    0x1a, 0x9d, 0xbb, 0x3a, 0xef, 0xf4, 0xa8, 0x3a, 0x34, 0xa4, 0xfc, 0x3a,
    0x1e, 0xd1, 0xb9, 0x3a, 0x75, 0x93, 0x08, 0x3b, 0x4a, 0x39, 0xcf, 0x3a,
    0xcb, 0x91, 0xd1, 0x3a, 0xbf, 0xa6, 0xdd, 0x3a, 0x4c, 0xcc, 0x9c, 0x3a,
    0x29, 0x74, 0xc0, 0x3a, 0xad, 0xe3, 0x2f, 0x3b, 0x4a, 0x8d, 0xe3, 0x3a,
    0xd6, 0x6e, 0x25, 0x3b, 0xee, 0xef, 0xd2, 0x3a, 0x3b, 0x64, 0xac, 0x3a,
    0xa1, 0x0f, 0xfb, 0x3a, 0x11, 0xb6, 0x0a, 0x3b, 0x84, 0x32, 0xd0, 0x3a,
    0x88, 0x58, 0x86, 0x3a, 0xbc, 0x3c, 0xda, 0x3a, 0x12, 0x00, 0x00, 0x00,
    0x74, 0x66, 0x6c, 0x2e, 0x70, 0x73, 0x65, 0x75, 0x64, 0x6f, 0x5f, 0x71,
    0x63, 0x6f, 0x6e, 0x73, 0x74, 0x39, 0x00, 0x00, 0x04, 0x00, 0x00, 0x00,
    0x01, 0x00, 0x00, 0x00, 0x0d, 0x00, 0x00, 0x00, 0x01, 0x00, 0x00, 0x00,
    0x3c, 0x00, 0x00, 0x00, 0x92, 0xe7, 0xff, 0xff, 0x00, 0x00, 0x00, 0x01,
    0x14, 0x00, 0x00, 0x00, 0xf4, 0x02, 0x00, 0x00, 0x10, 0x00, 0x00, 0x00,
    0x00, 0x00, 0x00, 0x02, 0x00, 0x03, 0x00, 0x00, 0x7c, 0xe7, 0xff, 0xff,
    0x08, 0x00, 0x00, 0x00, 0xe8, 0x01, 0x00, 0x00, 0x3c, 0x00, 0x00, 0x00,
    0x00, 0x00, 0x00, 0x00, 0x00, 0x00, 0x00, 0x00, 0x00, 0x00, 0x00, 0x00,
    0x00, 0x00, 0x00, 0x00, 0x00, 0x00, 0x00, 0x00, 0x00, 0x00, 0x00, 0x00,
    0x00, 0x00, 0x00, 0x00, 0x00, 0x00, 0x00, 0x00, 0x00, 0x00, 0x00, 0x00,
    0x00, 0x00, 0x00, 0x00, 0x00, 0x00, 0x00, 0x00, 0x00, 0x00, 0x00, 0x00,
    0x00, 0x00, 0x00, 0x00, 0x00, 0x00, 0x00, 0x00, 0x00, 0x00, 0x00, 0x00,
    0x00, 0x00, 0x00, 0x00, 0x00, 0x00, 0x00, 0x00, 0x00, 0x00, 0x00, 0x00,
    0x00, 0x00, 0x00, 0x00, 0x00, 0x00, 0x00, 0x00, 0x00, 0x00, 0x00, 0x00,
    0x00, 0x00, 0x00, 0x00, 0x00, 0x00, 0x00, 0x00, 0x00, 0x00, 0x00, 0x00,
    0x00, 0x00, 0x00, 0x00, 0x00, 0x00, 0x00, 0x00, 0x00, 0x00, 0x00, 0x00,
    0x00, 0x00, 0x00, 0x00, 0x00, 0x00, 0x00, 0x00, 0x00, 0x00, 0x00, 0x00,
    0x00, 0x00, 0x00, 0x00, 0x00, 0x00, 0x00, 0x00, 0x00, 0x00, 0x00, 0x00,
    0x00, 0x00, 0x00, 0x00, 0x00, 0x00, 0x00, 0x00, 0x00, 0x00, 0x00, 0x00,
    0x00, 0x00, 0x00, 0x00, 0x00, 0x00, 0x00, 0x00, 0x00, 0x00, 0x00, 0x00,
    0x00, 0x00, 0x00, 0x00, 0x00, 0x00, 0x00, 0x00, 0x00, 0x00, 0x00, 0x00,
    0x00, 0x00, 0x00, 0x00, 0x00, 0x00, 0x00, 0x00, 0x00, 0x00, 0x00, 0x00,
    0x00, 0x00, 0x00, 0x00, 0x00, 0x00, 0x00, 0x00, 0x00, 0x00, 0x00, 0x00,
    0x00, 0x00, 0x00, 0x00, 0x00, 0x00, 0x00, 0x00, 0x00, 0x00, 0x00, 0x00,
    0x00, 0x00, 0x00, 0x00, 0x00, 0x00, 0x00, 0x00, 0x00, 0x00, 0x00, 0x00,
    0x00, 0x00, 0x00, 0x00, 0x00, 0x00, 0x00, 0x00, 0x00, 0x00, 0x00, 0x00,
    0x00, 0x00, 0x00, 0x00, 0x00, 0x00, 0x00, 0x00, 0x00, 0x00, 0x00, 0x00,
    0x00, 0x00, 0x00, 0x00, 0x00, 0x00, 0x00, 0x00, 0x00, 0x00, 0x00, 0x00,
    0x00, 0x00, 0x00, 0x00, 0x00, 0x00, 0x00, 0x00, 0x00, 0x00, 0x00, 0x00,
    0x00, 0x00, 0x00, 0x00, 0x00, 0x00, 0x00, 0x00, 0x00, 0x00, 0x00, 0x00,
    0x00, 0x00, 0x00, 0x00, 0x00, 0x00, 0x00, 0x00, 0x00, 0x00, 0x00, 0x00,
    0x00, 0x00, 0x00, 0x00, 0x00, 0x00, 0x00, 0x00, 0x00, 0x00, 0x00, 0x00,
    0x00, 0x00, 0x00, 0x00, 0x00, 0x00, 0x00, 0x00, 0x00, 0x00, 0x00, 0x00,
    0x00, 0x00, 0x00, 0x00, 0x00, 0x00, 0x00, 0x00, 0x00, 0x00, 0x00, 0x00,
    0x00, 0x00, 0x00, 0x00, 0x00, 0x00, 0x00, 0x00, 0x00, 0x00, 0x00, 0x00,
    0x00, 0x00, 0x00, 0x00, 0x00, 0x00, 0x00, 0x00, 0x00, 0x00, 0x00, 0x00,
    0x00, 0x00, 0x00, 0x00, 0x00, 0x00, 0x00, 0x00, 0x00, 0x00, 0x00, 0x00,
    0x00, 0x00, 0x00, 0x00, 0x00, 0x00, 0x00, 0x00, 0x00, 0x00, 0x00, 0x00,
    0x00, 0x00, 0x00, 0x00, 0x00, 0x00, 0x00, 0x00, 0x00, 0x00, 0x00, 0x00,
    0x00, 0x00, 0x00, 0x00, 0x00, 0x00, 0x00, 0x00, 0x00, 0x00, 0x00, 0x00,
    0x00, 0x00, 0x00, 0x00, 0x00, 0x00, 0x00, 0x00, 0x00, 0x00, 0x00, 0x00,
    0x00, 0x00, 0x00, 0x00, 0x00, 0x00, 0x00, 0x00, 0x00, 0x00, 0x00, 0x00,
    0x00, 0x00, 0x00, 0x00, 0x00, 0x00, 0x00, 0x00, 0x00, 0x00, 0x00, 0x00,
    0x00, 0x00, 0x00, 0x00, 0x00, 0x00, 0x00, 0x00, 0x00, 0x00, 0x00, 0x00,
    0x00, 0x00, 0x00, 0x00, 0x00, 0x00, 0x00, 0x00, 0x00, 0x00, 0x00, 0x00,
    0x00, 0x00, 0x00, 0x00, 0x00, 0x00, 0x00, 0x00, 0x00, 0x00, 0x00, 0x00,
    0x00, 0x00, 0x00, 0x00, 0x00, 0x00, 0x00, 0x00, 0x00, 0x00, 0x00, 0x00,
    0x3c, 0x00, 0x00, 0x00, 0x3a, 0x95, 0xaa, 0x37, 0xd3, 0x0f, 0x8e, 0x37,
    0x4f, 0x35, 0xb8, 0x37, 0xc2, 0xee, 0x12, 0x38, 0x1a, 0x58, 0xad, 0x37,
    0x2b, 0xbb, 0x8a, 0x37, 0x70, 0x51, 0xbd, 0x37, 0x84, 0x52, 0xb8, 0x37,
    0xc8, 0x40, 0x99, 0x37, 0x38, 0xa2, 0xde, 0x37, 0xe4, 0x0d, 0xfa, 0x37,
    0xa8, 0x52, 0xa9, 0x37, 0x66, 0x13, 0x36, 0x38, 0xd0, 0x31, 0x02, 0x38,
    0x4b, 0xb7, 0x99, 0x37, 0xd8, 0xfa, 0xfe, 0x37, 0x0c, 0xb2, 0x7a, 0x38,
    0xe2, 0x8c, 0x0b, 0x38, 0x4a, 0xe7, 0xc1, 0x37, 0xb5, 0x8b, 0x52, 0x38,
    0x54, 0x68, 0x07, 0x38, 0x67, 0x8e, 0xa6, 0x37, 0xdc, 0xaf, 0xcb, 0x37,
    0xcd, 0x0f, 0xe9, 0x37, 0x4f, 0x22, 0x87, 0x37, 0x89, 0xd7, 0xc9, 0x37,
    0x3e, 0xa7, 0xc8, 0x37, 0x36, 0xd4, 0xb3, 0x37, 0x81, 0x90, 0xdb, 0x37,
    0x39, 0x79, 0x8b, 0x37, 0x2e, 0x96, 0xf0, 0x37, 0x73, 0xac, 0xb0, 0x37,
    0x25, 0x80, 0xf7, 0x37, 0x3d, 0x9f, 0x2e, 0x38, 0x52, 0x68, 0xbc, 0x37,
    0x1f, 0x1a, 0xc6, 0x37, 0xb9, 0x34, 0x19, 0x38, 0xf6, 0xc1, 0xe6, 0x37,
    0x13, 0xb5, 0xa6, 0x37, 0x34, 0x19, 0xc0, 0x37, 0xf4, 0x91, 0xad, 0x37,
    0x4c, 0x4f, 0x9c, 0x37, 0xf6, 0xba, 0xe9, 0x37, 0x67, 0xe8, 0xab, 0x37,
    0xa3, 0xb4, 0xfc, 0x37, 0x5d, 0xb6, 0xbf, 0x37, 0xeb, 0xe1, 0xc1, 0x37,
    0x5a, 0x0f, 0xcd, 0x37, 0xa7, 0x0f, 0x91, 0x37, 0x44, 0x0c, 0xb2, 0x37,
    0x32, 0xb9, 0x22, 0x38, 0xd3, 0x84, 0xd2, 0x37, 0xba, 0x0c, 0x19, 0x38,
    0xd8, 0x25, 0xc3, 0x37, 0xc7, 0x7c, 0x9f, 0x37, 0xac, 0x44, 0xe8, 0x37,
    0x03, 0x54, 0x00, 0x38, 0xef, 0x9c, 0xc0, 0x37, 0x42, 0x94, 0x78, 0x37,
    0xc3, 0xe6, 0xc9, 0x37, 0x12, 0x00, 0x00, 0x00, 0x74, 0x66, 0x6c, 0x2e,
    0x70, 0x73, 0x65, 0x75, 0x64, 0x6f, 0x5f, 0x71, 0x63, 0x6f, 0x6e, 0x73,
    0x74, 0x38, 0x00, 0x00, 0x01, 0x00, 0x00, 0x00, 0x3c, 0x00, 0x00, 0x00,
    0xb2, 0xea, 0xff, 0xff, 0x00, 0x00, 0x00, 0x01, 0x14, 0x00, 0x00, 0x00,
    0xf8, 0x02, 0x00, 0x00, 0x0f, 0x00, 0x00, 0x00, 0x00, 0x00, 0x00, 0x09,
    0x04, 0x03, 0x00, 0x00, 0x9c, 0xea, 0xff, 0xff, 0x08, 0x00, 0x00, 0x00,
    0xec, 0x01, 0x00, 0x00, 0x3c, 0x00, 0x00, 0x00, 0x00, 0x00, 0x00, 0x00,
    0x00, 0x00, 0x00, 0x00, 0x00, 0x00, 0x00, 0x00, 0x00, 0x00, 0x00, 0x00,
    0x00, 0x00, 0x00, 0x00, 0x00, 0x00, 0x00, 0x00, 0x00, 0x00, 0x00, 0x00,
    0x00, 0x00, 0x00, 0x00, 0x00, 0x00, 0x00, 0x00, 0x00, 0x00, 0x00, 0x00,
    0x00, 0x00, 0x00, 0x00, 0x00, 0x00, 0x00, 0x00, 0x00, 0x00, 0x00, 0x00,
    0x00, 0x00, 0x00, 0x00, 0x00, 0x00, 0x00, 0x00, 0x00, 0x00, 0x00, 0x00,
    0x00, 0x00, 0x00, 0x00, 0x00, 0x00, 0x00, 0x00, 0x00, 0x00, 0x00, 0x00,
    0x00, 0x00, 0x00, 0x00, 0x00, 0x00, 0x00, 0x00, 0x00, 0x00, 0x00, 0x00,
    0x00, 0x00, 0x00, 0x00, 0x00, 0x00, 0x00, 0x00, 0x00, 0x00, 0x00, 0x00,
    0x00, 0x00, 0x00, 0x00, 0x00, 0x00, 0x00, 0x00, 0x00, 0x00, 0x00, 0x00,
    0x00, 0x00, 0x00, 0x00, 0x00, 0x00, 0x00, 0x00, 0x00, 0x00, 0x00, 0x00,
    0x00, 0x00, 0x00, 0x00, 0x00, 0x00, 0x00, 0x00, 0x00, 0x00, 0x00, 0x00,
    0x00, 0x00, 0x00, 0x00, 0x00, 0x00, 0x00, 0x00, 0x00, 0x00, 0x00, 0x00,
    0x00, 0x00, 0x00, 0x00, 0x00, 0x00, 0x00, 0x00, 0x00, 0x00, 0x00, 0x00,
    0x00, 0x00, 0x00, 0x00, 0x00, 0x00, 0x00, 0x00, 0x00, 0x00, 0x00, 0x00,
    0x00, 0x00, 0x00, 0x00, 0x00, 0x00, 0x00, 0x00, 0x00, 0x00, 0x00, 0x00,
    0x00, 0x00, 0x00, 0x00, 0x00, 0x00, 0x00, 0x00, 0x00, 0x00, 0x00, 0x00,
    0x00, 0x00, 0x00, 0x00, 0x00, 0x00, 0x00, 0x00, 0x00, 0x00, 0x00, 0x00,
    0x00, 0x00, 0x00, 0x00, 0x00, 0x00, 0x00, 0x00, 0x00, 0x00, 0x00, 0x00,
    0x00, 0x00, 0x00, 0x00, 0x00, 0x00, 0x00, 0x00, 0x00, 0x00, 0x00, 0x00,
    0x00, 0x00, 0x00, 0x00, 0x00, 0x00, 0x00, 0x00, 0x00, 0x00, 0x00, 0x00,
    0x00, 0x00, 0x00, 0x00, 0x00, 0x00, 0x00, 0x00, 0x00, 0x00, 0x00, 0x00,
    0x00, 0x00, 0x00, 0x00, 0x00, 0x00, 0x00, 0x00, 0x00, 0x00, 0x00, 0x00,
    0x00, 0x00, 0x00, 0x00, 0x00, 0x00, 0x00, 0x00, 0x00, 0x00, 0x00, 0x00,
    0x00, 0x00, 0x00, 0x00, 0x00, 0x00, 0x00, 0x00, 0x00, 0x00, 0x00, 0x00,
    0x00, 0x00, 0x00, 0x00, 0x00, 0x00, 0x00, 0x00, 0x00, 0x00, 0x00, 0x00,
    0x00, 0x00, 0x00, 0x00, 0x00, 0x00, 0x00, 0x00, 0x00, 0x00, 0x00, 0x00,
    0x00, 0x00, 0x00, 0x00, 0x00, 0x00, 0x00, 0x00, 0x00, 0x00, 0x00, 0x00,
    0x00, 0x00, 0x00, 0x00, 0x00, 0x00, 0x00, 0x00, 0x00, 0x00, 0x00, 0x00,
    0x00, 0x00, 0x00, 0x00, 0x00, 0x00, 0x00, 0x00, 0x00, 0x00, 0x00, 0x00,
    0x00, 0x00, 0x00, 0x00, 0x00, 0x00, 0x00, 0x00, 0x00, 0x00, 0x00, 0x00,
    0x00, 0x00, 0x00, 0x00, 0x00, 0x00, 0x00, 0x00, 0x00, 0x00, 0x00, 0x00,
    0x00, 0x00, 0x00, 0x00, 0x00, 0x00, 0x00, 0x00, 0x00, 0x00, 0x00, 0x00,
    0x00, 0x00, 0x00, 0x00, 0x00, 0x00, 0x00, 0x00, 0x00, 0x00, 0x00, 0x00,
    0x00, 0x00, 0x00, 0x00, 0x00, 0x00, 0x00, 0x00, 0x00, 0x00, 0x00, 0x00,
    0x00, 0x00, 0x00, 0x00, 0x00, 0x00, 0x00, 0x00, 0x00, 0x00, 0x00, 0x00,
    0x00, 0x00, 0x00, 0x00, 0x00, 0x00, 0x00, 0x00, 0x00, 0x00, 0x00, 0x00,
    0x00, 0x00, 0x00, 0x00, 0x00, 0x00, 0x00, 0x00, 0x00, 0x00, 0x00, 0x00,
    0x00, 0x00, 0x00, 0x00, 0x00, 0x00, 0x00, 0x00, 0x00, 0x00, 0x00, 0x00,
    0x00, 0x00, 0x00, 0x00, 0x00, 0x00, 0x00, 0x00, 0x00, 0x00, 0x00, 0x00,
    0x00, 0x00, 0x00, 0x00, 0x00, 0x00, 0x00, 0x00, 0x00, 0x00, 0x00, 0x00,
    0x3c, 0x00, 0x00, 0x00, 0x55, 0x39, 0x0a, 0x3c, 0x13, 0x43, 0x0f, 0x3c,
    0x67, 0x5e, 0x11, 0x3c, 0x59, 0xfe, 0xe3, 0x3b, 0x99, 0xb0, 0xe1, 0x3b,
    0x76, 0x82, 0xfb, 0x3b, 0xca, 0x33, 0x15, 0x3c, 0x3f, 0x3a, 0x11, 0x3c,
    0xcc, 0xbb, 0xa0, 0x3b, 0x3b, 0x2c, 0x05, 0x3c, 0x54, 0x67, 0x1e, 0x3c,
    0xb6, 0x57, 0x23, 0x3c, 0x46, 0xac, 0xee, 0x3b, 0x07, 0x48, 0xd5, 0x3b,
    0x6c, 0xd8, 0xfd, 0x3b, 0x8b, 0x1f, 0x00, 0x3c, 0xac, 0x96, 0xee, 0x3b,
    0xb6, 0x4e, 0x0d, 0x3c, 0xfc, 0x60, 0xce, 0x3b, 0x5a, 0xed, 0x05, 0x3c,
    0xca, 0xaf, 0xad, 0x3b, 0x4d, 0x75, 0x33, 0x3c, 0x1f, 0xad, 0xf0, 0x3b,
    0x2a, 0x91, 0xb4, 0x3b, 0xf4, 0xee, 0x1c, 0x3c, 0x10, 0xcd, 0x22, 0x3c,
    0x36, 0xfe, 0xc3, 0x3b, 0xc6, 0x09, 0xf4, 0x3b, 0x3a, 0xbd, 0xc0, 0x3b,
    0x3f, 0x85, 0xd5, 0x3b, 0xe9, 0x11, 0xa1, 0x3b, 0x9f, 0x7e, 0xd4, 0x3b,
    0x52, 0xc9, 0xe1, 0x3b, 0x09, 0x89, 0xd9, 0x3b, 0x74, 0xef, 0xf5, 0x3b,
    0xf2, 0x7c, 0x92, 0x3b, 0xf2, 0xbc, 0xda, 0x3b, 0x07, 0xf6, 0x27, 0x3c,
    0x86, 0x13, 0xa4, 0x3b, 0xdc, 0x93, 0x08, 0x3c, 0xda, 0x2d, 0xe4, 0x3b,
    0x4e, 0xc4, 0xe9, 0x3b, 0x0f, 0xd8, 0x30, 0x3c, 0x4c, 0xe6, 0x85, 0x3b,
    0x17, 0x71, 0xad, 0x3b, 0xf9, 0x84, 0xfd, 0x3b, 0xaa, 0x3c, 0xf4, 0x3b,
    0x6c, 0x4f, 0x14, 0x3c, 0xad, 0x7b, 0x01, 0x3c, 0x19, 0x84, 0xe1, 0x3b,
    0x12, 0x80, 0x89, 0x3b, 0x6f, 0x55, 0xe0, 0x3b, 0xf8, 0xb2, 0xb6, 0x3b,
    0x47, 0x0d, 0x97, 0x3b, 0xb9, 0x17, 0xda, 0x3b, 0x34, 0x96, 0xc4, 0x3b,
    0x2e, 0x32, 0x08, 0x3c, 0x46, 0x68, 0x90, 0x3b, 0x33, 0x9f, 0xbb, 0x3b,
    0x41, 0x6b, 0x07, 0x3c, 0x12, 0x00, 0x00, 0x00, 0x74, 0x66, 0x6c, 0x2e,
    0x70, 0x73, 0x65, 0x75, 0x64, 0x6f, 0x5f, 0x71, 0x63, 0x6f, 0x6e, 0x73,
    0x74, 0x37, 0x00, 0x00, 0x04, 0x00, 0x00, 0x00, 0x3c, 0x00, 0x00, 0x00,
    0x01, 0x00, 0x00, 0x00, 0x01, 0x00, 0x00, 0x00, 0x3c, 0x00, 0x00, 0x00,
    0xe2, 0xed, 0xff, 0xff, 0x00, 0x00, 0x00, 0x01, 0x14, 0x00, 0x00, 0x00,
    0xf4, 0x02, 0x00, 0x00, 0x0e, 0x00, 0x00, 0x00, 0x00, 0x00, 0x00, 0x02,
    0x00, 0x03, 0x00, 0x00, 0xcc, 0xed, 0xff, 0xff, 0x08, 0x00, 0x00, 0x00,
    0xe8, 0x01, 0x00, 0x00, 0x3c, 0x00, 0x00, 0x00, 0x00, 0x00, 0x00, 0x00,
    0x00, 0x00, 0x00, 0x00, 0x00, 0x00, 0x00, 0x00, 0x00, 0x00, 0x00, 0x00,
    0x00, 0x00, 0x00, 0x00, 0x00, 0x00, 0x00, 0x00, 0x00, 0x00, 0x00, 0x00,
    0x00, 0x00, 0x00, 0x00, 0x00, 0x00, 0x00, 0x00, 0x00, 0x00, 0x00, 0x00,
    0x00, 0x00, 0x00, 0x00, 0x00, 0x00, 0x00, 0x00, 0x00, 0x00, 0x00, 0x00,
    0x00, 0x00, 0x00, 0x00, 0x00, 0x00, 0x00, 0x00, 0x00, 0x00, 0x00, 0x00,
    0x00, 0x00, 0x00, 0x00, 0x00, 0x00, 0x00, 0x00, 0x00, 0x00, 0x00, 0x00,
    0x00, 0x00, 0x00, 0x00, 0x00, 0x00, 0x00, 0x00, 0x00, 0x00, 0x00, 0x00,
    0x00, 0x00, 0x00, 0x00, 0x00, 0x00, 0x00, 0x00, 0x00, 0x00, 0x00, 0x00,
    0x00, 0x00, 0x00, 0x00, 0x00, 0x00, 0x00, 0x00, 0x00, 0x00, 0x00, 0x00,
    0x00, 0x00, 0x00, 0x00, 0x00, 0x00, 0x00, 0x00, 0x00, 0x00, 0x00, 0x00,
    0x00, 0x00, 0x00, 0x00, 0x00, 0x00, 0x00, 0x00, 0x00, 0x00, 0x00, 0x00,
    0x00, 0x00, 0x00, 0x00, 0x00, 0x00, 0x00, 0x00, 0x00, 0x00, 0x00, 0x00,
    0x00, 0x00, 0x00, 0x00, 0x00, 0x00, 0x00, 0x00, 0x00, 0x00, 0x00, 0x00,
    0x00, 0x00, 0x00, 0x00, 0x00, 0x00, 0x00, 0x00, 0x00, 0x00, 0x00, 0x00,
    0x00, 0x00, 0x00, 0x00, 0x00, 0x00, 0x00, 0x00, 0x00, 0x00, 0x00, 0x00,
    0x00, 0x00, 0x00, 0x00, 0x00, 0x00, 0x00, 0x00, 0x00, 0x00, 0x00, 0x00,
    0x00, 0x00, 0x00, 0x00, 0x00, 0x00, 0x00, 0x00, 0x00, 0x00, 0x00, 0x00,
    0x00, 0x00, 0x00, 0x00, 0x00, 0x00, 0x00, 0x00, 0x00, 0x00, 0x00, 0x00,
    0x00, 0x00, 0x00, 0x00, 0x00, 0x00, 0x00, 0x00, 0x00, 0x00, 0x00, 0x00,
    0x00, 0x00, 0x00, 0x00, 0x00, 0x00, 0x00, 0x00, 0x00, 0x00, 0x00, 0x00,
    0x00, 0x00, 0x00, 0x00, 0x00, 0x00, 0x00, 0x00, 0x00, 0x00, 0x00, 0x00,
    0x00, 0x00, 0x00, 0x00, 0x00, 0x00, 0x00, 0x00, 0x00, 0x00, 0x00, 0x00,
    0x00, 0x00, 0x00, 0x00, 0x00, 0x00, 0x00, 0x00, 0x00, 0x00, 0x00, 0x00,
    0x00, 0x00, 0x00, 0x00, 0x00, 0x00, 0x00, 0x00, 0x00, 0x00, 0x00, 0x00,
    0x00, 0x00, 0x00, 0x00, 0x00, 0x00, 0x00, 0x00, 0x00, 0x00, 0x00, 0x00,
    0x00, 0x00, 0x00, 0x00, 0x00, 0x00, 0x00, 0x00, 0x00, 0x00, 0x00, 0x00,
    0x00, 0x00, 0x00, 0x00, 0x00, 0x00, 0x00, 0x00, 0x00, 0x00, 0x00, 0x00,
    0x00, 0x00, 0x00, 0x00, 0x00, 0x00, 0x00, 0x00, 0x00, 0x00, 0x00, 0x00,
    0x00, 0x00, 0x00, 0x00, 0x00, 0x00, 0x00, 0x00, 0x00, 0x00, 0x00, 0x00,
    0x00, 0x00, 0x00, 0x00, 0x00, 0x00, 0x00, 0x00, 0x00, 0x00, 0x00, 0x00,
    0x00, 0x00, 0x00, 0x00, 0x00, 0x00, 0x00, 0x00, 0x00, 0x00, 0x00, 0x00,
    0x00, 0x00, 0x00, 0x00, 0x00, 0x00, 0x00, 0x00, 0x00, 0x00, 0x00, 0x00,
    0x00, 0x00, 0x00, 0x00, 0x00, 0x00, 0x00, 0x00, 0x00, 0x00, 0x00, 0x00,
    0x00, 0x00, 0x00, 0x00, 0x00, 0x00, 0x00, 0x00, 0x00, 0x00, 0x00, 0x00,
    0x00, 0x00, 0x00, 0x00, 0x00, 0x00, 0x00, 0x00, 0x00, 0x00, 0x00, 0x00,
    0x00, 0x00, 0x00, 0x00, 0x00, 0x00, 0x00, 0x00, 0x00, 0x00, 0x00, 0x00,
    0x00, 0x00, 0x00, 0x00, 0x00, 0x00, 0x00, 0x00, 0x00, 0x00, 0x00, 0x00,
    0x00, 0x00, 0x00, 0x00, 0x00, 0x00, 0x00, 0x00, 0x00, 0x00, 0x00, 0x00,
    0x00, 0x00, 0x00, 0x00, 0x00, 0x00, 0x00, 0x00, 0x00, 0x00, 0x00, 0x00,
    0x00, 0x00, 0x00, 0x00, 0x00, 0x00, 0x00, 0x00, 0x3c, 0x00, 0x00, 0x00,
    0xf7, 0x37, 0x04, 0x39, 0xac, 0x09, 0x09, 0x39, 0x91, 0x0d, 0x0b, 0x39,
    0x89, 0x16, 0xda, 0x38, 0x68, 0xe2, 0xd7, 0x38, 0x19, 0x95, 0xf0, 0x38,
    0x51, 0xb8, 0x0e, 0x39, 0xfb, 0xea, 0x0a, 0x39, 0x12, 0xc0, 0x99, 0x38,
    0x16, 0xc6, 0xfe, 0x38, 0x84, 0x85, 0x17, 0x39, 0xf7, 0x3e, 0x1c, 0x39,
    0xae, 0x4d, 0xe4, 0x38, 0xd9, 0x03, 0xcc, 0x38, 0x14, 0xd1, 0xf2, 0x38,
    0x09, 0x1d, 0xf5, 0x38, 0x05, 0x39, 0xe4, 0x38, 0x0c, 0x2b, 0x07, 0x39,
    0x94, 0x69, 0xc5, 0x38, 0xc6, 0x1b, 0x00, 0x39, 0xfe, 0x23, 0xa6, 0x38,
    0x50, 0xa9, 0x2b, 0x39, 0x3f, 0x38, 0xe6, 0x38, 0xd8, 0xb8, 0xac, 0x38,
    0x7e, 0x1d, 0x16, 0x39, 0x57, 0xba, 0x1b, 0x39, 0x51, 0x7a, 0xbb, 0x38,
    0x82, 0x6f, 0xe9, 0x38, 0x86, 0x5d, 0xb8, 0x38, 0x68, 0x3e, 0xcc, 0x38,
    0x71, 0x12, 0x9a, 0x38, 0x31, 0x43, 0xcb, 0x38, 0x0e, 0xfa, 0xd7, 0x38,
    0x8b, 0x15, 0xd0, 0x38, 0x16, 0x40, 0xeb, 0x38, 0xa9, 0x1f, 0x8c, 0x38,
    0x13, 0x3c, 0xd1, 0x38, 0xea, 0xa9, 0x20, 0x39, 0x9e, 0xf2, 0x9c, 0x38,
    0xcd, 0xa4, 0x02, 0x39, 0xfa, 0x43, 0xda, 0x38, 0x48, 0x9c, 0xdf, 0x38,
    0x26, 0x29, 0x29, 0x39, 0x07, 0x15, 0x80, 0x38, 0x05, 0xe8, 0xa5, 0x38,
    0x41, 0x81, 0xf2, 0x38, 0x30, 0xa0, 0xe9, 0x38, 0xdf, 0xdd, 0x0d, 0x39,
    0x0d, 0xb7, 0xf7, 0x38, 0xd7, 0xb7, 0xd7, 0x38, 0xc0, 0x86, 0x83, 0x38,
    0x54, 0x96, 0xd6, 0x38, 0xef, 0xc2, 0xae, 0x38, 0x3c, 0x7d, 0x90, 0x38,
    0x08, 0x9e, 0xd0, 0x38, 0xb5, 0x0b, 0xbc, 0x38, 0x5e, 0x47, 0x02, 0x39,
    0x22, 0x22, 0x8a, 0x38, 0x6a, 0x78, 0xb3, 0x38, 0x15, 0x89, 0x01, 0x39,
    0x12, 0x00, 0x00, 0x00, 0x74, 0x66, 0x6c, 0x2e, 0x70, 0x73, 0x65, 0x75,
    0x64, 0x6f, 0x5f, 0x71, 0x63, 0x6f, 0x6e, 0x73, 0x74, 0x36, 0x00, 0x00,
    0x01, 0x00, 0x00, 0x00, 0x3c, 0x00, 0x00, 0x00, 0x00, 0x00, 0x16, 0x00,
    0x1e, 0x00, 0x18, 0x00, 0x17, 0x00, 0x10, 0x00, 0x0c, 0x00, 0x08, 0x00,
    0x00, 0x00, 0x00, 0x00, 0x00, 0x00, 0x07, 0x00, 0x16, 0x00, 0x00, 0x00,
    0x00, 0x00, 0x00, 0x01, 0x28, 0x00, 0x00, 0x00, 0x10, 0x03, 0x00, 0x00,
    0x0d, 0x00, 0x00, 0x00, 0x00, 0x00, 0x00, 0x09, 0x1c, 0x03, 0x00, 0x00,
    0x00, 0x00, 0x12, 0x00, 0x10, 0x00, 0x00, 0x00, 0x00, 0x00, 0x0c, 0x00,
    0x08, 0x00, 0x00, 0x00, 0x00, 0x00, 0x04, 0x00, 0x12, 0x00, 0x00, 0x00,
    0x03, 0x00, 0x00, 0x00, 0x08, 0x00, 0x00, 0x00, 0xec, 0x01, 0x00, 0x00,
    0x3c, 0x00, 0x00, 0x00, 0x00, 0x00, 0x00, 0x00, 0x00, 0x00, 0x00, 0x00,
    0x00, 0x00, 0x00, 0x00, 0x00, 0x00, 0x00, 0x00, 0x00, 0x00, 0x00, 0x00,
    0x00, 0x00, 0x00, 0x00, 0x00, 0x00, 0x00, 0x00, 0x00, 0x00, 0x00, 0x00,
    0x00, 0x00, 0x00, 0x00, 0x00, 0x00, 0x00, 0x00, 0x00, 0x00, 0x00, 0x00,
    0x00, 0x00, 0x00, 0x00, 0x00, 0x00, 0x00, 0x00, 0x00, 0x00, 0x00, 0x00,
    0x00, 0x00, 0x00, 0x00, 0x00, 0x00, 0x00, 0x00, 0x00, 0x00, 0x00, 0x00,
    0x00, 0x00, 0x00, 0x00, 0x00, 0x00, 0x00, 0x00, 0x00, 0x00, 0x00, 0x00,
    0x00, 0x00, 0x00, 0x00, 0x00, 0x00, 0x00, 0x00, 0x00, 0x00, 0x00, 0x00,
    0x00, 0x00, 0x00, 0x00, 0x00, 0x00, 0x00, 0x00, 0x00, 0x00, 0x00, 0x00,
    0x00, 0x00, 0x00, 0x00, 0x00, 0x00, 0x00, 0x00, 0x00, 0x00, 0x00, 0x00,
    0x00, 0x00, 0x00, 0x00, 0x00, 0x00, 0x00, 0x00, 0x00, 0x00, 0x00, 0x00,
    0x00, 0x00, 0x00, 0x00, 0x00, 0x00, 0x00, 0x00, 0x00, 0x00, 0x00, 0x00,
    0x00, 0x00, 0x00, 0x00, 0x00, 0x00, 0x00, 0x00, 0x00, 0x00, 0x00, 0x00,
    0x00, 0x00, 0x00, 0x00, 0x00, 0x00, 0x00, 0x00, 0x00, 0x00, 0x00, 0x00,
    0x00, 0x00, 0x00, 0x00, 0x00, 0x00, 0x00, 0x00, 0x00, 0x00, 0x00, 0x00,
    0x00, 0x00, 0x00, 0x00, 0x00, 0x00, 0x00, 0x00, 0x00, 0x00, 0x00, 0x00,
    0x00, 0x00, 0x00, 0x00, 0x00, 0x00, 0x00, 0x00, 0x00, 0x00, 0x00, 0x00,
    0x00, 0x00, 0x00, 0x00, 0x00, 0x00, 0x00, 0x00, 0x00, 0x00, 0x00, 0x00,
    0x00, 0x00, 0x00, 0x00, 0x00, 0x00, 0x00, 0x00, 0x00, 0x00, 0x00, 0x00,
    0x00, 0x00, 0x00, 0x00, 0x00, 0x00, 0x00, 0x00, 0x00, 0x00, 0x00, 0x00,
    0x00, 0x00, 0x00, 0x00, 0x00, 0x00, 0x00, 0x00, 0x00, 0x00, 0x00, 0x00,
    0x00, 0x00, 0x00, 0x00, 0x00, 0x00, 0x00, 0x00, 0x00, 0x00, 0x00, 0x00,
    0x00, 0x00, 0x00, 0x00, 0x00, 0x00, 0x00, 0x00, 0x00, 0x00, 0x00, 0x00,
    0x00, 0x00, 0x00, 0x00, 0x00, 0x00, 0x00, 0x00, 0x00, 0x00, 0x00, 0x00,
    0x00, 0x00, 0x00, 0x00, 0x00, 0x00, 0x00, 0x00, 0x00, 0x00, 0x00, 0x00,
    0x00, 0x00, 0x00, 0x00, 0x00, 0x00, 0x00, 0x00, 0x00, 0x00, 0x00, 0x00,
    0x00, 0x00, 0x00, 0x00, 0x00, 0x00, 0x00, 0x00, 0x00, 0x00, 0x00, 0x00,
    0x00, 0x00, 0x00, 0x00, 0x00, 0x00, 0x00, 0x00, 0x00, 0x00, 0x00, 0x00,
    0x00, 0x00, 0x00, 0x00, 0x00, 0x00, 0x00, 0x00, 0x00, 0x00, 0x00, 0x00,
    0x00, 0x00, 0x00, 0x00, 0x00, 0x00, 0x00, 0x00, 0x00, 0x00, 0x00, 0x00,
    0x00, 0x00, 0x00, 0x00, 0x00, 0x00, 0x00, 0x00, 0x00, 0x00, 0x00, 0x00,
    0x00, 0x00, 0x00, 0x00, 0x00, 0x00, 0x00, 0x00, 0x00, 0x00, 0x00, 0x00,
    0x00, 0x00, 0x00, 0x00, 0x00, 0x00, 0x00, 0x00, 0x00, 0x00, 0x00, 0x00,
    0x00, 0x00, 0x00, 0x00, 0x00, 0x00, 0x00, 0x00, 0x00, 0x00, 0x00, 0x00,
    0x00, 0x00, 0x00, 0x00, 0x00, 0x00, 0x00, 0x00, 0x00, 0x00, 0x00, 0x00,
    0x00, 0x00, 0x00, 0x00, 0x00, 0x00, 0x00, 0x00, 0x00, 0x00, 0x00, 0x00,
    0x00, 0x00, 0x00, 0x00, 0x00, 0x00, 0x00, 0x00, 0x00, 0x00, 0x00, 0x00,
    0x00, 0x00, 0x00, 0x00, 0x00, 0x00, 0x00, 0x00, 0x00, 0x00, 0x00, 0x00,
    0x00, 0x00, 0x00, 0x00, 0x00, 0x00, 0x00, 0x00, 0x00, 0x00, 0x00, 0x00,
    0x00, 0x00, 0x00, 0x00, 0x00, 0x00, 0x00, 0x00, 0x00, 0x00, 0x00, 0x00,
    0x00, 0x00, 0x00, 0x00, 0x00, 0x00, 0x00, 0x00, 0x3c, 0x00, 0x00, 0x00,
    0xaa, 0x4b, 0xb9, 0x3a, 0xde, 0x4e, 0x1f, 0x3b, 0x16, 0x99, 0xf6, 0x3a,
    0x58, 0x9c, 0xe8, 0x3a, 0xea, 0xaa, 0xbc, 0x3a, 0x59, 0x06, 0xf7, 0x3a,
    0x8a, 0x8f, 0xc2, 0x3a, 0x5e, 0xb6, 0x19, 0x3b, 0xd1, 0xd1, 0xb1, 0x3a,
    0xe9, 0x9a, 0xe7, 0x3a, 0xd3, 0x0d, 0x03, 0x3b, 0x9c, 0x03, 0x0d, 0x3b,
    0x93, 0x88, 0x27, 0x3b, 0x88, 0xeb, 0x05, 0x3b, 0xd2, 0xfa, 0x0c, 0x3b,
    0xa0, 0x68, 0xab, 0x3a, 0x99, 0xd1, 0x37, 0x3b, 0xba, 0x94, 0x08, 0x3b,
    0xc3, 0xec, 0xad, 0x3a, 0x7e, 0x3a, 0x1e, 0x3b, 0xbc, 0x29, 0xca, 0x3a,
    0x75, 0xc4, 0x02, 0x3b, 0xf3, 0xdf, 0xb3, 0x3a, 0x00, 0x09, 0xbe, 0x3a,
    0xf4, 0xcb, 0x02, 0x3b, 0x28, 0x10, 0x8d, 0x3b, 0x74, 0xa5, 0xf6, 0x3a,
    0xb0, 0x7d, 0x99, 0x3a, 0x77, 0x55, 0x8c, 0x3a, 0x45, 0x9a, 0xbf, 0x3a,
    0x03, 0xb9, 0xd8, 0x3a, 0xac, 0xe2, 0xe1, 0x3a, 0x7f, 0x32, 0xcf, 0x3a,
    0x1c, 0x0a, 0xa8, 0x3a, 0xb7, 0x3d, 0x16, 0x3b, 0x13, 0xa4, 0x9a, 0x3a,
    0xc3, 0x9e, 0x09, 0x3b, 0xcd, 0xe4, 0x72, 0x3b, 0x1a, 0x38, 0xb1, 0x3a,
    0x41, 0x2a, 0xbf, 0x3a, 0x69, 0x13, 0x13, 0x3b, 0xca, 0xe7, 0xc9, 0x3a,
    0x2e, 0xe7, 0x38, 0x3b, 0xe8, 0x50, 0x83, 0x3a, 0x39, 0x24, 0xef, 0x3a,
    0x0b, 0xb2, 0xd2, 0x3a, 0x56, 0x41, 0x2c, 0x3b, 0xaf, 0xc8, 0x03, 0x3b,
    0xdf, 0x20, 0x0f, 0x3b, 0x90, 0x18, 0xda, 0x3a, 0x0c, 0x16, 0x50, 0x3a,
    0x2c, 0x95, 0x13, 0x3b, 0xc9, 0x9d, 0xd3, 0x3a, 0xf5, 0xd6, 0xbf, 0x3a,
    0x1e, 0x50, 0xdd, 0x3a, 0xcd, 0x18, 0x27, 0x3b, 0x5b, 0x17, 0x0b, 0x3b,
    0x75, 0x38, 0x17, 0x3b, 0x25, 0x86, 0x14, 0x3b, 0x80, 0xb3, 0xf3, 0x3a,
    0x12, 0x00, 0x00, 0x00, 0x74, 0x66, 0x6c, 0x2e, 0x70, 0x73, 0x65, 0x75,
    0x64, 0x6f, 0x5f, 0x71, 0x63, 0x6f, 0x6e, 0x73, 0x74, 0x35, 0x00, 0x00,
    0x04, 0x00, 0x00, 0x00, 0x01, 0x00, 0x00, 0x00, 0x15, 0x00, 0x00, 0x00,
    0x01, 0x00, 0x00, 0x00, 0x3c, 0x00, 0x00, 0x00, 0x62, 0xf4, 0xff, 0xff,
    0x00, 0x00, 0x00, 0x01, 0x14, 0x00, 0x00, 0x00, 0xf4, 0x02, 0x00, 0x00,
    0x0c, 0x00, 0x00, 0x00, 0x00, 0x00, 0x00, 0x02, 0x00, 0x03, 0x00, 0x00,
    0x4c, 0xf4, 0xff, 0xff, 0x08, 0x00, 0x00, 0x00, 0xe8, 0x01, 0x00, 0x00,
    0x3c, 0x00, 0x00, 0x00, 0x00, 0x00, 0x00, 0x00, 0x00, 0x00, 0x00, 0x00,
    0x00, 0x00, 0x00, 0x00, 0x00, 0x00, 0x00, 0x00, 0x00, 0x00, 0x00, 0x00,
    0x00, 0x00, 0x00, 0x00, 0x00, 0x00, 0x00, 0x00, 0x00, 0x00, 0x00, 0x00,
    0x00, 0x00, 0x00, 0x00, 0x00, 0x00, 0x00, 0x00, 0x00, 0x00, 0x00, 0x00,
    0x00, 0x00, 0x00, 0x00, 0x00, 0x00, 0x00, 0x00, 0x00, 0x00, 0x00, 0x00,
    0x00, 0x00, 0x00, 0x00, 0x00, 0x00, 0x00, 0x00, 0x00, 0x00, 0x00, 0x00,
    0x00, 0x00, 0x00, 0x00, 0x00, 0x00, 0x00, 0x00, 0x00, 0x00, 0x00, 0x00,
    0x00, 0x00, 0x00, 0x00, 0x00, 0x00, 0x00, 0x00, 0x00, 0x00, 0x00, 0x00,
    0x00, 0x00, 0x00, 0x00, 0x00, 0x00, 0x00, 0x00, 0x00, 0x00, 0x00, 0x00,
    0x00, 0x00, 0x00, 0x00, 0x00, 0x00, 0x00, 0x00, 0x00, 0x00, 0x00, 0x00,
    0x00, 0x00, 0x00, 0x00, 0x00, 0x00, 0x00, 0x00, 0x00, 0x00, 0x00, 0x00,
    0x00, 0x00, 0x00, 0x00, 0x00, 0x00, 0x00, 0x00, 0x00, 0x00, 0x00, 0x00,
    0x00, 0x00, 0x00, 0x00, 0x00, 0x00, 0x00, 0x00, 0x00, 0x00, 0x00, 0x00,
    0x00, 0x00, 0x00, 0x00, 0x00, 0x00, 0x00, 0x00, 0x00, 0x00, 0x00, 0x00,
    0x00, 0x00, 0x00, 0x00, 0x00, 0x00, 0x00, 0x00, 0x00, 0x00, 0x00, 0x00,
    0x00, 0x00, 0x00, 0x00, 0x00, 0x00, 0x00, 0x00, 0x00, 0x00, 0x00, 0x00,
    0x00, 0x00, 0x00, 0x00, 0x00, 0x00, 0x00, 0x00, 0x00, 0x00, 0x00, 0x00,
    0x00, 0x00, 0x00, 0x00, 0x00, 0x00, 0x00, 0x00, 0x00, 0x00, 0x00, 0x00,
    0x00, 0x00, 0x00, 0x00, 0x00, 0x00, 0x00, 0x00, 0x00, 0x00, 0x00, 0x00,
    0x00, 0x00, 0x00, 0x00, 0x00, 0x00, 0x00, 0x00, 0x00, 0x00, 0x00, 0x00,
    0x00, 0x00, 0x00, 0x00, 0x00, 0x00, 0x00, 0x00, 0x00, 0x00, 0x00, 0x00,
    0x00, 0x00, 0x00, 0x00, 0x00, 0x00, 0x00, 0x00, 0x00, 0x00, 0x00, 0x00,
    0x00, 0x00, 0x00, 0x00, 0x00, 0x00, 0x00, 0x00, 0x00, 0x00, 0x00, 0x00,
    0x00, 0x00, 0x00, 0x00, 0x00, 0x00, 0x00, 0x00, 0x00, 0x00, 0x00, 0x00,
    0x00, 0x00, 0x00, 0x00, 0x00, 0x00, 0x00, 0x00, 0x00, 0x00, 0x00, 0x00,
    0x00, 0x00, 0x00, 0x00, 0x00, 0x00, 0x00, 0x00, 0x00, 0x00, 0x00, 0x00,
    0x00, 0x00, 0x00, 0x00, 0x00, 0x00, 0x00, 0x00, 0x00, 0x00, 0x00, 0x00,
    0x00, 0x00, 0x00, 0x00, 0x00, 0x00, 0x00, 0x00, 0x00, 0x00, 0x00, 0x00,
    0x00, 0x00, 0x00, 0x00, 0x00, 0x00, 0x00, 0x00, 0x00, 0x00, 0x00, 0x00,
    0x00, 0x00, 0x00, 0x00, 0x00, 0x00, 0x00, 0x00, 0x00, 0x00, 0x00, 0x00,
    0x00, 0x00, 0x00, 0x00, 0x00, 0x00, 0x00, 0x00, 0x00, 0x00, 0x00, 0x00,
    0x00, 0x00, 0x00, 0x00, 0x00, 0x00, 0x00, 0x00, 0x00, 0x00, 0x00, 0x00,
    0x00, 0x00, 0x00, 0x00, 0x00, 0x00, 0x00, 0x00, 0x00, 0x00, 0x00, 0x00,
    0x00, 0x00, 0x00, 0x00, 0x00, 0x00, 0x00, 0x00, 0x00, 0x00, 0x00, 0x00,
    0x00, 0x00, 0x00, 0x00, 0x00, 0x00, 0x00, 0x00, 0x00, 0x00, 0x00, 0x00,
    0x00, 0x00, 0x00, 0x00, 0x00, 0x00, 0x00, 0x00, 0x00, 0x00, 0x00, 0x00,
    0x00, 0x00, 0x00, 0x00, 0x00, 0x00, 0x00, 0x00, 0x00, 0x00, 0x00, 0x00,
    0x00, 0x00, 0x00, 0x00, 0x00, 0x00, 0x00, 0x00, 0x00, 0x00, 0x00, 0x00,
    0x00, 0x00, 0x00, 0x00, 0x00, 0x00, 0x00, 0x00, 0x00, 0x00, 0x00, 0x00,
    0x00, 0x00, 0x00, 0x00, 0x00, 0x00, 0x00, 0x00, 0x00, 0x00, 0x00, 0x00,
    0x00, 0x00, 0x00, 0x00, 0x3c, 0x00, 0x00, 0x00, 0xb5, 0x16, 0xbd, 0x37,
    0xb9, 0x91, 0x22, 0x38, 0x63, 0xa5, 0xfb, 0x37, 0x58, 0x5f, 0xed, 0x37,
    0xa1, 0x87, 0xc0, 0x37, 0xe2, 0x14, 0xfc, 0x37, 0x23, 0x8b, 0xc6, 0x37,
    0xe6, 0xdb, 0x1c, 0x38, 0xae, 0x75, 0xb5, 0x37, 0xa4, 0x58, 0xec, 0x37,
    0x9d, 0xbc, 0x05, 0x38, 0x98, 0xe6, 0x0f, 0x38, 0x89, 0xf6, 0x2a, 0x38,
    0x57, 0xa9, 0x08, 0x38, 0xa0, 0xdd, 0x0f, 0x38, 0xe5, 0xea, 0xae, 0x37,
    0xe7, 0x94, 0x3b, 0x38, 0x7b, 0x60, 0x0b, 0x38, 0x37, 0x7c, 0xb1, 0x37,
    0xb1, 0x77, 0x21, 0x38, 0x2c, 0x4d, 0xce, 0x37, 0xbf, 0x71, 0x05, 0x38,
    0x96, 0x8e, 0xb7, 0x37, 0xe2, 0xec, 0xc1, 0x37, 0x65, 0x79, 0x05, 0x38,
    0x66, 0xf3, 0x8f, 0x38, 0x01, 0xb2, 0xfb, 0x37, 0x0f, 0xa2, 0x9c, 0x37,
    0xe3, 0x34, 0x8f, 0x37, 0x5d, 0x86, 0xc3, 0x37, 0xc0, 0x28, 0xdd, 0x37,
    0x6d, 0x82, 0xe6, 0x37, 0x51, 0x70, 0xd3, 0x37, 0xb9, 0x7a, 0xab, 0x37,
    0x0e, 0x51, 0x19, 0x38, 0x79, 0xce, 0x9d, 0x37, 0xf6, 0x6f, 0x0c, 0x38,
    0xb0, 0xdd, 0x77, 0x38, 0xd2, 0xd8, 0xb4, 0x37, 0x0e, 0x14, 0xc3, 0x37,
    0x2a, 0x16, 0x16, 0x38, 0xe0, 0x09, 0xce, 0x37, 0x2a, 0xb0, 0x3c, 0x38,
    0x12, 0x01, 0x86, 0x37, 0x72, 0x09, 0xf4, 0x37, 0x32, 0x02, 0xd7, 0x37,
    0x0a, 0xc8, 0x2f, 0x38, 0x4c, 0x7b, 0x06, 0x38, 0xf0, 0x0e, 0x12, 0x38,
    0x7f, 0x8f, 0xde, 0x37, 0x86, 0x58, 0x54, 0x37, 0x95, 0x9a, 0x16, 0x38,
    0xc3, 0xf2, 0xd7, 0x37, 0x4b, 0xc4, 0xc3, 0x37, 0xe9, 0xd7, 0xe1, 0x37,
    0x79, 0x84, 0x2a, 0x38, 0x44, 0xf0, 0x0d, 0x38, 0xee, 0x50, 0x1a, 0x38,
    0x7c, 0x90, 0x17, 0x38, 0x9e, 0xb0, 0xf8, 0x37, 0x12, 0x00, 0x00, 0x00,
    0x74, 0x66, 0x6c, 0x2e, 0x70, 0x73, 0x65, 0x75, 0x64, 0x6f, 0x5f, 0x71,
    0x63, 0x6f, 0x6e, 0x73, 0x74, 0x34, 0x00, 0x00, 0x01, 0x00, 0x00, 0x00,
    0x3c, 0x00, 0x00, 0x00, 0x82, 0xf7, 0xff, 0xff, 0x00, 0x00, 0x00, 0x01,
    0x14, 0x00, 0x00, 0x00, 0xf8, 0x02, 0x00, 0x00, 0x0b, 0x00, 0x00, 0x00,
    0x00, 0x00, 0x00, 0x09, 0x04, 0x03, 0x00, 0x00, 0x6c, 0xf7, 0xff, 0xff,
    0x08, 0x00, 0x00, 0x00, 0xec, 0x01, 0x00, 0x00, 0x3c, 0x00, 0x00, 0x00,
    0x00, 0x00, 0x00, 0x00, 0x00, 0x00, 0x00, 0x00, 0x00, 0x00, 0x00, 0x00,
    0x00, 0x00, 0x00, 0x00, 0x00, 0x00, 0x00, 0x00, 0x00, 0x00, 0x00, 0x00,
    0x00, 0x00, 0x00, 0x00, 0x00, 0x00, 0x00, 0x00, 0x00, 0x00, 0x00, 0x00,
    0x00, 0x00, 0x00, 0x00, 0x00, 0x00, 0x00, 0x00, 0x00, 0x00, 0x00, 0x00,
    0x00, 0x00, 0x00, 0x00, 0x00, 0x00, 0x00, 0x00, 0x00, 0x00, 0x00, 0x00,
    0x00, 0x00, 0x00, 0x00, 0x00, 0x00, 0x00, 0x00, 0x00, 0x00, 0x00, 0x00,
    0x00, 0x00, 0x00, 0x00, 0x00, 0x00, 0x00, 0x00, 0x00, 0x00, 0x00, 0x00,
    0x00, 0x00, 0x00, 0x00, 0x00, 0x00, 0x00, 0x00, 0x00, 0x00, 0x00, 0x00,
    0x00, 0x00, 0x00, 0x00, 0x00, 0x00, 0x00, 0x00, 0x00, 0x00, 0x00, 0x00,
    0x00, 0x00, 0x00, 0x00, 0x00, 0x00, 0x00, 0x00, 0x00, 0x00, 0x00, 0x00,
    0x00, 0x00, 0x00, 0x00, 0x00, 0x00, 0x00, 0x00, 0x00, 0x00, 0x00, 0x00,
    0x00, 0x00, 0x00, 0x00, 0x00, 0x00, 0x00, 0x00, 0x00, 0x00, 0x00, 0x00,
    0x00, 0x00, 0x00, 0x00, 0x00, 0x00, 0x00, 0x00, 0x00, 0x00, 0x00, 0x00,
    0x00, 0x00, 0x00, 0x00, 0x00, 0x00, 0x00, 0x00, 0x00, 0x00, 0x00, 0x00,
    0x00, 0x00, 0x00, 0x00, 0x00, 0x00, 0x00, 0x00, 0x00, 0x00, 0x00, 0x00,
    0x00, 0x00, 0x00, 0x00, 0x00, 0x00, 0x00, 0x00, 0x00, 0x00, 0x00, 0x00,
    0x00, 0x00, 0x00, 0x00, 0x00, 0x00, 0x00, 0x00, 0x00, 0x00, 0x00, 0x00,
    0x00, 0x00, 0x00, 0x00, 0x00, 0x00, 0x00, 0x00, 0x00, 0x00, 0x00, 0x00,
    0x00, 0x00, 0x00, 0x00, 0x00, 0x00, 0x00, 0x00, 0x00, 0x00, 0x00, 0x00,
    0x00, 0x00, 0x00, 0x00, 0x00, 0x00, 0x00, 0x00, 0x00, 0x00, 0x00, 0x00,
    0x00, 0x00, 0x00, 0x00, 0x00, 0x00, 0x00, 0x00, 0x00, 0x00, 0x00, 0x00,
    0x00, 0x00, 0x00, 0x00, 0x00, 0x00, 0x00, 0x00, 0x00, 0x00, 0x00, 0x00,
    0x00, 0x00, 0x00, 0x00, 0x00, 0x00, 0x00, 0x00, 0x00, 0x00, 0x00, 0x00,
    0x00, 0x00, 0x00, 0x00, 0x00, 0x00, 0x00, 0x00, 0x00, 0x00, 0x00, 0x00,
    0x00, 0x00, 0x00, 0x00, 0x00, 0x00, 0x00, 0x00, 0x00, 0x00, 0x00, 0x00,
    0x00, 0x00, 0x00, 0x00, 0x00, 0x00, 0x00, 0x00, 0x00, 0x00, 0x00, 0x00,
    0x00, 0x00, 0x00, 0x00, 0x00, 0x00, 0x00, 0x00, 0x00, 0x00, 0x00, 0x00,
    0x00, 0x00, 0x00, 0x00, 0x00, 0x00, 0x00, 0x00, 0x00, 0x00, 0x00, 0x00,
    0x00, 0x00, 0x00, 0x00, 0x00, 0x00, 0x00, 0x00, 0x00, 0x00, 0x00, 0x00,
    0x00, 0x00, 0x00, 0x00, 0x00, 0x00, 0x00, 0x00, 0x00, 0x00, 0x00, 0x00,
    0x00, 0x00, 0x00, 0x00, 0x00, 0x00, 0x00, 0x00, 0x00, 0x00, 0x00, 0x00,
    0x00, 0x00, 0x00, 0x00, 0x00, 0x00, 0x00, 0x00, 0x00, 0x00, 0x00, 0x00,
    0x00, 0x00, 0x00, 0x00, 0x00, 0x00, 0x00, 0x00, 0x00, 0x00, 0x00, 0x00,
    0x00, 0x00, 0x00, 0x00, 0x00, 0x00, 0x00, 0x00, 0x00, 0x00, 0x00, 0x00,
    0x00, 0x00, 0x00, 0x00, 0x00, 0x00, 0x00, 0x00, 0x00, 0x00, 0x00, 0x00,
    0x00, 0x00, 0x00, 0x00, 0x00, 0x00, 0x00, 0x00, 0x00, 0x00, 0x00, 0x00,
    0x00, 0x00, 0x00, 0x00, 0x00, 0x00, 0x00, 0x00, 0x00, 0x00, 0x00, 0x00,
    0x00, 0x00, 0x00, 0x00, 0x00, 0x00, 0x00, 0x00, 0x00, 0x00, 0x00, 0x00,
    0x00, 0x00, 0x00, 0x00, 0x00, 0x00, 0x00, 0x00, 0x00, 0x00, 0x00, 0x00,
    0x00, 0x00, 0x00, 0x00, 0x00, 0x00, 0x00, 0x00, 0x00, 0x00, 0x00, 0x00,
    0x00, 0x00, 0x00, 0x00, 0x3c, 0x00, 0x00, 0x00, 0xd9, 0xf0, 0x8a, 0x3b,
    0x88, 0xd7, 0x86, 0x3b, 0xb7, 0x63, 0x9a, 0x3b, 0x6c, 0xab, 0x90, 0x3b,
    0xb6, 0x80, 0xc8, 0x3b, 0x78, 0x75, 0x62, 0x3b, 0xca, 0x0d, 0xb1, 0x3b,
    0xea, 0xa7, 0x81, 0x3b, 0x46, 0xa1, 0x9e, 0x3b, 0xbf, 0xb3, 0xb3, 0x3b,
    0x48, 0xdd, 0x8d, 0x3b, 0xce, 0xa6, 0x85, 0x3b, 0x45, 0xe0, 0xbe, 0x3b,
    0xd5, 0x8f, 0xb9, 0x3b, 0x39, 0xa8, 0x80, 0x3b, 0x0d, 0x01, 0xd3, 0x3b,
    0x30, 0x90, 0xc8, 0x3b, 0x6a, 0x0e, 0x98, 0x3b, 0x9d, 0x52, 0xa0, 0x3b,
    0xa3, 0xc7, 0xd8, 0x3b, 0x23, 0xcf, 0xa0, 0x3b, 0x36, 0xc2, 0xba, 0x3b,
    0xae, 0x68, 0x09, 0x3c, 0x59, 0xe4, 0x75, 0x3b, 0x5a, 0x32, 0xa4, 0x3b,
    0xc7, 0xe0, 0x85, 0x3b, 0x54, 0x51, 0xc6, 0x3b, 0x8c, 0xaa, 0xa0, 0x3b,
    0xbd, 0x8f, 0xcb, 0x3b, 0xde, 0x4c, 0x97, 0x3b, 0x7a, 0x41, 0x8d, 0x3b,
    0x95, 0xa8, 0x45, 0x3b, 0xee, 0x2f, 0x72, 0x3b, 0x0d, 0x12, 0x9b, 0x3b,
    0xca, 0xfb, 0xe0, 0x3b, 0x7c, 0xa0, 0x3b, 0x3b, 0xee, 0x1f, 0x9e, 0x3b,
    0xab, 0x09, 0x9d, 0x3b, 0x45, 0x7f, 0xa7, 0x3b, 0xec, 0x63, 0x93, 0x3b,
    0xeb, 0x9c, 0x8b, 0x3b, 0x9a, 0xd2, 0xa9, 0x3b, 0x91, 0xab, 0x8e, 0x3b,
    0x14, 0x72, 0x7c, 0x3b, 0x09, 0x24, 0x91, 0x3b, 0xce, 0xc9, 0xe7, 0x3b,
    0xbf, 0x5c, 0x62, 0x3b, 0x14, 0x97, 0xaf, 0x3b, 0x77, 0x27, 0xaa, 0x3b,
    0x64, 0xd4, 0x94, 0x3b, 0xe3, 0x90, 0x43, 0x3b, 0x98, 0x72, 0x62, 0x3b,
    0x5a, 0x4e, 0x76, 0x3b, 0x3e, 0x0b, 0xee, 0x3b, 0x14, 0x87, 0xa2, 0x3b,
    0x0d, 0xf8, 0x00, 0x3c, 0x2f, 0x17, 0xeb, 0x3b, 0xd0, 0x0a, 0x7e, 0x3b,
    0x2f, 0xd8, 0x46, 0x3b, 0x30, 0x51, 0xb1, 0x3b, 0x12, 0x00, 0x00, 0x00,
    0x74, 0x66, 0x6c, 0x2e, 0x70, 0x73, 0x65, 0x75, 0x64, 0x6f, 0x5f, 0x71,
    0x63, 0x6f, 0x6e, 0x73, 0x74, 0x33, 0x00, 0x00, 0x04, 0x00, 0x00, 0x00,
    0x3c, 0x00, 0x00, 0x00, 0x01, 0x00, 0x00, 0x00, 0x01, 0x00, 0x00, 0x00,
    0x3c, 0x00, 0x00, 0x00, 0xb2, 0xfa, 0xff, 0xff, 0x00, 0x00, 0x00, 0x01,
    0x14, 0x00, 0x00, 0x00, 0xf4, 0x02, 0x00, 0x00, 0x0a, 0x00, 0x00, 0x00,
    0x00, 0x00, 0x00, 0x02, 0x00, 0x03, 0x00, 0x00, 0x9c, 0xfa, 0xff, 0xff,
    0x08, 0x00, 0x00, 0x00, 0xe8, 0x01, 0x00, 0x00, 0x3c, 0x00, 0x00, 0x00,
    0x00, 0x00, 0x00, 0x00, 0x00, 0x00, 0x00, 0x00, 0x00, 0x00, 0x00, 0x00,
    0x00, 0x00, 0x00, 0x00, 0x00, 0x00, 0x00, 0x00, 0x00, 0x00, 0x00, 0x00,
    0x00, 0x00, 0x00, 0x00, 0x00, 0x00, 0x00, 0x00, 0x00, 0x00, 0x00, 0x00,
    0x00, 0x00, 0x00, 0x00, 0x00, 0x00, 0x00, 0x00, 0x00, 0x00, 0x00, 0x00,
    0x00, 0x00, 0x00, 0x00, 0x00, 0x00, 0x00, 0x00, 0x00, 0x00, 0x00, 0x00,
    0x00, 0x00, 0x00, 0x00, 0x00, 0x00, 0x00, 0x00, 0x00, 0x00, 0x00, 0x00,
    0x00, 0x00, 0x00, 0x00, 0x00, 0x00, 0x00, 0x00, 0x00, 0x00, 0x00, 0x00,
    0x00, 0x00, 0x00, 0x00, 0x00, 0x00, 0x00, 0x00, 0x00, 0x00, 0x00, 0x00,
    0x00, 0x00, 0x00, 0x00, 0x00, 0x00, 0x00, 0x00, 0x00, 0x00, 0x00, 0x00,
    0x00, 0x00, 0x00, 0x00, 0x00, 0x00, 0x00, 0x00, 0x00, 0x00, 0x00, 0x00,
    0x00, 0x00, 0x00, 0x00, 0x00, 0x00, 0x00, 0x00, 0x00, 0x00, 0x00, 0x00,
    0x00, 0x00, 0x00, 0x00, 0x00, 0x00, 0x00, 0x00, 0x00, 0x00, 0x00, 0x00,
    0x00, 0x00, 0x00, 0x00, 0x00, 0x00, 0x00, 0x00, 0x00, 0x00, 0x00, 0x00,
    0x00, 0x00, 0x00, 0x00, 0x00, 0x00, 0x00, 0x00, 0x00, 0x00, 0x00, 0x00,
    0x00, 0x00, 0x00, 0x00, 0x00, 0x00, 0x00, 0x00, 0x00, 0x00, 0x00, 0x00,
    0x00, 0x00, 0x00, 0x00, 0x00, 0x00, 0x00, 0x00, 0x00, 0x00, 0x00, 0x00,
    0x00, 0x00, 0x00, 0x00, 0x00, 0x00, 0x00, 0x00, 0x00, 0x00, 0x00, 0x00,
    0x00, 0x00, 0x00, 0x00, 0x00, 0x00, 0x00, 0x00, 0x00, 0x00, 0x00, 0x00,
    0x00, 0x00, 0x00, 0x00, 0x00, 0x00, 0x00, 0x00, 0x00, 0x00, 0x00, 0x00,
    0x00, 0x00, 0x00, 0x00, 0x00, 0x00, 0x00, 0x00, 0x00, 0x00, 0x00, 0x00,
    0x00, 0x00, 0x00, 0x00, 0x00, 0x00, 0x00, 0x00, 0x00, 0x00, 0x00, 0x00,
    0x00, 0x00, 0x00, 0x00, 0x00, 0x00, 0x00, 0x00, 0x00, 0x00, 0x00, 0x00,
    0x00, 0x00, 0x00, 0x00, 0x00, 0x00, 0x00, 0x00, 0x00, 0x00, 0x00, 0x00,
    0x00, 0x00, 0x00, 0x00, 0x00, 0x00, 0x00, 0x00, 0x00, 0x00, 0x00, 0x00,
    0x00, 0x00, 0x00, 0x00, 0x00, 0x00, 0x00, 0x00, 0x00, 0x00, 0x00, 0x00,
    0x00, 0x00, 0x00, 0x00, 0x00, 0x00, 0x00, 0x00, 0x00, 0x00, 0x00, 0x00,
    0x00, 0x00, 0x00, 0x00, 0x00, 0x00, 0x00, 0x00, 0x00, 0x00, 0x00, 0x00,
    0x00, 0x00, 0x00, 0x00, 0x00, 0x00, 0x00, 0x00, 0x00, 0x00, 0x00, 0x00,
    0x00, 0x00, 0x00, 0x00, 0x00, 0x00, 0x00, 0x00, 0x00, 0x00, 0x00, 0x00,
    0x00, 0x00, 0x00, 0x00, 0x00, 0x00, 0x00, 0x00, 0x00, 0x00, 0x00, 0x00,
    0x00, 0x00, 0x00, 0x00, 0x00, 0x00, 0x00, 0x00, 0x00, 0x00, 0x00, 0x00,
    0x00, 0x00, 0x00, 0x00, 0x00, 0x00, 0x00, 0x00, 0x00, 0x00, 0x00, 0x00,
    0x00, 0x00, 0x00, 0x00, 0x00, 0x00, 0x00, 0x00, 0x00, 0x00, 0x00, 0x00,
    0x00, 0x00, 0x00, 0x00, 0x00, 0x00, 0x00, 0x00, 0x00, 0x00, 0x00, 0x00,
    0x00, 0x00, 0x00, 0x00, 0x00, 0x00, 0x00, 0x00, 0x00, 0x00, 0x00, 0x00,
    0x00, 0x00, 0x00, 0x00, 0x00, 0x00, 0x00, 0x00, 0x00, 0x00, 0x00, 0x00,
    0x00, 0x00, 0x00, 0x00, 0x00, 0x00, 0x00, 0x00, 0x00, 0x00, 0x00, 0x00,
    0x00, 0x00, 0x00, 0x00, 0x00, 0x00, 0x00, 0x00, 0x00, 0x00, 0x00, 0x00,
    0x00, 0x00, 0x00, 0x00, 0x00, 0x00, 0x00, 0x00, 0x00, 0x00, 0x00, 0x00,
    0x00, 0x00, 0x00, 0x00, 0x00, 0x00, 0x00, 0x00, 0x00, 0x00, 0x00, 0x00,
    0x3c, 0x00, 0x00, 0x00, 0xbe, 0x2b, 0xf5, 0x38, 0x26, 0xf0, 0xed, 0x38,
    0x31, 0x37, 0x08, 0x39, 0x9e, 0x47, 0xff, 0x38, 0x91, 0xe6, 0x30, 0x39,
    0x24, 0xcd, 0xc7, 0x38, 0x47, 0x36, 0x1c, 0x39, 0x7a, 0xc9, 0xe4, 0x38,
    0xf7, 0xf4, 0x0b, 0x39, 0x6e, 0x8c, 0x1e, 0x39, 0x68, 0x54, 0xfa, 0x38,
    0x70, 0xd6, 0xeb, 0x38, 0x3a, 0x68, 0x28, 0x39, 0xef, 0xb7, 0x23, 0x39,
    0x4a, 0x06, 0xe3, 0x38, 0x73, 0x2a, 0x3a, 0x39, 0x39, 0xf4, 0x30, 0x39,
    0x34, 0x28, 0x06, 0x39, 0x4b, 0x73, 0x0d, 0x39, 0xfc, 0x42, 0x3f, 0x39,
    0x29, 0xe1, 0x0d, 0x39, 0x3f, 0xc6, 0x24, 0x39, 0xbc, 0x77, 0x72, 0x39,
    0x67, 0xf2, 0xd8, 0x38, 0x4a, 0xde, 0x10, 0x39, 0xbc, 0x3c, 0xec, 0x38,
    0x08, 0xf9, 0x2e, 0x39, 0xe0, 0xc0, 0x0d, 0x39, 0x6c, 0x99, 0x33, 0x39,
    0x70, 0x7d, 0x05, 0x39, 0x7a, 0x41, 0xf9, 0x38, 0x26, 0x64, 0xae, 0x38,
    0xa0, 0xad, 0xd5, 0x38, 0x02, 0xd1, 0x08, 0x39, 0xeb, 0x7f, 0x46, 0x39,
    0x5b, 0x8a, 0xa5, 0x38, 0xd9, 0x82, 0x0b, 0x39, 0x57, 0x8d, 0x0a, 0x39,
    0xc0, 0xc7, 0x13, 0x39, 0x52, 0x0a, 0x02, 0x39, 0x5f, 0x5b, 0xf6, 0x38,
    0x00, 0xd5, 0x15, 0x39, 0x69, 0xc0, 0xfb, 0x38, 0xa3, 0xba, 0xde, 0x38,
    0x39, 0x0e, 0x00, 0x39, 0xdf, 0x80, 0x4c, 0x39, 0x54, 0xb7, 0xc7, 0x38,
    0xad, 0xeb, 0x1a, 0x39, 0xe0, 0x1f, 0x16, 0x39, 0x6a, 0x4f, 0x03, 0x39,
    0x83, 0x8b, 0xac, 0x38, 0x9a, 0xca, 0xc7, 0x38, 0xed, 0x4f, 0xd9, 0x38,
    0xcc, 0x05, 0x52, 0x39, 0x50, 0x65, 0x0f, 0x39, 0x27, 0x93, 0x63, 0x39,
    0xbd, 0x6a, 0x4f, 0x39, 0x42, 0x23, 0xe0, 0x38, 0x03, 0x70, 0xaf, 0x38,
    0xbe, 0x71, 0x1c, 0x39, 0x12, 0x00, 0x00, 0x00, 0x74, 0x66, 0x6c, 0x2e,
    0x70, 0x73, 0x65, 0x75, 0x64, 0x6f, 0x5f, 0x71, 0x63, 0x6f, 0x6e, 0x73,
    0x74, 0x32, 0x00, 0x00, 0x01, 0x00, 0x00, 0x00, 0x3c, 0x00, 0x00, 0x00,
    0xd2, 0xfd, 0xff, 0xff, 0x00, 0x00, 0x00, 0x01, 0x14, 0x00, 0x00, 0x00,
    0x30, 0x00, 0x00, 0x00, 0x09, 0x00, 0x00, 0x00, 0x00, 0x00, 0x00, 0x09,
    0x3c, 0x00, 0x00, 0x00, 0xbc, 0xfd, 0xff, 0xff, 0x08, 0x00, 0x00, 0x00,
    0x10, 0x00, 0x00, 0x00, 0x01, 0x00, 0x00, 0x00, 0x00, 0x00, 0x00, 0x00,
    0x00, 0x00, 0x00, 0x00, 0x01, 0x00, 0x00, 0x00, 0xec, 0x4e, 0x71, 0x3b,
    0x12, 0x00, 0x00, 0x00, 0x74, 0x66, 0x6c, 0x2e, 0x70, 0x73, 0x65, 0x75,
    0x64, 0x6f, 0x5f, 0x71, 0x63, 0x6f, 0x6e, 0x73, 0x74, 0x31, 0x00, 0x00,
    0x02, 0x00, 0x00, 0x00, 0x01, 0x00, 0x00, 0x00, 0x2c, 0x01, 0x00, 0x00,
    0x32, 0xfe, 0xff, 0xff, 0x00, 0x00, 0x00, 0x01, 0x14, 0x00, 0x00, 0x00,
    0x34, 0x00, 0x00, 0x00, 0x08, 0x00, 0x00, 0x00, 0x00, 0x00, 0x00, 0x02,
    0x40, 0x00, 0x00, 0x00, 0x1c, 0xfe, 0xff, 0xff, 0x08, 0x00, 0x00, 0x00,
    0x14, 0x00, 0x00, 0x00, 0x01, 0x00, 0x00, 0x00, 0x00, 0x00, 0x00, 0x00,
    0x00, 0x00, 0x00, 0x00, 0x00, 0x00, 0x00, 0x00, 0x01, 0x00, 0x00, 0x00,
    0xe2, 0x1c, 0x75, 0x38, 0x11, 0x00, 0x00, 0x00, 0x74, 0x66, 0x6c, 0x2e,
    0x70, 0x73, 0x65, 0x75, 0x64, 0x6f, 0x5f, 0x71, 0x63, 0x6f, 0x6e, 0x73,
    0x74, 0x00, 0x00, 0x00, 0x01, 0x00, 0x00, 0x00, 0x01, 0x00, 0x00, 0x00,
    0x92, 0xfe, 0xff, 0xff, 0x00, 0x00, 0x00, 0x01, 0x14, 0x00, 0x00, 0x00,
    0x14, 0x00, 0x00, 0x00, 0x07, 0x00, 0x00, 0x00, 0x00, 0x00, 0x00, 0x02,
    0x1c, 0x00, 0x00, 0x00, 0xd4, 0xfe, 0xff, 0xff, 0x0f, 0x00, 0x00, 0x00,
    0x61, 0x72, 0x69, 0x74, 0x68, 0x2e, 0x63, 0x6f, 0x6e, 0x73, 0x74, 0x61,
    0x6e, 0x74, 0x35, 0x00, 0x01, 0x00, 0x00, 0x00, 0x04, 0x00, 0x00, 0x00,
    0xce, 0xfe, 0xff, 0xff, 0x00, 0x00, 0x00, 0x01, 0x14, 0x00, 0x00, 0x00,
    0x14, 0x00, 0x00, 0x00, 0x06, 0x00, 0x00, 0x00, 0x00, 0x00, 0x00, 0x02,
    0x1c, 0x00, 0x00, 0x00, 0x10, 0xff, 0xff, 0xff, 0x0f, 0x00, 0x00, 0x00,
    0x61, 0x72, 0x69, 0x74, 0x68, 0x2e, 0x63, 0x6f, 0x6e, 0x73, 0x74, 0x61,
    0x6e, 0x74, 0x34, 0x00, 0x01, 0x00, 0x00, 0x00, 0x04, 0x00, 0x00, 0x00,
    0x0a, 0xff, 0xff, 0xff, 0x00, 0x00, 0x00, 0x01, 0x14, 0x00, 0x00, 0x00,
    0x14, 0x00, 0x00, 0x00, 0x05, 0x00, 0x00, 0x00, 0x00, 0x00, 0x00, 0x02,
    0x1c, 0x00, 0x00, 0x00, 0x4c, 0xff, 0xff, 0xff, 0x0f, 0x00, 0x00, 0x00,
    0x61, 0x72, 0x69, 0x74, 0x68, 0x2e, 0x63, 0x6f, 0x6e, 0x73, 0x74, 0x61,
    0x6e, 0x74, 0x33, 0x00, 0x01, 0x00, 0x00, 0x00, 0x04, 0x00, 0x00, 0x00,
    0x46, 0xff, 0xff, 0xff, 0x00, 0x00, 0x00, 0x01, 0x14, 0x00, 0x00, 0x00,
    0x14, 0x00, 0x00, 0x00, 0x04, 0x00, 0x00, 0x00, 0x00, 0x00, 0x00, 0x02,
    0x1c, 0x00, 0x00, 0x00, 0x88, 0xff, 0xff, 0xff, 0x0f, 0x00, 0x00, 0x00,
    0x61, 0x72, 0x69, 0x74, 0x68, 0x2e, 0x63, 0x6f, 0x6e, 0x73, 0x74, 0x61,
    0x6e, 0x74, 0x32, 0x00, 0x01, 0x00, 0x00, 0x00, 0x04, 0x00, 0x00, 0x00,
    0x82, 0xff, 0xff, 0xff, 0x00, 0x00, 0x00, 0x01, 0x14, 0x00, 0x00, 0x00,
    0x14, 0x00, 0x00, 0x00, 0x03, 0x00, 0x00, 0x00, 0x00, 0x00, 0x00, 0x02,
    0x1c, 0x00, 0x00, 0x00, 0xc4, 0xff, 0xff, 0xff, 0x0f, 0x00, 0x00, 0x00,
    0x61, 0x72, 0x69, 0x74, 0x68, 0x2e, 0x63, 0x6f, 0x6e, 0x73, 0x74, 0x61,
    0x6e, 0x74, 0x31, 0x00, 0x01, 0x00, 0x00, 0x00, 0x02, 0x00, 0x00, 0x00,
    0xbe, 0xff, 0xff, 0xff, 0x00, 0x00, 0x00, 0x01, 0x18, 0x00, 0x00, 0x00,
    0x18, 0x00, 0x00, 0x00, 0x02, 0x00, 0x00, 0x00, 0x00, 0x00, 0x00, 0x02,
    0x20, 0x00, 0x00, 0x00, 0x04, 0x00, 0x04, 0x00, 0x04, 0x00, 0x00, 0x00,
    0x0e, 0x00, 0x00, 0x00, 0x61, 0x72, 0x69, 0x74, 0x68, 0x2e, 0x63, 0x6f,
    0x6e, 0x73, 0x74, 0x61, 0x6e, 0x74, 0x00, 0x00, 0x01, 0x00, 0x00, 0x00,
    0x04, 0x00, 0x00, 0x00, 0x00, 0x00, 0x16, 0x00, 0x1c, 0x00, 0x18, 0x00,
    0x17, 0x00, 0x10, 0x00, 0x0c, 0x00, 0x08, 0x00, 0x00, 0x00, 0x00, 0x00,
    0x00, 0x00, 0x07, 0x00, 0x16, 0x00, 0x00, 0x00, 0x00, 0x00, 0x00, 0x01,
    0x20, 0x00, 0x00, 0x00, 0x3c, 0x00, 0x00, 0x00, 0x01, 0x00, 0x00, 0x00,
    0x00, 0x00, 0x00, 0x09, 0x54, 0x00, 0x00, 0x00, 0x0c, 0x00, 0x0c, 0x00,
    0x00, 0x00, 0x00, 0x00, 0x08, 0x00, 0x04, 0x00, 0x0c, 0x00, 0x00, 0x00,
    0x08, 0x00, 0x00, 0x00, 0x10, 0x00, 0x00, 0x00, 0x01, 0x00, 0x00, 0x00,
    0x80, 0xff, 0xff, 0xff, 0xff, 0xff, 0xff, 0xff, 0x01, 0x00, 0x00, 0x00,
    0x14, 0x4d, 0x26, 0x40, 0x1d, 0x00, 0x00, 0x00, 0x73, 0x65, 0x72, 0x76,
    0x69, 0x6e, 0x67, 0x5f, 0x64, 0x65, 0x66, 0x61, 0x75, 0x6c, 0x74, 0x5f,
    0x69, 0x6e, 0x70, 0x75, 0x74, 0x5f, 0x61, 0x75, 0x64, 0x69, 0x6f, 0x3a,
    0x30, 0x00, 0x00, 0x00, 0x03, 0x00, 0x00, 0x00, 0x01, 0x00, 0x00, 0x00,
    0x03, 0x00, 0x00, 0x00, 0x28, 0x00, 0x00, 0x00, 0x0d, 0x00, 0x00, 0x00,
    0xf4, 0x00, 0x00, 0x00, 0xd8, 0x00, 0x00, 0x00, 0xc8, 0x00, 0x00, 0x00,
    0xb8, 0x00, 0x00, 0x00, 0xa4, 0x00, 0x00, 0x00, 0x88, 0x00, 0x00, 0x00,
    0x78, 0x00, 0x00, 0x00, 0x64, 0x00, 0x00, 0x00, 0x50, 0x00, 0x00, 0x00,
    0x3c, 0x00, 0x00, 0x00, 0x28, 0x00, 0x00, 0x00, 0x14, 0x00, 0x00, 0x00,
    0x04, 0x00, 0x00, 0x00, 0x4c, 0xff, 0xff, 0xff, 0x90, 0x00, 0x00, 0x00,
    0x00, 0x00, 0x00, 0x7f, 0x98, 0xff, 0xff, 0xff, 0x2d, 0x00, 0x00, 0x00,
    0x02, 0x00, 0x00, 0x00, 0x00, 0x00, 0x00, 0x2d, 0xa8, 0xff, 0xff, 0xff,
    0x0e, 0x00, 0x00, 0x00, 0x02, 0x00, 0x00, 0x00, 0x00, 0x00, 0x00, 0x0e,
    0xb8, 0xff, 0xff, 0xff, 0x09, 0x00, 0x00, 0x00, 0x04, 0x00, 0x00, 0x00,
    0x00, 0x00, 0x00, 0x09, 0xc8, 0xff, 0xff, 0xff, 0x04, 0x00, 0x00, 0x00,
    0x03, 0x00, 0x00, 0x00, 0x00, 0x00, 0x00, 0x04, 0xd8, 0xff, 0xff, 0xff,
    0x03, 0x00, 0x00, 0x00, 0x03, 0x00, 0x00, 0x00, 0x00, 0x00, 0x00, 0x03,
    0xa8, 0xff, 0xff, 0xff, 0x72, 0x00, 0x00, 0x00, 0x00, 0x00, 0x00, 0x72,
    0xb4, 0xff, 0xff, 0xff, 0x02, 0x00, 0x00, 0x00, 0x00, 0x00, 0x00, 0x02,
    0x0c, 0x00, 0x10, 0x00, 0x0f, 0x00, 0x00, 0x00, 0x08, 0x00, 0x04, 0x00,
    0x0c, 0x00, 0x00, 0x00, 0x06, 0x00, 0x00, 0x00, 0x02, 0x00, 0x00, 0x00,
    0x00, 0x00, 0x00, 0x06, 0xdc, 0xff, 0xff, 0xff, 0x16, 0x00, 0x00, 0x00,
    0x00, 0x00, 0x00, 0x16, 0xe8, 0xff, 0xff, 0xff, 0x8f, 0x00, 0x00, 0x00,
    0x00, 0x00, 0x00, 0x7f, 0xf4, 0xff, 0xff, 0xff, 0x8e, 0x00, 0x00, 0x00,
    0x00, 0x00, 0x00, 0x7f, 0x0c, 0x00, 0x0c, 0x00, 0x0b, 0x00, 0x00, 0x00,
    0x00, 0x00, 0x04, 0x00, 0x0c, 0x00, 0x00, 0x00, 0x81, 0x00, 0x00, 0x00,
    0x00, 0x00, 0x00, 0x7f,
};

const size_t mww_model_data_size = 60568;
